kozterulet;hosszusag;szelesseg;funkcio
Tengelic dűlő;1,9;1,2;kamra
Mozsár utca;2,4;2,7;erkély
Múzeum utca;3,4;4,9;fürdőszoba
Malvin utca;1,2;1;WC
Ráchegy utca;4,1;5,6;nappali
Havasigyopár utca;4;2,3;háló
Tölgy utca;3,2;3,8;gardrób
Pemetefű utca;4;2,6;fürdőszoba
Hungária utca;2,8;2,2;gardrób
Veres utca;1;1,2;WC
Nyárád utca;4,2;3,7;fürdőszoba
Cser utca;3,5;2,8;háló
Dinnyés utca;4;4,7;háló
Szélpart utca;4,3;3,3;háló
Dalos utca;4;2,5;konyha
Bartók Béla tér;4,2;3,8;háló
Völgyalja utca;2,3;2,9;dolgozószoba
Zsák utca;2,7;3,5;háló
Nyugati sor;2,6;3,9;kamra
Pipóhegy utca;4,2;4,5;háló
Tímár utca;2,1;2,3;gardrób
Kisfenyves utca;2,8;3,3;fürdőszoba
Kisvasút sor;4,1;3;háló
Limány köz;1,4;1,3;WC
Turul utca;2,9;2,7;háló
Bulcsú utca;4,2;3,3;háló
Dohánykert utca;3,5;2,7;háló
Gyimesi utca;1,2;1,6;WC
Keszeg utca;2,7;2,6;háló
Szoboszlói út;2,6;3;dolgozószoba
Rózsástelep utca;2,2;2,7;fürdőszoba
Kontyvirág utca;2,1;2,2;háló
Torma utca;3,6;3,8;háló
Lámpás utca;1,9;2,2;erkély
Károli Gáspár utca;3,9;3,6;háló
Almagyar köz;1,5;1,3;WC
Szentháromság utca;3,6;4,7;fürdőszoba
Kard utca;2,7;2,6;gardrób
Csemete utca;2,1;2,7;konyha
Harasztos köz;2;3,2;fürdőszoba
Koszorú utca;2,7;3,5;fürdőszoba
Körtvélyes utca;1,9;1,6;erkély
Ezüstfa utca;2,1;3,4;fürdőszoba
Kisfaludy Sándor út;2,3;4;dolgozószoba
Péchy utca;3,6;2,5;gardrób
Gyevi utca;0,9;0,9;kamra
Faraktár utca;6,1;6;nappali
Fűzfa utca;1;1,2;WC
Kapisztrán út;2,2;2,6;konyha
Tas utca;2,4;3,7;háló
Ajtony köz;2,7;3,8;dolgozószoba
Hegedű utca;1,1;1,2;WC
Rózsamajor köz;2,4;2,8;háló
Pinty utca;3,6;4;háló
Szilvásújfalvi utca;2,8;2,2;erkély
Harmat utca;2,1;4,5;háló
Legátus utca;4,1;2,1;háló
Vályogos utca;1,6;1,7;WC
Cséplő utca;1,2;1,5;WC
Géza utca;1,9;1,1;WC
Szilánk köz;3,2;2,9;kamra
Öreghegy utca;1,3;1,2;WC
Szalonka utca;2;1,2;erkély
Balzsamfű utca;4,7;3,4;háló
Barcaság utca;2;1,7;WC
Józsakert utca;1,5;1;WC
Cserfa utca;4,8;5,1;nappali
Liget utca;2,1;2,5;háló
Szikigyakor utca;5,6;4,4;nappali
Május 1. utca;1,2;1,1;WC
Ungvár utca;2,6;2,7;háló
Kisfenyves utca;4,5;2,5;fürdőszoba
Nyugati sor;1,5;1,1;WC
Szilágyság utca;2,6;2,6;fürdőszoba
Mocsáry Lajos utca;2,6;2,3;erkély
Harangos utca;1,8;2,7;erkély
Benczúr Gyula utca;5;4,1;nappali
Káliz utca;2,7;2;fürdőszoba
Bacsó Béla utca;3,3;3,7;háló
Petresi utca;2,7;2,3;háló
Lakatgyár utca;4,4;4,5;háló
Olasz utca;3;3,7;konyha
Várad utca;2,8;3,1;háló
Basahíd utca;2,7;3,8;háló
Kisbánya utca;1,1;1,5;kamra
Ostoros utca;1,7;1,4;WC
Halastó utca;0,9;0,8;kamra
Veres utca;3,3;2,6;fürdőszoba
Piac utca;2,5;3,2;konyha
Késmárk utca;4,2;4,9;nappali
Várad utca;2,9;3,3;dolgozószoba
Medok utca;3,6;4,6;háló
Vértanú utca;4,2;6;nappali
Vaskapu utca;2,7;2,5;konyha
Acél utca;3,6;2,5;terasz
Fogarasi utca;4,6;3,8;nappali
Vigadó tér;5,9;2,8;konyha
Verőszala utca;5;4,5;háló
Öreghegyi utca;2,8;2,9;fürdőszoba
Kadét utca;2,3;2;gardrób
Nyárád utca;5,2;5,7;konyha
Bognár utca;4,5;4,8;fürdőszoba
Cserfa utca;2,4;2,9;konyha
Gombvirág utca;4;4,5;háló
Lant utca;2,4;3,4;háló
Völgyérhát utca;2,7;3,9;fürdőszoba
Szigony utca;4;3,8;háló
Honvéd utca;2,4;2,3;fürdőszoba
Dáni utca;2,4;2,4;erkély
Telep utca;1,7;2,7;erkély
Acél utca;2,2;3,7;mosókonyha
Csörsz utca;3,4;2,7;dolgozószoba
Tóparti út;3,9;3,8;háló
Hegedű utca;2,5;2,5;fürdőszoba
Gesztenyési út;3,4;4,9;háló
Veres utca;2,9;1,5;erkély
Ostoros utca;3;5;fürdőszoba
Szikra utca;4,9;4,4;nappali
Gyékényesi út;2,8;3,4;kamra
Porzó utca;5;3,6;konyha
Gomba utca;3,4;4,4;háló
Gyimesi utca;2,6;2,2;konyha
Pipóhegy utca;3,5;3,3;háló
Tópart utca;3;3,5;dolgozószoba
Tinódi Sebestyén tér;4;3,5;nappali
Halastó utca;2,3;3,5;háló
Damjanich utca;0,9;0,9;kamra
Gyík utca;4,1;6,8;nappali
Ipar dűlő;5,1;4,4;nappali
Ifjúság útja;4,8;4,7;nappali
Tölgy utca;4,4;2,9;háló
Kinizsi utca;2;2,6;háló
Csörlő utca;2,2;2,7;háló
Ezüstfa utca;2,6;4;háló
Pacsirta köz;4,7;2,4;fürdőszoba
Tölgy utca;2;2,8;kamra
Bordányi köz;3,6;3,2;dolgozószoba
Zárda utca;3,1;4,5;háló
Vöcsök utca;2,5;2,2;konyha
Küküllői utca;3,1;2,6;fürdőszoba
Csipkebogyó utca;4,5;5,4;nappali
Agyagos utca;2,2;3,7;fürdőszoba
Mata János utca;2,9;4,6;fürdőszoba
Agyagos utca;5,5;4,9;nappali
Ujjaskosbor utca;2,6;2,4;fürdőszoba
Basahíd utca;2,9;3,1;konyha
Kapisztrán út;1,4;1,2;WC
Pemetefű utca;3,7;3,2;háló
Nyilassy utca;2;2,5;gardrób
Rutafű utca;2,8;2,6;erkély
Csúcs utca;4,1;4,1;nappali
Borbolya utca;1,1;1,1;WC
Szentiváni dűlő;5,1;2,6;konyha
Bocskai utca;1,8;1,5;WC
Berlini körút;2,6;3,2;háló
Alkony utca;3;2,2;fürdőszoba
Agyagos utca;2,3;1,7;gardrób
Bondorhát utca;0,9;0,8;kamra
Rókus utca;1;1;kamra
Nyitra utca;3,9;2,9;háló
Cser utca;2,6;3,7;háló
Bánki Donát utca;2,4;2,8;dolgozószoba
Béke utca;3,1;2,9;háló
Tündér utca;2,6;2,2;fürdőszoba
Magház utca;3,8;1,7;kamra
Fogarasi utca;5;5,9;nappali
Mátyás király utca;7;4,3;nappali
Kékszőlő utca;2,2;3,5;háló
Dalos utca;2,1;2,7;háló
Tündérhegy utca;2,2;3,2;dolgozószoba
Zsák utca;3,5;3,7;háló
Kisvasút sor;2,1;3,1;kamra
Leánder utca;2,4;3,5;háló
Ív utca;2,4;3,5;terasz
Pelyva utca;3,8;2,5;háló
Apály utca;1,5;1,1;WC
Zsolnai utca;4;2,1;háló
Mata János utca;3,9;4,4;háló
Zárda utca;4,3;2,9;háló
Vájáriskola utca;3,4;3,9;háló
Nagy-Eged utca;2,7;2,7;erkély
Dió utca;3,1;3,5;háló
Május 1. utca;3;2,8;háló
Mézeskard utca;5,9;5,2;nappali
Fürtös köz;1,6;1,9;erkély
Kút utca;3,7;4,2;háló
Átrium köz;2,2;3,9;dolgozószoba
Gomba utca;6,4;6,1;nappali
Piroska tér;2,4;2,3;fürdőszoba
Gyimesi utca;3,9;3,9;gardrób
Bondorhát utca;2,4;3,5;háló
Oltványi utca;3,2;2,7;kamra
Odú utca;2,3;2,3;fürdőszoba
Kékszőlő utca;1,3;1,3;WC
Bárány utca;4,9;4,7;nappali
Gábor Áron utca;4,2;3,9;háló
Sípos köz;2,5;1,8;erkély
Rétikanyar utca;3;2,9;dolgozószoba
Pécsi út;3,6;4,9;háló
Pécsi út;2,8;2,9;erkély
Máglya sor;5,9;3,8;nappali
Medok utca;4,8;4,8;háló
Szarvas tér;4,1;3,3;fürdőszoba
Fogarasi utca;4,3;4,2;háló
Márták dűlő;2,2;2,3;háló
Tócópart utca;4,3;3,1;háló
Gerle utca;2,7;2,8;fürdőszoba
Petőfi Sándor utca;2,3;2,9;fürdőszoba
Hattyas utca;1,6;1,5;WC
Pesti utca;2,3;2,9;erkély
Zárda utca;3;3,1;kamra
Boszorkányfű utca;3;2,4;konyha
Harmat utca;2,6;3,9;dolgozószoba
Regina utca;2,5;4,8;háló
Nagyecsed utca;4,8;4,3;fürdőszoba
Szikes utca;1,2;1,8;kamra
Csipkebogyó utca;4;4,9;konyha
Kölcsey Ferenc tér;2,2;3,8;háló
Mészöly Géza utca;2,2;1,3;erkély
Mécsvirág utca;3,3;3,6;konyha
Eszperantó tér;2,3;1,8;erkély
Sziget utca;1,2;1,9;WC
Kard utca;3,1;2,1;fürdőszoba
Magház utca;2,7;2,6;erkély
Apafi utca;3,9;2,4;háló
Rézvirág utca;2,5;3,4;terasz
Mocsáry Lajos utca;2,7;3;kamra
Nagyfekete út;2,6;2,2;erkély
Vető utca;4,1;4,3;háló
Sípos köz;4,4;3,2;háló
Sajó utca;2,8;3,2;gardrób
Figyelőhalmi út;4,4;4,2;nappali
Vadrózsa sor;5,8;6,2;nappali
Boszorkányfű utca;1,1;1,1;WC
Törköly utca;4;4,5;fürdőszoba
Bodomi út;1,4;1,4;WC
Toldás köz;3,9;2,9;háló
Görgény utca;3,7;2,4;dolgozószoba
Lilla köz;4,8;3,5;konyha
Külüs köz;4,7;5;konyha
Szíjártó köz;2,7;3,1;háló
Gyergyó utca;3,8;4,1;háló
Rézvirág utca;3,9;2,4;gardrób
Platán utca;3,9;3,9;konyha
Ráchegy utca;2;2,3;gardrób
Szikes utca;2,8;2,9;erkély
Akácfa utca;4,7;2,3;konyha
Panoráma tér;2,6;4,4;háló
Köszörűs utca;2,2;2,2;erkély
Tegzes utca;1;0,9;kamra
Úszó utca;2;2,5;fürdőszoba
Pacsirta köz;1,2;1,4;WC
Odú utca;2,6;3,2;háló
Hegyköz utca;1,8;1,8;erkély
Síntelep utca;2,7;2,8;fürdőszoba
Gyergyó utca;2,3;4,1;konyha
Ingovány utca;3,8;3,3;háló
Csikós utca;1,1;1,2;WC
Nagyecsed utca;3,8;3,7;háló
Hadnagy utca;2,6;2,3;háló
Tündérhegy utca;3,6;3,3;háló
Téglagyár utca;2,1;4,4;háló
Kard utca;2,2;3,8;mosókonyha
Madár utca;2,5;2,6;fürdőszoba
Panda tér;3,2;3,1;konyha
Kormorán utca;4,3;3;fürdőszoba
Csákósor utca;2,6;2;háló
Rózsástelep utca;3,8;3,2;háló
Küküllői utca;3,2;2,6;dolgozószoba
Malvin utca;1,4;2,3;erkély
Hegedű utca;1,6;1,4;erkély
Lehel utca;3,1;3,2;fürdőszoba
Guti utca;4,3;5,1;nappali
Paphegy utca;3,6;3,3;kamra
Pék utca;2,9;2,8;fürdőszoba
Gorkij utca;1,1;2;WC
Huba köz;4,2;3,4;háló
Borbála utca;2,3;3,7;kamra
Csöndes utca;3,4;2,7;háló
Törő utca;3,7;3,4;háló
Orgona sor;2,3;2,1;gardrób
Pemetefű utca;2,1;1,6;erkély
Vályogos utca;3,1;2,7;konyha
Pisztácia utca;5;6,7;nappali
Berlini körút;4,8;4,8;háló
Tenkes köz;2,9;2,7;dolgozószoba
Béke utca;3,3;3,5;fürdőszoba
Kecsege utca;2,2;3;háló
Síntelep utca;1,8;1,7;erkély
Iringó utca;0,9;0,8;kamra
Majdáni sor;2,1;2,8;fürdőszoba
Fogarasi utca;2,3;4,4;háló
Vágóhíd utca;2;1,8;gardrób
Ezüst utca;2,3;3,7;háló
Bocskai utca;3,8;2,7;kamra
Hangyás köz;3,6;4,6;háló
Tóth Árpád utca;4;3,5;fürdőszoba
Hentes utca;2,3;4,1;háló
Szentháromság utca;2,5;3,6;terasz
Merkúr utca;2,2;3,9;dolgozószoba
Aranypohár dűlő;1,1;1,2;WC
Rendező tér;3,4;2,1;kamra
Mayer Miklós utca;3,4;2,7;háló
Pisztácia utca;5;4,2;háló
Verőszala utca;3,8;2;gardrób
Cserép köz;2,6;3,8;konyha
Tóparti út;1,1;1,4;WC
Ipar dűlő;4,3;3;háló
Mata János utca;4,9;5,8;nappali
Perczel Mór utca;4,9;4,2;nappali
Tóth Árpád utca;1,2;1,3;WC
Gyulafehérvári utca;4,3;3,7;háló
Dorottya utca;2,3;2,5;dolgozószoba
Csúcs utca;2,6;2,8;háló
Máglya sor;1,7;1,3;erkély
Fokos utca;3,1;3,2;fürdőszoba
Kartács utca;4,4;5,3;nappali
Huba köz;2,3;2,9;háló
Remenyik Zsigmond utca;2,3;2;háló
Gyimes utca;4,3;4,4;háló
Tas utca;0,9;0,8;kamra
Tükrösszív utca;2,9;2;erkély
Guti utca;2,1;2,6;erkély
Emese utca;1,1;1,4;WC
Lomnici utca;2,7;2,6;erkély
Péchy utca;1,1;1,7;WC
Trinitárius utca;3,4;2,8;kamra
Gőz utca;4;3,3;dolgozószoba
8. utca;2,8;3,1;gardrób
Aranylile utca;0,8;1;kamra
József Attila sugárút;4,9;5,4;nappali
Janicsár utca;3,5;2,6;háló
Barcaság utca;2,7;4;dolgozószoba
Olajfa utca;4,4;2,9;háló
Mák utca;1,4;1,3;WC
Szatymazi utca;2,4;2;fürdőszoba
Tábornok utca;3,7;2;háló
Kincseshegy utca;2,1;2,6;fürdőszoba
Kétmalom utca;2,1;3,3;fürdőszoba
Bokréta utca;3,4;3,3;dolgozószoba
Déva utca;1,6;1,3;kamra
Tizeshonvéd utca;4;3,1;háló
Szarkaláb utca;5,3;4;nappali
Arad utca;4,2;4,4;háló
Gyékényesi út;2,5;3,9;kamra
Odú utca;2,5;2;dolgozószoba
Sarlófű utca;3,8;2,4;háló
Görgény utca;3,6;3,4;háló
Veresgyűrű utca;3,6;3,3;konyha
Hatház utca;2,3;2,1;fürdőszoba
Sármás utca;4;4,3;háló
Vágóhíd utca;3,8;2,7;fürdőszoba
Hortenzia utca;3,9;3,4;háló
Ív utca;2;2,8;dolgozószoba
Géza utca;3,1;4,9;háló
István király tér;3,6;4,9;háló
Mata János utca;4,1;3,8;háló
Bazsarózsa utca;2,5;2,3;konyha
Kormorán utca;1,5;1,6;WC
Füzes utca;3,3;3,5;háló
Kisfaludy Sándor út;1,3;1,2;WC
Vadliba utca;2,6;2,4;gardrób
Hajlat utca;2,5;3;fürdőszoba
József Attila sugárút;1,9;1,7;WC
Felsőpércsi utca;2,6;2,5;fürdőszoba
Hattyas utca;4,9;4,8;háló
Főző utca;4,9;3,3;háló
Leánder utca;2,8;2,6;háló
Akácfa utca;4,4;6,7;nappali
Ujjaskosbor utca;2,8;3;fürdőszoba
Agyagos utca;2,7;3,1;háló
Pinty utca;2;4,5;fürdőszoba
Bárány utca;3,3;2,5;háló
Boldizsár utca;4,7;4,5;nappali
Kerékgyártó utca;3,2;3;konyha
Tisza utca;1,4;1;WC
Trafó köz;2,5;3,9;kamra
Barna utca;2,6;4,7;háló
Bondorhát utca;1,3;1,2;WC
Kard utca;5,1;4;konyha
Tímár utca;2,6;4,4;háló
Bartók Béla út;1,3;1,6;kamra
Zsák utca;2,5;3,5;dolgozószoba
Tölgy utca;4,9;4,9;háló
Vénusz utca;3,5;3;fürdőszoba
Szilágyság utca;2,7;4;háló
Vajdahunyad utca;2;2,8;konyha
Kefés utca;2,2;2,4;konyha
Törő utca;1,5;1,2;kamra
Károli Gáspár utca;2;3,6;háló
Küküllői utca;1,3;1,2;WC
Boldizsár utca;4,4;2,1;konyha
Kertész utca;3,5;2,4;háló
Mészöly Géza utca;2,1;4,4;háló
Szömörce utca;2,6;3;fürdőszoba
István út;3,7;2,8;fürdőszoba
Boldizsár utca;1,1;1;WC
Porzó utca;2,1;1,7;kamra
Ungvár utca;2,4;3,8;terasz
Átrium köz;4,6;2,5;háló
Éger utca;1,5;1,1;WC
Richter Gedeon utca;2,6;3,9;háló
Szentmihályteleki utca;2,5;2,6;fürdőszoba
Iszalag út;3,3;3,4;háló
Hegyközség utca;1,2;1,4;WC
Tóth Árpád utca;3,8;3,7;nappali
Pelyva utca;4,8;4,5;nappali
Medok utca;3;3,7;háló
Tárnokfű utca;2,9;3,4;háló
Basahíd utca;3,6;2,1;konyha
Bükkmogyoró utca;1,1;1;WC
Nárcisz utca;3,9;3,1;fürdőszoba
Tükrösszív utca;4,6;4,3;háló
Hajlat utca;2,7;2,9;mosókonyha
Honvéd utca;4,3;4,9;nappali
Pitypang utca;2,2;1,7;kamra
Medok utca;4,5;4,4;háló
Szamóca utca;1,6;1,5;erkély
Szikra utca;6;5,9;nappali
Verőszala utca;2,6;2,2;terasz
Völgyérhát utca;1,8;1,5;WC
Kincseshegy utca;3,7;2,6;háló
Macskási út;1,8;1,5;kamra
Vértanú utca;3,5;4,2;konyha
Mészöly Géza utca;2,4;4,1;háló
Mályva utca;3,7;4,6;fürdőszoba
Zsolnai utca;3;2,2;konyha
Templom köz;4,1;3,4;háló
Kút utca;3,6;3,3;fürdőszoba
Trinitárius utca;3,9;2,6;háló
Öreghegyi utca;2,3;1,8;gardrób
Körtvélyes utca;4,6;4,8;nappali
Küküllő utca;2;1,1;WC
Tóparti út;3,6;4,3;háló
Oltványi utca;3,8;2,4;mosókonyha
Tóth Árpád utca;3,8;5;nappali
Körtöltés utca;3,8;3,9;nappali
Köszörűs utca;1,2;1,2;WC
Fekete István utca;1,4;1,2;WC
Lant utca;1,2;1,5;WC
Késmárk utca;1;1,4;WC
Cinege utca;5;3,7;konyha
Lakatgyár utca;1,4;1,6;kamra
Liliomkert utca;3,3;3,9;dolgozószoba
Huba köz;1,8;1,7;kamra
Honfoglalás utca;2,7;3,8;háló
Szarkaláb utca;2,1;2,1;dolgozószoba
Földibodza utca;2,9;3,3;dolgozószoba
Teve utca;4,2;4,2;háló
Thomas Mann utca;3,8;2,6;háló
Bornemissza utca;4,7;3;háló
Tisza utca;3;4,2;háló
Köteles utca;4,2;5,9;konyha
Guti utca;4,2;2,4;háló
Viola utca;3,8;2,1;háló
Kartács utca;2,8;3;háló
Medok utca;2,2;3,9;kamra
Borbolya utca;3,7;2,6;háló
Pipóhegy utca;3,8;3,3;háló
Vaszy Viktor tér;3,2;4,1;háló
Szeremlei utca;0,9;0,9;kamra
Maklári út;3;4;háló
Ady park;2,7;3,6;háló
Márták dűlő;0,9;0,8;kamra
Hell Miksa utca;3,5;3,3;dolgozószoba
Tomori Pál utca;4,2;3,6;háló
Bokros utca;1,6;1,5;erkély
Pilinszky János utca;3,3;3,4;fürdőszoba
Kolónia utca;2;3,5;háló
Medok utca;3,4;2,8;gardrób
Harangos utca;4;3,8;nappali
Szólát utca;3,6;2,2;háló
Ifjúság útja;5,3;3,9;nappali
Apály utca;3,1;2,4;háló
Ráchegy utca;2,1;2,5;dolgozószoba
Majdáni sor;5,2;3,7;nappali
Csúcs utca;3;1,9;kamra
Külüs köz;4;3,9;háló
Tóparti út;2,8;3,5;dolgozószoba
Csertő utca;2,8;3,2;háló
Eszperantó tér;2,9;3,5;konyha
Sármás utca;3,2;3,6;háló
Daru utca;3,2;3,2;háló
Olasz utca;2,1;2,2;dolgozószoba
Bimbó utca;1,7;1,4;erkély
Magház utca;4,5;4,8;háló
Richter Gedeon utca;4,1;3,1;háló
Káka utca;2,9;4;háló
Átrium köz;3,8;4,1;háló
Zárda utca;2,5;4,2;konyha
Kisfenyves utca;3,3;3,7;háló
Platán utca;2,6;2,5;háló
Napfény utca;2,6;3,4;háló
Szamóca utca;2,5;2,3;háló
Szeremlei utca;2,2;2,1;fürdőszoba
Fogarasi utca;2;2,1;gardrób
Pék utca;3,9;2,1;háló
Töviskes utca;3,4;2,2;dolgozószoba
Hegyköz utca;4,4;2,5;háló
Ladik utca;2,9;3;háló
Hortenzia utca;3,8;4,4;háló
Éva utca;3,7;3,3;dolgozószoba
Mészöly Géza utca;2,3;3,3;fürdőszoba
Vízimolnár utca;1,8;1,7;kamra
Ujjaskosbor utca;1,2;1;WC
Lant utca;3,2;2,2;háló
Ujjaskosbor utca;4,4;3,7;háló
Síp utca;3;4,3;fürdőszoba
Verőszala utca;2,5;4;kamra
Déva utca;2,7;3,3;konyha
Monostorerdő köz;2,1;2,3;fürdőszoba
Kövirózsa utca;3,7;3,4;háló
Agyagos utca;4,4;3,7;háló
Hatvan utca;2,3;3,6;konyha
Merkúr utca;2;2,9;háló
Múzeum utca;2,5;3,3;terasz
Alkony utca;3,4;2,2;háló
Úszó utca;0,8;0,9;kamra
Barcaság utca;3,8;3,7;háló
Tábornok utca;1,4;1,5;WC
Máglya sor;3,4;3,8;háló
Baross utca;2,2;2,2;mosókonyha
Arató utca;5,1;3,6;nappali
Küküllői utca;3;3,9;konyha
Verőszala utca;2,7;2,8;kamra
Mátyás király utca;3,7;3,6;háló
Hungária utca;3,1;4,9;konyha
Lant utca;2,2;2,2;fürdőszoba
Éger utca;1,6;1,9;WC
Parittya utca;2,7;2,9;háló
Bartók Béla tér;3,2;2,1;háló
Ív utca;2,7;3,3;gardrób
Leányka utca;1;2,4;erkély
Cserép köz;2,8;3,5;konyha
Dandár utca;2,9;2,1;erkély
Petresi utca;2,2;2,3;gardrób
Lant utca;0,9;0,9;kamra
Mézeskalácsos utca;3,4;3,6;konyha
Herke utca;3,1;2;háló
Nagy-Eged utca;2,3;3,4;gardrób
Vaszy Viktor tér;2,6;3,5;háló
Mókus utca;2,4;1,8;erkély
Hadnagy utca;3,5;2,8;fürdőszoba
Nagykőporos út;4,7;5,3;nappali
Kecskeméti utca;3,5;3,3;háló
Kormorán utca;4,2;3;fürdőszoba
Stadion utca;2,3;3,1;kamra
Őszapó utca;1,2;1,1;WC
Eszperantó tér;3,2;3,5;dolgozószoba
Szérűskerti sor;3,9;4;háló
Káliz utca;0,9;0,8;kamra
Vénusz utca;2;1,2;WC
Bodrog utca;1,2;1,2;kamra
Pancsovai utca;3,4;3;dolgozószoba
Nagyfekete út;4,9;4,7;nappali
Rózsamajor köz;1,3;1;WC
Lehel utca;2,7;2,3;kamra
Vető utca;6,8;6,3;nappali
Ostoros utca;3,9;3,9;háló
Szepesi utca;3,9;4,1;háló
Veresgyűrű utca;2,3;2,4;erkély
Mészöly Géza utca;3,6;4;háló
Pincés utca;3,3;3,1;konyha
Rókus utca;2,5;2,4;erkély
Toldás köz;5;3,1;háló
Teve utca;4,2;4,4;fürdőszoba
Krisztina utca;2,6;2,3;fürdőszoba
Szikes utca;2;2,5;fürdőszoba
Limány köz;2;2,4;háló
Vető utca;2,6;3,8;terasz
Ambrus utca;4,1;4,7;háló
Tópart utca;4,5;5,7;nappali
Trencsén utca;3,4;3,1;háló
Kamilla utca;2;3,7;dolgozószoba
Báthori utca;1,7;1,6;WC
Gábor Áron utca;4;4,9;nappali
Platán utca;0,9;0,9;kamra
Déri tér;1,2;1;kamra
Petresi utca;3,2;2,1;konyha
Méheskert utca;2,8;3,6;háló
Csipkebogyó utca;2,4;2,3;gardrób
Pacsirta utca;4,1;3,7;nappali
Kálmos utca;2,5;2,9;dolgozószoba
Mezőhegyi út;2,4;2,4;fürdőszoba
Dorogi utca;6;4,8;nappali
Vöcsök utca;2,7;4,4;konyha
Vájáriskola utca;1,5;1,9;kamra
Cséplő utca;2,6;3,1;háló
Halasi utca;2,9;3,4;háló
8. utca;2,8;3,3;háló
Vízimolnár utca;3,4;2,7;háló
Mandula utca;3,2;3,8;háló
Pinty utca;3,9;3,7;kamra
Csertő utca;1,2;2;kamra
Vízimolnár utca;3,3;2;dolgozószoba
Verőszala utca;2,7;2,3;erkély
Krónikás utca;2,1;4;terasz
Basahíd utca;3,9;2,2;konyha
Vályogos utca;6,2;4,2;nappali
Homoródi utca;3,6;3,9;dolgozószoba
Öreghegyi utca;4,4;3,2;háló
Görgény utca;2,5;2;háló
Pécsi út;3,1;3,5;konyha
Remenyik Zsigmond utca;2,4;2,2;konyha
Malvin utca;3,1;3;háló
Budapesti út;2,4;2,4;gardrób
Vadkerti tér;3,5;4,4;fürdőszoba
Védőnő utca;1,3;1,1;WC
Kórház utca;3,9;4,3;háló
Hattyas utca;1,6;2;WC
Liliomkert utca;2,7;2,1;terasz
Kút utca;2,1;1,6;gardrób
Malvin utca;3,4;2,5;háló
Szikigyakor utca;4;3,6;nappali
Perczel Mór utca;2,5;3,7;háló
Vásárhelyi Pál utca;2,1;1,7;erkély
Tank utca;4,9;5;nappali
Avar köz;1,3;1,5;erkély
Mézeskard utca;2,3;3,2;dolgozószoba
Déri tér;2,5;1,5;gardrób
Marostorok utca;3,9;2,6;fürdőszoba
Szövetkezeti út;3,9;4,4;háló
Törő utca;1,8;2,8;erkély
Ostoros utca;2,8;2,8;háló
Pápai utca;2,1;2,3;konyha
Gyékényesi út;4,8;4,4;konyha
Iszalag út;2,4;3,8;konyha
Ipar dűlő;4,3;4,1;háló
Boszorkánysziget utca;1,2;1,2;WC
Sziget utca;2,5;2,7;háló
Kölcsey Ferenc tér;2;2,1;háló
Trafó köz;3,5;4,1;háló
Várad utca;2;2,3;gardrób
Téglaverő utca;3,3;3,8;konyha
Szólát utca;1,1;1,8;erkély
Tomori Pál utca;6;6,6;nappali
Kórház utca;2,7;2;kamra
Hungária utca;3,6;3,4;terasz
Ajtony köz;3,9;3,3;terasz
Közép fasor;1,7;2,1;erkély
Thomas Mann utca;1,3;1,2;WC
Galagonya utca;3,3;3,3;dolgozószoba
Almagyar köz;6,1;4,3;nappali
Kard utca;4,5;3,6;konyha
Vízimolnár utca;5;5,1;nappali
Piac utca;0,9;1;kamra
Rózsamajor köz;0,9;0,8;kamra
Szarkaláb utca;2,5;4,4;háló
Szólát utca;1;0,8;kamra
Berlini körút;4,6;3,4;fürdőszoba
Regina utca;6,9;6,7;nappali
Lakatgyár utca;2,2;2,3;háló
Déri tér;4,3;5,2;nappali
Palánták dűlő;0,9;0,8;kamra
Tüzér utca;2,7;3,5;konyha
Görgény utca;2,1;3;konyha
Martinka sor;1,2;2,5;erkély
Páfrány utca;3,9;3,6;háló
Kálmos utca;2,6;2,6;fürdőszoba
Föld utca;4,5;5,5;konyha
Szentmihályteleki utca;2;2,4;fürdőszoba
Népkert sor;3,6;4;háló
Bocskai utca;3,4;3,2;gardrób
Lant utca;3,9;3,9;konyha
Rózsástelep utca;3,5;2,8;konyha
Lakatgyár utca;4;3,9;háló
Máglya sor;2;1,7;gardrób
Vértanú utca;4,1;3,3;konyha
Homoródi utca;4,8;4,8;nappali
Krónikás utca;6,3;6,9;nappali
Vénusz utca;4,6;3,6;háló
Nagybecskereki utca;3;2,3;fürdőszoba
Zsurló utca;2,3;3,9;háló
Olajfa utca;5,7;3,9;konyha
Trafó köz;1,7;1,4;WC
Vág utca;3,1;3,2;háló
Kétmalom utca;4,2;4,4;konyha
Fenyő utca;4;4,7;háló
Sóvirág út;6,4;6,2;nappali
Déri tér;3,2;3,1;fürdőszoba
Ív utca;5,7;3,3;konyha
Bodomi út;2,2;1,1;erkély
Bokros utca;4;3;háló
Zsurló utca;4,6;4,9;nappali
Május 1. utca;3,2;4;fürdőszoba
Palotás utca;2,4;4,5;fürdőszoba
Szélpart utca;2,7;3,9;gardrób
Bartók Béla út;3,9;3,6;fürdőszoba
Apály utca;3,1;2,8;háló
Rosta köz;1,9;1,8;gardrób
Ág utca;3,9;3,1;mosókonyha
Sajtoló utca;2,3;2,6;háló
Vető utca;2,8;4,8;háló
Balaton utca;4,4;2,3;háló
Mézeskard utca;3,1;5,1;konyha
Tárnokfű utca;2,1;3;háló
Hegyköz utca;2,5;3,4;dolgozószoba
Föltámadás utca;2,3;3,1;háló
Olajfa utca;1,6;1,3;WC
Unokakert utca;1,3;1,1;WC
Fogarasi utca;3;2;háló
Daru utca;3,1;2,6;háló
Vaskapu utca;1,9;2,3;gardrób
Rézvirág utca;3,3;2,2;fürdőszoba
Kaszás utca;1,3;1;WC
Kormorán utca;3,9;2,8;gardrób
Palóc utca;4,2;3;háló
Bimbó utca;2,6;2;konyha
Vályogos utca;2,6;3,5;mosókonyha
Zöldmező utca;1,7;3,1;kamra
Hangyás köz;3,9;2,6;háló
Nagy-Eged utca;2,4;2,8;fürdőszoba
Orsolya utca;2,5;3,9;gardrób
Porzó utca;3,4;4;dolgozószoba
Harkály utca;1,1;1,4;WC
Hajós Alfréd utca;1,3;1,2;WC
Kalász utca;2,5;3,2;konyha
Kormorán utca;4,2;3,4;háló
Boszorkányfű utca;4,9;4,3;nappali
Ág utca;2,9;2,7;erkély
Szikra utca;4;3,2;háló
Mikepércsi út;4,1;2,2;háló
Tóth Árpád utca;1,9;1,4;erkély
Fürtös köz;3;2,5;háló
Zsoldos köz;3,9;2,9;háló
Gesztenyési út;2,7;2;fürdőszoba
Bokros utca;1,5;1,2;WC
Bacsó Béla utca;3,2;3,8;háló
Harcos sor;2,3;3,2;gardrób
Bánk bán utca;3,4;3,4;dolgozószoba
Martinka sor;4,3;4,4;nappali
Vértanú utca;4,6;3,7;háló
Kisszőlő utca;2,5;3,6;fürdőszoba
Vécsey utca;3,4;5;háló
Bóbita utca;2,9;2,3;háló
Nyárád utca;2,5;5;háló
Barackos utca;2,2;1,8;erkély
Knézich Károly utca;2,2;3,8;fürdőszoba
Richter Gedeon utca;1,7;2,2;gardrób
Hajnalka utca;1,9;2,4;gardrób
Páfrány utca;3,1;2,7;dolgozószoba
Ráchegy utca;4,3;4,7;nappali
Szikigyakor utca;3,8;4,1;háló
Homoródi utca;3,5;2,8;háló
Keszi utca;2,4;2,4;erkély
Füzes utca;1,8;1,2;WC
Hentes utca;4,9;4,5;nappali
Kisfenyves utca;2,2;2,8;dolgozószoba
Rétikanyar utca;2,8;2;konyha
Rozmaring utca;1,5;1,8;WC
Bulcsú utca;3,9;4;háló
Halastó utca;2;2,5;fürdőszoba
Pápai utca;4,1;3,2;háló
Perczel Mór utca;1,4;1,3;WC
Vadmálna utca;4,3;2,8;háló
Holdsugár utca;4,9;4,8;nappali
Guti utca;3,2;2,3;fürdőszoba
Kabar utca;2,4;4,2;fürdőszoba
Bürök utca;3,1;3,1;terasz
Újhelyi köz;3,9;3,8;mosókonyha
Ujjaskosbor utca;2,5;2,7;erkély
Fogarasi utca;2;3,1;háló
Ezüstnyár utca;3,2;3,5;konyha
Föld utca;1,2;1,2;WC
Gőz utca;3,3;3,7;háló
Harangos utca;4,5;2,5;háló
Keszi utca;3,1;3,3;háló
Kormosalma utca;4;4,6;háló
Jáger utca;3,4;2,1;konyha
Maklári út;2,7;3,7;fürdőszoba
Zsombolyai utca;2,1;2,1;háló
Bondorhát utca;3,4;2,8;konyha
Bem utca;2,2;2,4;erkély
Péczely utca;3,3;2,5;konyha
Hortenzia utca;2,1;2;gardrób
Csúcs utca;2,6;4,4;háló
Karinthy Frigyes utca;2,7;3,5;fürdőszoba
Cser utca;3,1;2,9;háló
Ujjaskosbor utca;3,5;2,4;háló
Rétikanyar utca;1,1;1,2;WC
Törő utca;2,3;2,3;gardrób
Hajlat utca;4,1;4,4;háló
Templom köz;2;4,4;háló
Kisállomás utca;3,5;3,9;nappali
Déri tér;3,5;4,4;háló
Szotyori utca;4;3,8;háló
Borbíró tér;6,7;6,8;nappali
Guti utca;4,7;5,5;nappali
Veres utca;2;3,9;dolgozószoba
Martinovics utca;2,1;3,3;fürdőszoba
Görgey utca;2,2;3,9;gardrób
Csikós utca;2,8;2,9;fürdőszoba
Dorozsma utca;2,5;2,3;fürdőszoba
Vécsey utca;3,9;3,2;fürdőszoba
Bükkmogyoró utca;1,8;1,1;erkély
Toldás köz;3,9;2,2;kamra
Só utca;2,4;3,1;konyha
Sarlófű utca;4,1;3,5;háló
Téglagyár utca;3,5;3,7;háló
Liliomkert utca;2,9;4,9;háló
Harangos utca;2,8;2,4;fürdőszoba
Körtöltés utca;2,4;2,5;háló
Lőcsei utca;0,8;0,9;kamra
Fokos utca;4,3;3,6;háló
Krónikás utca;1,5;1,4;WC
Pemetefű utca;1,2;1,2;WC
Hadnagy utca;3,5;4,2;háló
Lévai Béla utca;2,2;2,5;konyha
Vág utca;4;4;háló
Dáni utca;3,7;2,1;háló
Zárda utca;2,5;2,9;dolgozószoba
Kard utca;4,3;3,2;fürdőszoba
Ív utca;2,4;2,2;erkély
Dohánykert utca;1,4;1,5;kamra
Héja utca;3,6;3,6;konyha
Téglaverő utca;2,7;2,4;fürdőszoba
Ormós Lajos utca;2,1;3;fürdőszoba
Tölgy utca;6,1;4,7;nappali
Toldás köz;5,5;6,2;nappali
Hátszegi utca;0,9;1;kamra
Zsurló utca;2,8;2,3;fürdőszoba
Törő utca;3,1;2,4;fürdőszoba
Cserfa utca;4,2;2,8;konyha
Tündérhegy utca;4,9;3,8;nappali
Mézesbáb utca;4,6;2,6;fürdőszoba
Szamóca utca;3,9;3,5;konyha
Kincseshegy utca;2,8;3,3;háló
Verőszala utca;3,7;3,1;háló
Lóverseny utca;4,4;3,3;fürdőszoba
Pinty utca;2,8;3,7;háló
Szarvas tér;1,9;4;kamra
Kisvasút sor;2,9;3,9;gardrób
Makó utca;1,1;1,9;WC
Síntelep utca;3,6;3,7;konyha
Cserép köz;3,7;2,5;konyha
Acél utca;3,1;2,8;dolgozószoba
Perczel Mór utca;3,7;2,3;dolgozószoba
Toldás köz;1;1,2;WC
Balaton utca;4;5,1;nappali
Nagy Jenő utca;3,3;3,5;háló
Fenyő utca;3,4;3,5;fürdőszoba
Varsa utca;2,6;3,4;háló
Kecsege utca;4,7;3,9;nappali
Leányszállás köz;2,4;2,2;háló
Gyimesi utca;5,3;4,3;nappali
Lehel utca;2,6;4,7;háló
Héja utca;3,8;3,7;dolgozószoba
Szikigyakor utca;4,5;5,6;nappali
Salétrom utca;3,3;3;háló
Kőrösmező utca;0,9;1;kamra
Szilágyság utca;2,8;2,1;konyha
Madár utca;2;1,8;erkély
Törökverő utca;3,5;4,1;háló
Fokos utca;2;1,9;gardrób
Huba köz;3,3;2,1;dolgozószoba
Vág utca;2,5;2,2;gardrób
Trinitárius utca;4,2;3,8;fürdőszoba
Papzug utca;5,6;4,1;nappali
Csereág utca;2,9;2,9;fürdőszoba
Ingovány utca;3,1;4,4;konyha
Hatvan utca;3,2;3,1;háló
Veresgyűrű utca;2,7;3,4;háló
Ajtony köz;1,8;1,7;WC
Csikós utca;3,5;3,8;háló
Pihenő utca;3,4;2,8;háló
Kerekerdő utca;1;0,9;kamra
Tócópart utca;5;3,5;fürdőszoba
Felhő utca;4,4;4,3;háló
Kórház utca;2,4;3,1;fürdőszoba
Gyimesi utca;2,9;3,3;terasz
Galagonya utca;5,2;6;nappali
Nagy-Eged utca;2,1;2,2;fürdőszoba
Péchy utca;4,6;4,6;háló
Bocskai utca;4,6;4,7;háló
Szarvas tér;4,4;4,4;fürdőszoba
Havasigyopár utca;4,2;4,2;háló
Vadliba utca;3,8;3,8;kamra
Baross Gábor utca;3;2,6;fürdőszoba
Kinizsi Pál utca;4,1;4,2;háló
Szilvásújfalvi utca;3,2;2,9;háló
Tegzes utca;2,8;2,3;háló
Vereshomok dűlő;3,3;3,8;háló
Pemetefű utca;4,4;4;háló
Arad utca;1,6;1,2;WC
Sövény utca;2,5;2,8;fürdőszoba
Szamóca utca;1;1;kamra
Kartács utca;4,3;3,4;háló
Holdsugár utca;2,1;1,5;gardrób
Zsurló utca;3,2;2,3;dolgozószoba
Bányász utca;3,7;3,7;háló
Balzsamfű utca;1,1;1,1;WC
Öreghegyi utca;3,4;2,2;konyha
Zsurló utca;2,3;2,9;fürdőszoba
Árnyas utca;5,3;5,7;nappali
Éger utca;1,8;1,5;kamra
Szélpart utca;2,4;3,8;fürdőszoba
Acél utca;2,4;2,9;fürdőszoba
Gyertyaöntő utca;4,6;5;nappali
Baltacin utca;2,1;2,3;gardrób
Nagybecskereki utca;2,5;3,2;háló
Csurgó utca;3,1;3,9;dolgozószoba
Kard utca;3;3,5;fürdőszoba
Felhő utca;1,9;2,4;gardrób
Emese utca;2,3;3,1;háló
Nagyfekete út;4;3,4;háló
Dinnyés utca;1;1,3;WC
Vöcsök utca;2,8;2,5;háló
Rézöntő utca;2,1;3,6;dolgozószoba
Kereskedő köz;2,9;2;fürdőszoba
Ráchegy utca;2,5;2,1;gardrób
Boszorkányfű utca;3,7;3,5;fürdőszoba
Örökzöld köz;2,1;2,3;konyha
Medok utca;1,5;1,2;WC
Harangos utca;3,3;2,6;háló
Basahíd utca;2,2;3,3;dolgozószoba
Csörlő utca;3,8;2,3;dolgozószoba
Síntelep utca;2,1;1;erkély
Thomas Mann utca;2;2,3;dolgozószoba
Iringó utca;2,6;2;fürdőszoba
Acél utca;4,7;2,2;konyha
Pasztinák köz;3,2;2,8;fürdőszoba
Küküllő utca;2,5;2;fürdőszoba
Cifrakapu utca;6;5;konyha
Toldás köz;4;4,5;háló
Vásártér sor;4,9;4,9;háló
Tüzép köz;0,8;0,9;kamra
Bárány utca;3,9;3,9;dolgozószoba
Csutorás utca;0,9;1;kamra
Téglagyár utca;4;2,1;konyha
Törköly utca;2,1;2,9;terasz
Töhötöm utca;2,9;2,6;erkély
Gomba utca;4,2;4,3;fürdőszoba
Boldizsár utca;2,9;3,9;háló
Legátus utca;3,2;2,4;konyha
Széperdő utca;2,2;2,5;gardrób
Balzsamfű utca;6,3;5;nappali
Rahói utca;4,2;5;nappali
Pacsirta utca;2,7;3,6;konyha
Oltványi utca;2,8;2,4;erkély
Küküllői utca;2,4;2,7;erkély
Csikós utca;3,1;3,8;fürdőszoba
Arató utca;2,9;3,5;konyha
Kisszőlő utca;2,9;2,2;háló
Malajdok út;3,8;3,6;konyha
Vándor köz;1,3;1,5;erkély
Szömörce utca;3,1;2,2;háló
Déri tér;2,5;1,6;gardrób
Rebarbara utca;2,4;2,6;fürdőszoba
Csurgó utca;1,9;1,7;WC
Erzsébet utca;1;0,9;kamra
Rézöntő utca;2,5;3,1;háló
Vécsey utca;2,2;3,9;konyha
Méheskert utca;4,1;3,5;nappali
Kacagány utca;2,9;2,6;fürdőszoba
Kormosalma utca;1,8;1,1;WC
Tükrösszív utca;4,4;2,9;háló
Kece utca;2;3,4;kamra
Pacsirta köz;5;2,2;konyha
Szikra utca;2,4;3,6;fürdőszoba
Kozma utca;2,3;2,2;háló
Házgyári út;3,7;3,4;háló
Aranypohár dűlő;3,6;2,8;háló
Felsőpércsi utca;2,6;2,9;háló
Vásárhelyi Pál utca;3;2,7;konyha
Nagyecsed utca;2,4;2,5;erkély
Napfény utca;3,7;4,8;nappali
Ókút utca;2,1;2,3;fürdőszoba
8. utca;3,3;3,9;dolgozószoba
Kondorosiér út;1;0,8;kamra
Mókus utca;3;2,5;háló
Cserfa utca;3,9;2,3;terasz
Géza utca;2,4;2,3;gardrób
Fekete István utca;0,9;1;kamra
Ujjaskosbor utca;4,2;5,4;nappali
Holdsugár utca;2,9;3,4;háló
Törökverő utca;3,7;2,1;kamra
Liget sor;3,3;3,3;kamra
Kormorán utca;4,6;4,2;háló
Szamóca utca;3,3;3,4;konyha
Bocskai utca;3,8;3,4;háló
Magház utca;2,8;3,7;fürdőszoba
Szélső sor;3,4;3,2;háló
Csöndes utca;2,8;3,7;háló
Várad utca;2,7;4,8;konyha
Harkály utca;3,7;2,9;fürdőszoba
Lehel utca;3,5;5,5;konyha
Hajlat utca;3;3,6;kamra
Gyimes utca;1,7;1,5;erkély
Bajza utca;3;2,8;háló
Mazsola utca;2,2;3,9;háló
Figyelőhalmi út;3,7;3,8;dolgozószoba
Szordasi út;3,7;3,8;háló
Nyárád utca;3,1;4,6;konyha
Kis-Tisza utca;2,5;4,3;háló
Tündérhegy utca;1,1;1,1;erkély
Bartók Béla út;1,4;1,3;WC
Nagy-Eged utca;5,5;2,2;konyha
Bárány utca;1,6;1,9;erkély
Lehel utca;3,7;2,7;fürdőszoba
Tisza utca;2,2;3,1;háló
Akácfa utca;3,2;3,8;háló
Kisszőlő utca;3,5;2,5;dolgozószoba
Csertő utca;3,4;3,3;háló
Aranyosi utca;2,7;5;konyha
Pákász utca;1,3;1,1;WC
Borbíró tér;2,1;3,4;dolgozószoba
Nyárfa utca;2,2;3,8;fürdőszoba
Károli Gáspár utca;1,9;2,3;erkély
István út;2,1;2,4;konyha
Tegzes utca;2,8;2,2;fürdőszoba
Hadnagy utca;3,5;3,7;háló
Boszorkányfű utca;3,1;2,4;háló
Ezüstfa utca;2,3;2,6;konyha
Lehel utca;3,1;2,7;terasz
Vadrózsa sor;3,8;2,2;terasz
Paphegy utca;3,1;3;fürdőszoba
Veres utca;3,7;2,5;háló
Déva utca;1,4;1,1;WC
Fenyőmag utca;6,8;4,6;nappali
Erzsébet utca;1;1,2;WC
Baross Gábor utca;4,8;4,6;nappali
Vöcsök utca;1,3;1,4;WC
Dorogi utca;2,2;2,1;erkély
Törköly utca;4,2;5,3;nappali
Hajnalka utca;3,9;3,4;fürdőszoba
Magház utca;2,1;4,8;fürdőszoba
Vályogos utca;1,7;1,8;kamra
Károli Gáspár utca;1,6;1,7;gardrób
Bajonett utca;2,6;3,7;háló
Nagydobos utca;1,6;1,6;kamra
Fecske köz;3,8;3,1;háló
Kis-Tisza utca;2,7;1,6;erkély
Balzsamfű utca;1,3;1,7;WC
Ispotály utca;2,6;4,4;háló
Ungvár utca;3,7;3,2;kamra
Fóliás utca;2,6;4,8;háló
Költő utca;3,5;3,9;háló
Körtvélyes utca;3,2;3,6;háló
Bem utca;4,8;3,9;háló
Majdáni sor;3,8;4,4;nappali
Fonatos utca;3,2;3,1;fürdőszoba
Mézesbáb utca;2,6;2,6;dolgozószoba
Felsőpércsi utca;0,9;1;kamra
Munkácsy Mihály utca;3,9;5,7;nappali
Margitvirág utca;2;3,3;konyha
Hasító utca;2,1;2,9;fürdőszoba
Koszorú utca;2,3;2,4;erkély
Kadét utca;5,9;5,7;nappali
Pinty utca;4,8;4,7;nappali
Lóding utca;0,9;0,9;kamra
Görgény utca;3,9;2,1;háló
Zsombolyai utca;1,3;1,3;WC
Szentháromság utca;2,8;3,8;konyha
Szentháromság utca;4,9;2,8;háló
Kiskút utca;2,7;3,9;fürdőszoba
Margitvirág utca;3,1;3,7;kamra
Szarvas tér;3,6;4;terasz
Avar köz;2,8;3,4;háló
Köteles utca;2,4;2,4;erkély
Orgona sor;4,2;2,2;konyha
Ady köz;3;3,3;konyha
Jázmin utca;3,8;3,5;terasz
Sajó utca;2,3;3,6;dolgozószoba
Sármás utca;4,7;6;nappali
Csertő utca;3;2,3;háló
Nagyrét utca;3,9;5,8;nappali
Múzeum utca;4;4,3;fürdőszoba
Agyagos utca;2,9;1,4;erkély
Pécsi út;5,6;4,8;nappali
Törökverő utca;3,4;3,4;dolgozószoba
Ív utca;3,8;2,6;kamra
Fokos utca;1,4;1,9;kamra
Köszörűs utca;2,2;2,8;háló
Átrium köz;5,3;2,3;konyha
Dorozsma utca;2,4;3;konyha
Tóth Árpád utca;4;5,8;nappali
Vértanú utca;1,6;3,1;kamra
Kölcsey Ferenc tér;1,8;1,9;gardrób
Vigadó tér;2,2;2,6;gardrób
Kékszőlő utca;1,8;1;kamra
Porzó utca;4,6;4,4;fürdőszoba
Radnóti utca;1,1;1,4;kamra
Kövirózsa utca;3,6;3,6;terasz
Baross utca;1,7;3;kamra
Küküllői utca;4,4;3,8;háló
Ezerjó utca;3,7;4,8;nappali
Péterfia dűlő;2,2;1,8;gardrób
Tegzes utca;3,7;3,2;konyha
Kormosalma utca;2,3;2,1;mosókonyha
Harsona utca;1,2;1,9;WC
Acél utca;4,9;4,6;háló
Rozmaring utca;4,7;4,1;nappali
Fokos utca;5,3;3,8;nappali
Szamóca utca;1,5;1,4;WC
Hegedű utca;2,2;2,2;háló
Mészöly Géza utca;2;1,8;gardrób
Tas utca;2,1;2,8;fürdőszoba
Zöldmező utca;5,4;5,2;konyha
Bartók Béla út;1,3;1,5;WC
Napfény utca;2,5;2,3;konyha
Lenkei János utca;3,9;3,3;háló
Öreghegy utca;1,9;1,5;erkély
Rózsavölgy utca;0,9;0,8;kamra
Kalász utca;2,2;2,3;erkély
Dévai utca;1;0,9;kamra
Porzó utca;6,4;6,7;nappali
Lant utca;2,3;2,3;háló
Bornemissza utca;3;4,1;fürdőszoba
Medok utca;4,8;4,1;fürdőszoba
Vértanú utca;3,4;4,2;fürdőszoba
Hárs utca;3,8;2,9;fürdőszoba
Gomba utca;5,9;6,1;nappali
Apály utca;2,7;3,7;háló
Fonógyári út;3,5;2,4;háló
Tímár utca;4,5;4;nappali
Mimóza utca;1,6;2,2;gardrób
Szilvásújfalvi utca;3,4;2,9;dolgozószoba
Ludányi Antal utca;4,3;2,7;fürdőszoba
Budapesti út;3,4;2,2;háló
Törökverő utca;4;3,2;fürdőszoba
Ezüst utca;3;3,8;dolgozószoba
Ormós Lajos utca;3,8;3,8;konyha
Huszár utca;4;3;konyha
Tábornok utca;2,4;2,2;fürdőszoba
Kosbor köz;3,4;3,3;háló
Cifrakapu utca;2,9;4,5;háló
Csurgó utca;2,9;4,4;fürdőszoba
Hungária utca;4,8;6,1;nappali
Népdal utca;1,1;1,4;WC
Vajdahunyad utca;3;3,9;háló
Vadmálna utca;3,5;3,4;gardrób
Porcsin köz;3,7;3,3;háló
Krónikás utca;4,6;2,7;fürdőszoba
Szigony utca;2,1;3,3;háló
Hegyköz utca;2,8;2;háló
Nyilassy utca;2,6;4,4;háló
Gyertyaöntő utca;2,5;2,7;háló
Csereerdő utca;3,1;2,5;konyha
Kacagány utca;0,8;0,9;kamra
Verőszala utca;2,9;2,3;konyha
Rózsamajor köz;2,2;2,3;konyha
Törő utca;1,4;1,4;WC
Tóth Árpád utca;1,2;1,1;WC
Hattyas utca;4,7;3,3;háló
Nagyfekete út;1,1;1,3;WC
Kölcsey Ferenc utca;1;1,5;WC
Szikigyakor utca;3,8;2,8;háló
Bethlen Gábor utca;3,9;2,6;háló
Rókus utca;2;2,8;háló
Almagyar köz;3,6;3;mosókonyha
Lilla tér;2,9;3,4;konyha
Szercsika utca;3,3;3;háló
Emese utca;2,2;3,8;konyha
Homoródi utca;2,4;3,6;konyha
Kanális utca;4,4;3,3;konyha
Parittya utca;2,2;3,3;fürdőszoba
Benczúr Gyula utca;3,9;3,3;háló
Pancsovai utca;2,2;3,6;dolgozószoba
Csobánka utca;3,1;2,1;háló
Temesvári körút;4,6;3,9;fürdőszoba
Trinitárius utca;2,2;2,9;erkély
Panda tér;2,7;2,8;háló
Nagybotos utca;2,3;3,8;háló
Hungária utca;3,4;2,4;kamra
Bondorhát utca;4,4;4,7;nappali
Nyilassy utca;5,3;4,6;nappali
Lóding utca;2,1;3;konyha
Vásárhelyi Pál utca;1;1;kamra
Béke utca;1,1;1,4;kamra
Körtvélyes utca;1,5;1,5;kamra
Tábornok utca;3,5;3,9;háló
Közép fasor;4;3,9;konyha
Richter Gedeon utca;2,6;3;fürdőszoba
Magház utca;2,6;3,4;háló
Bajonett utca;2,9;2,1;fürdőszoba
Hullám utca;3;3;dolgozószoba
Damjanich utca;1,3;1,2;WC
Krónikás utca;2,2;2,5;dolgozószoba
Körtvélyes utca;3,9;3,6;háló
Bartók Béla út;2;4,3;háló
Huszár utca;3,4;3,7;kamra
Madárkút utca;2,2;4,8;fürdőszoba
Baross utca;3,7;3,5;háló
Küküllői utca;2,3;2,9;háló
Figyelőhalmi út;2,5;2;háló
Szarvas tér;2,3;2,6;erkély
Keszi utca;3,2;2,7;dolgozószoba
Nyárfasor utca;1,9;1,5;erkély
Szélpart utca;3;4,9;fürdőszoba
Fonógyári út;4,4;2,7;háló
Kövirózsa utca;2,5;3,3;háló
Vértanú utca;3,2;3,4;gardrób
Déri tér;4,4;2,1;háló
Futrinka utca;4,6;4,1;nappali
Mészöly Géza utca;3,6;3;fürdőszoba
Csereág utca;2,8;3,8;háló
Déri tér;1;1,7;kamra
Szőlő utca;3,1;3,4;fürdőszoba
Palánták dűlő;2,4;3,7;háló
Zsolnai utca;3,8;4,2;nappali
Újhelyi köz;3,2;2,2;gardrób
Liliomkert utca;4;5,9;konyha
Vadszőlő utca;1,1;1,3;WC
Mocsáry Lajos utca;6,5;4,3;nappali
Hullám utca;2,4;3,1;háló
Tüzér utca;2,1;2,8;fürdőszoba
Mikepércsi út;2,9;2,8;fürdőszoba
Fokos utca;3,6;3,4;dolgozószoba
Baross utca;5,1;5,5;konyha
Péczely utca;3,5;3,2;háló
8. utca;4,6;3,9;háló
Krisztina utca;1,7;2,6;erkély
Harcos sor;4,4;5;fürdőszoba
Bem utca;1,8;1,5;kamra
Vágóhíd utca;3,2;3,2;háló
Dalos utca;3;2,3;fürdőszoba
Körtvélyes utca;3,6;4,6;nappali
Basahíd utca;2,4;2,1;fürdőszoba
Vágóhíd utca;3,7;4,2;háló
Malvin utca;4,6;3,7;konyha
Réce utca;3,8;3,8;konyha
Fő tér;3,7;2;kamra
Görgey utca;2,8;2,5;kamra
Sziget utca;2,8;3,9;terasz
Balzsamfű utca;3,8;2,2;kamra
Pacsirta utca;3,4;2,2;háló
Tápai utca;4,1;5,4;nappali
Boroszlán utca;2,9;2,5;háló
Haláp utca;2,1;2,7;fürdőszoba
Hámfa utca;2,3;1,3;erkély
Munkácsy Mihály utca;1,3;1,3;WC
Téglagyár utca;4,4;5,7;nappali
Zárda utca;2,9;1,6;kamra
Vadkörte utca;3,2;3,9;fürdőszoba
Téglagyár utca;2,7;2,7;háló
Pinty utca;1,6;1,1;WC
Géza utca;5,2;5;konyha
Pesti utca;3,3;4,2;fürdőszoba
Bánk bán utca;2,3;2,6;dolgozószoba
Ujjaskosbor utca;2,3;3,5;fürdőszoba
Varsa utca;2,7;3,4;dolgozószoba
Szalmafonó utca;3,3;4,1;háló
Mézesbáb utca;5,5;5,2;konyha
Dió utca;2,5;2,9;fürdőszoba
Páfrány utca;1,8;1,3;erkély
Úszó utca;2,2;2;háló
Szordasi út;4;2,8;dolgozószoba
Parittya utca;3;2,9;háló
Richter Gedeon utca;1,4;1,4;WC
Bartók Béla út;2,4;4,3;háló
Magház utca;4,1;4,9;háló
Kisfenyves utca;3,9;4,7;háló
Hegyköz utca;5,8;5,6;nappali
Zsák utca;2,7;2,9;fürdőszoba
Körtöltés utca;2,1;3,9;konyha
Pemetefű utca;2;3,2;fürdőszoba
Csörsz utca;1,3;1,5;WC
Tímár utca;3,1;2,9;fürdőszoba
Kövirózsa utca;1,2;1,4;WC
Vadőr utca;5,8;4,6;nappali
Kisbánya utca;5,5;4;nappali
Ipar dűlő;2,7;2,9;erkély
Vető utca;2,4;3,8;kamra
Szentháromság utca;2,7;2,8;háló
Géresi utca;2,9;2,6;fürdőszoba
Nagykőporos út;4,4;4,8;háló
Kút utca;4;4,4;nappali
Teve utca;1,5;1,9;WC
Margitvirág utca;2,4;2,9;gardrób
Nyárfa utca;1,6;1,9;kamra
Völgyérhát utca;2,5;3,6;mosókonyha
Felsőpércsi utca;1,5;1;WC
Kereskedő köz;2,1;3,3;dolgozószoba
Mozsár utca;4;4;háló
Fóliás utca;3,7;2;gardrób
Ostoros utca;3,1;4,6;fürdőszoba
Síntelep utca;2,4;2,9;fürdőszoba
Fagyal utca;2,2;1,7;erkély
Daru utca;2,7;2,4;háló
Téglagyár utca;2,1;2,8;fürdőszoba
Barna utca;3,6;3,9;háló
Vöcsök utca;1,3;2;erkély
Rebarbara utca;2,2;2,1;konyha
Tócópart utca;3,1;3,9;dolgozószoba
Körtvélyes utca;2,8;2,6;dolgozószoba
Tócópart utca;4,6;4,3;háló
Úszó utca;3,7;2,4;háló
Mozsár utca;2;1,3;WC
Gyékényesi út;2,9;2,3;dolgozószoba
Tengelic dűlő;4,6;4,3;nappali
Nagyecsed utca;3,6;2,4;terasz
Balzsamfű utca;2,9;3,8;kamra
Agyagos utca;3,1;2,6;fürdőszoba
Lilla tér;2,3;2,2;erkély
Felhő utca;4,1;4,6;nappali
Liget utca;2,5;3,5;dolgozószoba
Gőz utca;0,8;0,9;kamra
Major utca;3,7;3,2;fürdőszoba
Hatvan utca;1,1;1,5;WC
Kiskút utca;4,3;4,9;nappali
Kölcsey Ferenc tér;4,1;3,6;nappali
Orgona sor;3,1;2,5;háló
Józsakert utca;4,3;3,2;háló
Nagyecsed utca;3,2;3,8;gardrób
Ambrus utca;2,7;3,4;háló
Mátyás király utca;2,4;2,1;fürdőszoba
Pipitér utca;3,8;2,6;háló
Vág utca;3,2;2,6;háló
Almagyar köz;3,9;3,3;háló
Széperdő utca;1,4;2,4;erkély
Hatvan utca;4,2;3,2;háló
Mester utca;5,2;4,6;nappali
Körtöltés utca;1,1;1,3;WC
Tápai utca;2,4;2,9;dolgozószoba
Pesti utca;2,9;4,5;konyha
Keszi utca;4,4;5,3;konyha
Sarlófű utca;2,9;3,6;fürdőszoba
Szíjártó köz;1,6;1,3;erkély
Nárcisz köz;3,5;1,7;kamra
Tükrösszív utca;2,1;2,9;mosókonyha
Szőlő utca;1,4;1,1;WC
Szercsika utca;2,3;2,5;háló
Rozmaring utca;4,6;3,9;fürdőszoba
Hatvan utca;4;2;kamra
Benczúr Gyula utca;3,2;2,5;dolgozószoba
Victor Hugo utca;4,9;5,3;nappali
Arató utca;5,7;5,3;nappali
Guti utca;3,9;2,9;fürdőszoba
Szilágyság utca;2,1;2,1;fürdőszoba
Perényi utca;4,1;4,1;nappali
Tóth Árpád utca;1,1;1,5;WC
Gyergyó utca;2,9;2,3;fürdőszoba
Kard utca;3,7;3,9;háló
Almagyar köz;1,4;1,9;WC
Gyékényesi út;4,7;2,6;háló
Nagyszéki út;2,3;2,9;fürdőszoba
Hullám utca;1;1,1;WC
Kisbotos utca;6;4,9;nappali
Krónikás utca;5,7;5,5;nappali
Lant utca;1,7;2,3;erkély
Május 1. utca;5,3;3,6;nappali
Vajdahunyad utca;4,8;4,7;nappali
Ludányi Antal utca;4,2;3,5;fürdőszoba
Figyelőhalmi út;2,7;4;konyha
Kard utca;2,4;1,6;kamra
Sóvirág út;2,7;3,3;mosókonyha
Bem utca;2,6;3,7;kamra
Csörsz utca;2,6;3,5;konyha
Berzsenyi Dániel utca;1,1;1,5;WC
Vécsey utca;6,3;6,5;nappali
Cserép köz;1;1,1;WC
Rózsamajor köz;1,2;1,3;WC
Szalonka utca;2,1;3,5;konyha
Téglagyár utca;4,5;6;nappali
Pók utca;3,9;2,6;háló
Síntelep utca;2,6;3,3;háló
Eszterházy tér;3,5;3,7;háló
Almafa utca;2,9;2,7;kamra
Vereshomok dűlő;3,3;2,4;dolgozószoba
Főző utca;4,2;2,8;konyha
Kormorán utca;4,3;5,6;konyha
Kövirózsa utca;2,7;4,5;háló
Part út;2,5;2,7;fürdőszoba
Szoboszlói út;4,2;4,4;fürdőszoba
Pelyva utca;1;1;kamra
Hajlat utca;5;4,2;fürdőszoba
Kontyvirág utca;4,6;3,8;nappali
Monostorerdő köz;2,1;2,6;fürdőszoba
Tükrösszív utca;2,3;3,1;fürdőszoba
Kubikos utca;2;2,6;háló
Odú utca;3,6;2,6;háló
Vadliba utca;2,7;3;gardrób
Hátszegi utca;2,1;2,5;konyha
Máglya sor;1,1;1,1;WC
Mészöly Géza utca;1,6;1,3;kamra
Debreceni út;4;4,5;nappali
Szőlő utca;2,1;3,4;háló
Porzó utca;3,7;2,3;dolgozószoba
Gyékényesi út;5,3;4,4;konyha
Szarvas tér;1,1;1,3;WC
Kisvölgy utca;1,4;1,1;WC
Bem utca;2,7;3,1;háló
Lilla köz;4,2;2,2;háló
Kölcsey Ferenc tér;3,9;5;nappali
Pemetefű utca;3,7;3,3;háló
Fenyő utca;4,3;4,3;háló
Pápai utca;1,2;1,5;WC
Szőlő utca;5,4;3,7;nappali
Vécsey utca;3,6;2,4;terasz
Búcsú sor;4,9;4,8;nappali
Szentmihályteleki utca;0,9;0,9;kamra
Petőfi tér;2;2;dolgozószoba
Csurgó utca;2,6;2,8;mosókonyha
Palicsi utca;3,3;3,4;háló
Medok utca;5,6;5;konyha
Vadmálna utca;2,1;4,7;fürdőszoba
Ipar dűlő;3,8;2,7;háló
Sóvirág út;3,5;3,7;kamra
Józsakert utca;5,2;4,8;nappali
Hentes utca;1,3;1,8;kamra
Guti utca;1,9;1,4;kamra
Halasi utca;2,2;2,5;fürdőszoba
Part út;3;3,8;háló
Jáger utca;2,1;2,7;háló
Ostoros utca;2,4;2,7;terasz
Kard utca;3,1;3,9;fürdőszoba
Kozma utca;3,3;3,3;háló
Mayer Miklós utca;5,5;4;nappali
Nyárád utca;2,9;2,8;terasz
Gomba utca;3,4;2,3;fürdőszoba
Bognár utca;3,4;2,5;kamra
Szitakötő utca;3,5;4;konyha
Kartács utca;2,2;1,7;gardrób
Porzó utca;2,5;3,9;mosókonyha
Perényi utca;1,8;1,1;erkély
Héja utca;3,2;4;háló
Rókus utca;1,4;1,1;WC
Czibula utca;2,3;3,2;gardrób
Bányász utca;1,1;1,3;WC
Vadkacsa köz;3,8;3,1;háló
Tárkony utca;1,9;1,9;gardrób
Zárda utca;4,7;4,1;nappali
Daru utca;1,3;1;erkély
Bartók Béla út;4,5;3,8;háló
Benczúr Gyula utca;1,8;1,7;WC
Leányszállás köz;3,6;2,9;háló
Törő utca;1,4;1,5;WC
Petresi utca;3,8;4,3;háló
Krónikás utca;3,5;2,8;kamra
Viola utca;2,6;3;fürdőszoba
Tanbánya út;3,1;2;fürdőszoba
Szentiváni dűlő;4,3;2,4;fürdőszoba
Benczúr Gyula utca;6,8;5,7;nappali
Vadkerti tér;3,8;5,8;konyha
Közép fasor;3,4;2,8;háló
Tisza utca;1,9;1,8;kamra
Sármás utca;3,3;4,4;háló
Fonógyári út;2,3;2,4;gardrób
Cserfa utca;3,2;4;fürdőszoba
Boszorkánysziget utca;3,3;2,8;fürdőszoba
Borbíró tér;3,4;4,2;háló
Kormosalma utca;1;2;WC
Fő tér;3,6;4;fürdőszoba
Part út;2,5;3,3;konyha
Guti utca;2,1;1,6;gardrób
Ingovány utca;2,4;2,5;erkély
Vető utca;2,5;3,3;mosókonyha
Leánder utca;4;4,4;nappali
Pasztinák köz;1,2;1,2;WC
Apafi utca;2;1,4;erkély
Zsák utca;2,7;2,4;háló
Kürt utca;4,6;4,8;nappali
Vásártér sor;2,3;2,4;terasz
Vadmálna utca;5,4;3,2;konyha
Kalcit köz;4,5;3,8;nappali
Kisszőlő utca;4,3;3,9;háló
Törő utca;2,4;4,3;háló
Sövény utca;1,1;1,5;WC
Herke utca;4,3;3,8;nappali
Kece utca;3,1;4;háló
Nagybotos utca;2,9;4;dolgozószoba
Vaszy Viktor tér;5,4;3,7;nappali
Március 15-e utca;4;3,6;fürdőszoba
Ujjaskosbor utca;3,7;5,7;nappali
Vadszőlő utca;2,2;3,7;háló
Hegedű utca;0,9;0,8;kamra
József Attila sugárút;4,9;5;háló
Nagyfekete út;2,1;3,1;mosókonyha
Ajtony köz;2,5;5,8;konyha
Felhő utca;4,4;2,9;háló
Aranylile utca;2,8;3,6;konyha
Kontyvirág utca;2,6;3,8;konyha
Öthalom utca;3;2,8;fürdőszoba
Bükkmogyoró utca;2,7;3,7;konyha
Katicavirág utca;2,5;2,6;erkély
Bánki Donát utca;1,9;2;erkély
Ostoros utca;6,2;5,3;nappali
Iringó utca;2,1;3,5;háló
Barátság utca;2,2;2,6;háló
Mézesbáb utca;2,5;2,1;konyha
Nagyfekete út;3,3;3,5;háló
Keszi utca;3,4;2,8;gardrób
Akácfa utca;2,9;2,6;háló
Jávorka utca;4,6;2,5;fürdőszoba
Páfrány utca;2,8;3,6;háló
Sajó utca;3,2;2,8;gardrób
Rozmaring utca;2,9;4,7;háló
Fogarasi utca;3,1;3,4;háló
Szikigyakor utca;4;3,6;konyha
Géresi utca;3,2;4,5;háló
Kalász utca;3,2;2,6;dolgozószoba
Rézvirág utca;2,5;3,1;kamra
Szikes utca;4,9;4,1;nappali
Ráchegy utca;2,4;3,3;konyha
Vándor köz;3,4;2,3;fürdőszoba
Kinizsi utca;3,9;2,8;háló
Szitás utca;4,1;3,4;háló
Kinizsi Pál utca;2,3;1,8;gardrób
Százados utca;3;4,7;fürdőszoba
Gyergyó utca;2,2;2,2;fürdőszoba
Ezüstfa utca;3,4;2,6;dolgozószoba
Hajlat utca;1,7;1,7;WC
Tóparti út;1,8;1;WC
Bükkmogyoró utca;2;3;dolgozószoba
Eszperantó tér;2,8;2,9;háló
Napfény utca;3,4;3;háló
Hortenzia utca;2,7;3;fürdőszoba
Olajfa utca;2,3;2;dolgozószoba
Örökzöld köz;2,1;2,3;erkély
Kölcsey Ferenc utca;4;3,4;fürdőszoba
Mocsáry Lajos utca;2,9;3,7;háló
Köteles utca;1,3;1,2;WC
Kölcsey Ferenc utca;1,3;1,4;WC
Tigér utca;3,1;4,5;háló
Kőporos tér;5;4,4;háló
Dorogi utca;3,5;3,2;gardrób
Törő utca;2,8;2,7;fürdőszoba
Rózsamajor köz;2,2;1,6;erkély
Görgey utca;3,7;4,9;háló
Síp utca;4;6,5;nappali
Bartók Béla út;1;1,5;WC
Szarvas tér;3,1;3,6;gardrób
Tyukod utca;4;4,4;konyha
Csikós utca;4,1;2,1;háló
Barátság utca;3,4;3,5;fürdőszoba
Köteles utca;7;4,9;nappali
Örökzöld köz;1,3;1,3;WC
Porcsin utca;3,8;3,6;háló
Gomba utca;3,2;3,9;terasz
Tyukod utca;3;3,2;fürdőszoba
Tigér utca;3;2,1;kamra
Éger utca;4,8;4,1;konyha
Legátus utca;1,5;1,1;WC
Krónikás utca;1,1;1,1;WC
Sajtoló utca;3,9;3,6;nappali
Nyugati sor;3,7;2,5;konyha
Ujjaskosbor utca;1,5;1,1;WC
Leánder utca;1;1;kamra
Tükrösszív utca;3,2;4,8;fürdőszoba
Dohányos utca;2,6;2,2;dolgozószoba
Szitás utca;3,1;2,9;háló
Cser utca;1,1;1;kamra
Mályva utca;2,5;4,7;konyha
Sástavi út;3,4;3,1;háló
Szeremlei utca;3,5;2,7;háló
Március 15-e utca;3,4;3,6;háló
Boszorkánysziget utca;2,9;2,5;háló
Nagy-Eged utca;6,7;4,2;nappali
Honfoglalás utca;3,9;3;háló
Vöcsök utca;2,1;2,2;háló
Kereskedő köz;2,7;3,1;háló
Bóbita utca;3,5;3,1;konyha
Kereskedő köz;2,4;2,3;konyha
Lant utca;2,2;3,1;háló
Boszorkánysziget utca;1,6;1,4;kamra
Pisztácia utca;4,2;2,8;konyha
Bürök utca;3,9;3,4;fürdőszoba
Kórház utca;1,3;1,1;WC
Gyevi utca;2;2,3;erkély
Vető utca;2,7;2,2;dolgozószoba
Ráchegy utca;3,9;3,8;fürdőszoba
Macskási út;2,3;1,7;gardrób
Sesztina utca;2,9;3,2;dolgozószoba
Paphegy utca;4,4;5,8;nappali
István út;3,3;3,8;konyha
Vaszy Viktor tér;3,8;3,1;fürdőszoba
Éva utca;2,4;2,1;háló
Károli Gáspár utca;2,7;3,7;háló
Bóbita utca;3,8;2,1;dolgozószoba
Vécsey utca;2,6;2,3;fürdőszoba
Panda tér;2,1;2,9;dolgozószoba
Bölcsőde utca;5,9;5;nappali
Szarvas tér;2,5;2,7;terasz
Sajtoló utca;1,2;2;erkély
Nárcisz köz;4,7;3,3;háló
Tizeshonvéd utca;3,6;3,5;háló
Papzug utca;3,9;3,6;háló
Kanális utca;4;4,6;konyha
Küküllői utca;2,3;2,9;háló
Eszterházy tér;1,4;2;erkély
Téglaverő utca;3,6;2,2;háló
Határőr utca;3,1;3,6;dolgozószoba
Testvériség köz;3,1;4,3;háló
Gyékényesi út;3,9;3,4;mosókonyha
Bartók Béla út;4,2;3,7;konyha
Kabar utca;4,9;5,3;nappali
Tisza utca;5,2;5,6;nappali
Lovarda utca;1;0,8;kamra
Harcsa utca;3,5;4,5;háló
Furmint utca;1,7;2,4;erkély
Görgey utca;4,9;4;nappali
Házgyári út;2,8;3,9;háló
Palicsi utca;2,4;2,1;gardrób
Rebarbara utca;1,3;1,5;erkély
Kölcsey Ferenc tér;1,4;2,2;erkély
Agyagos utca;2,1;1,2;erkély
Kisfenyves utca;3,5;4,4;háló
Vadőr utca;2,5;3,5;fürdőszoba
Kölcsey Ferenc utca;2,4;2,4;erkély
Berzsenyi Dániel utca;3,8;2,4;háló
Tőzsér utca;2,9;3,6;konyha
Barcaság utca;3,8;2,3;fürdőszoba
Ingovány utca;2,4;2,3;kamra
Gyékényesi út;1,2;1,9;WC
Ladik utca;3,6;2,5;dolgozószoba
Újsor utca;0,9;0,9;kamra
Ingovány utca;5,8;2,1;konyha
Síntelep utca;0,9;0,9;kamra
Teve utca;2,6;2,9;erkély
Pulz utca;1,9;1,9;kamra
Szalmafonó utca;2,3;3,4;háló
Bornemissza utca;1,6;1,3;WC
Fűzfa utca;3,9;4,7;nappali
Krónikás utca;4,7;2,5;háló
Tas utca;1,3;1,5;WC
Zsolnai utca;2,5;3,7;háló
József Attila sugárút;3,2;4,7;fürdőszoba
Éger utca;3,9;2,2;fürdőszoba
Hortenzia utca;4,3;4,4;háló
Vágóhíd utca;4;2;háló
Szöcske utca;4,1;3,5;háló
Borbolya utca;3,7;2,7;konyha
Nyárfa utca;4;4,2;háló
Tárkony utca;3,3;3,3;háló
Rózsamajor köz;2;2,1;dolgozószoba
Úszó utca;3,9;3;háló
Örökzöld köz;2,6;2,1;háló
Szarvas tér;4,3;4,8;háló
Pók utca;4,9;5,7;nappali
Madárkút utca;2,8;2,9;erkély
Károli Gáspár utca;3,5;5,8;nappali
Mikepércsi út;3,2;2,1;fürdőszoba
Berlini körút;3,5;3,6;terasz
Nyilassy utca;4;3,8;nappali
Leányszállás köz;2,9;2,6;háló
Kece utca;3,3;3,1;dolgozószoba
Kontyvirág utca;1,2;1,3;WC
Szentháromság utca;4,2;3,6;háló
Gomba utca;5,6;5,8;konyha
Törő utca;3,6;4;háló
Költő utca;2,7;2,6;fürdőszoba
Ág utca;3,7;2,6;háló
Sajtoló utca;1,5;1,3;WC
Ludányi Antal utca;2,5;2,8;háló
Szeklice köz;2;1,7;erkély
Kövirózsa utca;6,9;5,1;nappali
Fagyal utca;5,6;5,5;nappali
Csöndes utca;3,8;3,7;dolgozószoba
Harcos sor;3,9;3,4;dolgozószoba
Unokakert utca;5;3,9;konyha
Rózsamajor köz;2,8;2,6;fürdőszoba
Szentháromság utca;3,2;2,9;mosókonyha
Kaszás utca;1,3;1,9;kamra
Porzó utca;3,9;4,8;háló
Vértanú utca;3,8;3;mosókonyha
Orgona sor;4;2,1;háló
Küküllői utca;3,9;4,1;háló
Gomba utca;2,7;3,7;dolgozószoba
Fogarasi utca;2,6;3,7;fürdőszoba
Bognár utca;4,5;4,1;háló
Ív utca;2,7;4,6;háló
Kisvölgy utca;2,6;4,1;háló
Hárs utca;1,6;1,9;WC
Ív utca;2,1;2,1;mosókonyha
Almagyar köz;2,3;2,7;erkély
Várad utca;2,3;2;háló
Halastó utca;3,2;3,4;háló
Szoboszlói út;3,3;4,6;háló
Pók utca;3,8;2,9;dolgozószoba
Vaszy Viktor tér;4,2;3,8;konyha
Emese utca;2,1;2,8;fürdőszoba
Margitvirág utca;2,1;2,1;erkély
Lehel utca;3;4,4;háló
Károli Gáspár utca;2,9;2,2;erkély
Krónikás utca;3,7;5,5;konyha
Mazsola utca;3,5;2,2;háló
Cser utca;2,1;1,7;gardrób
Méhkas utca;1,9;1,3;erkély
Ív utca;2,7;2,5;erkély
Mocsár utca;3,4;3,8;konyha
Nárcisz köz;2,1;2,4;erkély
Arany János utca;2,9;2,4;fürdőszoba
Mályva utca;2,7;4,9;háló
Vadkerti tér;2,6;3,2;terasz
Hegyköz utca;3,8;4;háló
Ív utca;2,5;4;fürdőszoba
Remenyik Zsigmond utca;2,9;2;fürdőszoba
Gyergyó utca;3,7;3,9;háló
Unokakert utca;4,9;4,4;fürdőszoba
Bodrog utca;1,6;1,8;gardrób
Ungvár utca;1,2;1,7;WC
Szordasi út;2,4;2,7;háló
Károli Gáspár utca;3,6;2,6;fürdőszoba
Márták dűlő;2,8;2,1;háló
Mák utca;3,9;2,5;háló
Krisztina utca;2,5;1,5;erkély
Tócópart utca;4,3;4,6;nappali
Part út;1,3;1,5;WC
Zöldmező utca;2,5;3,6;mosókonyha
Ráchegy utca;3,7;2,8;fürdőszoba
Hárs utca;2;1,7;WC
Kolónia utca;1,2;1,2;kamra
Közép fasor;0,9;0,9;kamra
Szarvas tér;4,4;3,5;konyha
Szikra utca;2,2;3,3;fürdőszoba
Dáni utca;2,3;1,7;erkély
Rétikanyar utca;0,9;0,9;kamra
Késmárk utca;2,2;2,7;fürdőszoba
Veres utca;3,7;3,9;háló
Merkúr út;3;3,9;fürdőszoba
Éger utca;3,2;4,4;háló
Jáger utca;2,8;2,8;fürdőszoba
Katicavirág utca;1,7;1,7;WC
Tóparti út;2,2;3;erkély
Hungária utca;4;4,1;háló
Nyugati sor;3,6;3,6;fürdőszoba
Macskási út;2,4;2,8;háló
Pisztácia utca;3,6;2,2;kamra
Varsa utca;1,5;1,2;WC
Ujjaskosbor utca;1,6;1,3;kamra
Ráchegy utca;3,4;2,6;háló
Ujjaskosbor utca;4,7;5,8;nappali
Munkácsy Mihály utca;5;4,3;konyha
Gyimesi utca;3,5;3;háló
Zsolnai utca;2,8;2,7;fürdőszoba
Éva utca;2,9;2,5;háló
Völgyérhát utca;1,1;1,2;WC
Görgény utca;2;2,3;gardrób
Tölgy utca;3,7;3,1;terasz
Erdészház utca;0,9;0,8;kamra
Védőnő utca;3,7;2,1;háló
Nagy Lajos utca;2,8;2,1;fürdőszoba
Majdáni sor;3,7;2,5;háló
Szitás utca;3,9;2,9;gardrób
Homoródi utca;3,9;3,4;konyha
Harcos sor;6,6;5,2;nappali
Gomba utca;1,7;1,9;WC
Hátszegi utca;2,9;2;fürdőszoba
Cser utca;3,2;3,4;fürdőszoba
Fekete István utca;2,8;2,5;háló
Vadszőlő utca;3,9;2,7;dolgozószoba
Lámpás utca;2,6;2,8;háló
Tyukod utca;2,4;4;háló
Radnóti utca;3,5;3,7;háló
Sípos köz;2,1;2,3;gardrób
Merkúr utca;2,3;2,2;háló
Fő tér;2,5;2,9;erkély
Fürtös köz;2,4;3,5;háló
Pinty utca;3,2;4;terasz
Kórház utca;6;5,8;nappali
Bánki Donát utca;2,8;2,6;fürdőszoba
Kölcsey Ferenc tér;2,4;4,5;háló
Hajlat utca;3,3;4,2;háló
Egyetem tér;3,4;2,8;fürdőszoba
Vaskapu utca;1,9;1,5;kamra
Marostorok utca;2,9;2,4;háló
Föltámadás utca;2,9;3,7;háló
Szoboszlói út;4,7;5,7;nappali
Tengelic dűlő;2,9;2,8;fürdőszoba
Ungvár utca;4,5;6,5;nappali
Törő utca;4,6;5,3;nappali
Malvin utca;5,9;3,7;nappali
Orsolya utca;4,6;4,4;háló
Nagyfekete út;1,3;1,7;WC
Szepesi utca;2,9;4,7;konyha
Ív utca;3,8;3,2;kamra
Tópart utca;3;2,3;fürdőszoba
Szélpart utca;3;3,5;kamra
Mézeskalácsos utca;2,9;3,9;háló
Kölcsey Ferenc utca;3,5;2,8;dolgozószoba
Mester utca;1,2;1,3;WC
Rézöntő utca;3,8;2,4;konyha
Bem utca;4,9;4,6;háló
Vadmálna utca;1,8;1,1;WC
Várad utca;3,6;2,7;fürdőszoba
Mata János utca;3,8;2,3;terasz
Erzsébet utca;1;1,3;erkély
Zsombolyai utca;3,8;4;nappali
Szilvásújfalvi utca;5,8;6,9;nappali
Lakatgyár utca;4,3;2;háló
Bacsó Béla utca;1,6;1,2;kamra
Fecske köz;3,1;3,1;konyha
Balaton utca;3,4;2,7;fürdőszoba
Orsolya utca;2;3,7;terasz
Homoródi utca;2,1;2,5;fürdőszoba
Hátszegi utca;3,9;4,7;nappali
Verőszala utca;3,4;3,8;háló
Pilinszky János utca;2,4;3,5;háló
Gomba utca;3,9;4,4;háló
Perczel Mór utca;3,4;2,7;háló
Makó utca;2,9;4,9;fürdőszoba
Arad utca;3,6;3,9;kamra
Mocsáry Lajos utca;3,2;3,4;kamra
Kerekerdő utca;2,1;2,3;fürdőszoba
Kisfenyves utca;3,6;2,7;háló
Gyimes utca;2;2,2;gardrób
Gyékényesi út;4,2;4,3;fürdőszoba
Vásárhelyi Pál utca;3,5;3,3;háló
Vadmálna utca;3,4;4,2;fürdőszoba
Makó utca;2,3;3,4;mosókonyha
Hámfa utca;0,9;1;kamra
Kondoroskert utca;4,1;4,9;fürdőszoba
Őszapó utca;2,9;2,8;háló
Boszorkányfű utca;2,5;3,5;háló
Tinódi Sebestyén tér;2,6;3,2;fürdőszoba
Eszperantó tér;1,3;1,5;erkély
Harasztos köz;4,3;5,8;nappali
Gomba utca;4,7;3,8;háló
Éva utca;2,2;3,5;dolgozószoba
Gyimesi utca;2,4;2,5;terasz
Hajlat utca;3;4,8;háló
Csíz utca;2,5;2,2;fürdőszoba
István út;1;1,5;kamra
Martinka sor;3,1;4;konyha
Tas utca;0,9;0,9;kamra
Úszó utca;3,4;3,2;háló
Hullám utca;3,4;2,3;háló
Gyimesi utca;4;4,3;háló
Csurgó utca;4,9;3,1;háló
Lilla tér;1;0,9;kamra
Földibodza utca;2,3;3,3;háló
Nagyrét utca;2,4;2,2;gardrób
Kard utca;4,1;3,9;háló
Lóding utca;2,2;3,4;konyha
Pincés utca;1;1,1;WC
Körtvélyes utca;2,4;2,3;gardrób
Kalász utca;2,7;2,5;háló
Arató utca;2,6;4,3;háló
Agyagos utca;1,3;1,4;kamra
Felvégi utca;3,1;3,2;háló
Arany János utca;1,8;1,4;erkély
Hatvan utca;3,8;2,2;mosókonyha
Pécsi út;3,3;4,3;fürdőszoba
Völgyalja utca;1,3;1,8;erkély
Kapisztrán út;1,6;2,4;erkély
Nagybotos utca;3,5;2,6;háló
Kard utca;3,9;3,3;háló
Ingovány utca;3,2;3,8;háló
Gyimesi utca;4,5;4;fürdőszoba
Nárcisz köz;2,7;3,6;dolgozószoba
Lévai Béla utca;3,1;2,3;fürdőszoba
Palotás utca;3,5;5,4;konyha
Vág utca;3,2;3,6;dolgozószoba
Balaton utca;4,4;2,4;háló
Hajós Alfréd utca;3,4;3,1;háló
Tímár utca;3,2;2,8;fürdőszoba
Hatvan utca;3;3,7;gardrób
Kormorán utca;2,8;3,7;kamra
Nagyfekete út;3,1;3,3;dolgozószoba
Papzug utca;2,2;3,5;háló
Szilágyság utca;3;3,1;háló
Havasigyopár utca;2,3;4,4;háló
Káka utca;1,2;1,1;WC
Lakatgyár utca;4;4,2;háló
Almafa utca;4,6;2,1;konyha
Síp utca;3;4,5;háló
Dicsőfi utca;2,1;3,4;háló
Sesztina utca;1;0,9;kamra
Vízimolnár utca;4;3,7;háló
Pápai utca;1,3;1,2;kamra
Bürök utca;3,9;2,6;kamra
Küküllő utca;2,1;3,6;terasz
Munkácsy Mihály utca;4,3;2,5;háló
Eszterházy tér;3,8;2,6;háló
Hegedű utca;3,5;2,8;konyha
Kisbotos utca;3,7;2,8;háló
Kard utca;3,5;2,2;mosókonyha
Nagybotos utca;2,3;2,8;fürdőszoba
Kádár utca;3,7;2,2;háló
Gyimes utca;3,5;2,2;fürdőszoba
Dózsa köz;1;0,9;kamra
Mályva utca;3,3;2,8;mosókonyha
Márták dűlő;4,4;4,4;nappali
Vadliba utca;5,3;4,1;nappali
Lant utca;2,1;2,1;fürdőszoba
Malvin utca;1,8;1,7;kamra
Lépesméz utca;2,9;2,3;fürdőszoba
Sajó utca;5,6;6,9;nappali
Tizeshonvéd utca;1,6;3,7;kamra
Jávorka utca;4,2;5,3;nappali
Piroska tér;3,5;4,3;nappali
Szikes utca;2,2;1,6;gardrób
Pinty utca;6,4;5,1;nappali
Nyilassy utca;1,2;1,8;erkély
Aranylile utca;1;0,9;kamra
Boldizsár utca;3,2;3;fürdőszoba
Bulcsú utca;3;1,4;erkély
Pilinszky János utca;3;2,8;háló
Szoboszlói út;4,3;3,6;háló
Mátyás király utca;3,2;3,8;háló
Madárkút utca;6,3;5,7;nappali
Krónikás utca;3,1;2;kamra
Hattyas utca;3,2;4,1;háló
Ipar dűlő;1,7;1,6;WC
Malvin utca;3,4;3,9;dolgozószoba
Rahói utca;2,2;2;erkély
Napfény utca;1;1,2;WC
Palánták dűlő;3,3;3;konyha
Szikigyakor utca;2,1;2,5;háló
Ujjaskosbor utca;1,3;1,2;kamra
Rózsaszéki utca;3;3,3;dolgozószoba
Richter Gedeon utca;3,3;3,3;dolgozószoba
Kincseshegy utca;2,5;2,2;konyha
Bimbó utca;2,3;2,3;háló
Déri tér;3,4;4,1;konyha
Keszi utca;2,2;3,1;mosókonyha
Fő tér;3,1;2,9;háló
Tükrösszív utca;3,9;4,4;háló
Kard utca;2,4;3,2;fürdőszoba
Téglagyár utca;2,5;2,6;fürdőszoba
Vadliba utca;4,1;2,8;háló
Géresi utca;2,9;3,7;háló
Föld utca;2,8;2,7;erkély
Csíz utca;2,2;2,3;háló
Kút utca;2,2;1,5;gardrób
Bárány utca;2,3;2;dolgozószoba
Só utca;2,5;2,7;háló
Péczely utca;2,3;2,9;fürdőszoba
Tüzép köz;2,4;2,9;konyha
Kard utca;3,6;1,6;kamra
Kormorán utca;3;2,9;gardrób
Fűtőház köz;4,8;5,3;nappali
Part út;1,1;2;erkély
Lechner tér;2,5;2,6;erkély
Nagyecsed utca;2,6;4,2;fürdőszoba
Mata János utca;3,6;4,1;háló
Vályogos utca;2,5;2,4;erkély
Fekete István utca;2,1;2;fürdőszoba
Felhő utca;2,9;3,1;háló
Föld utca;3,7;2,4;terasz
Föld utca;2,6;4,7;fürdőszoba
Rózsástelep utca;2,2;3,7;háló
Gorkij utca;6,5;6,5;nappali
Hatvan utca;2,3;2,1;erkély
Úszó utca;3,1;2,5;konyha
Csipkebogyó utca;5,2;4,8;nappali
Tócópart utca;1;1,6;WC
Herke utca;3;2,3;háló
Honvéd utca;1,3;1,3;WC
Thomas Mann utca;2,9;2,5;fürdőszoba
Pék utca;2,8;3,7;dolgozószoba
Öreghegy utca;2,3;2,2;háló
Díszlet utca;3,3;3;konyha
Köteles utca;2,3;3,4;mosókonyha
Gyöngyvessző utca;4,4;3,8;nappali
Baltacin utca;3;2,9;konyha
Ráchegy utca;4,1;2,4;háló
Arany Sándor utca;6,9;4,8;nappali
Hárs utca;3,5;4,7;háló
Cifrakapu utca;2,8;2,1;mosókonyha
Szikigyakor utca;2,8;3,1;háló
Huszár utca;3,6;5,3;konyha
Csereág utca;1,1;1,2;WC
Vadrózsa sor;3,3;4,4;fürdőszoba
Apafi utca;2;3,8;konyha
Völgyalja utca;2,4;2,4;fürdőszoba
Trinitárius utca;3,7;3,4;dolgozószoba
Vadkerti tér;4,5;2,3;fürdőszoba
Ifjúság útja;2,1;3,1;háló
Nyárád utca;2,9;2,3;erkély
Nyárád utca;3;4,5;háló
Rózsamajor köz;2,5;2,6;fürdőszoba
Szentháromság utca;5,6;5,9;konyha
Debreceni út;1,4;1,5;erkély
Hátszegi utca;1,5;1,4;erkély
Kisfaludy Sándor út;3,4;4,2;háló
Lakatgyár utca;1,3;1,2;WC
Lenkei János utca;2,5;2,2;dolgozószoba
Herke utca;2,5;2,7;fürdőszoba
Havasigyopár utca;4,1;3,6;háló
Hatvan utca;4,6;3,4;háló
Máglya sor;3,5;3,5;háló
Déva utca;3,2;2,3;fürdőszoba
Szepesi utca;4,3;3,3;háló
Nagyrét utca;3,7;2,5;háló
Papzug utca;3,5;3,7;konyha
Akácfa utca;4,3;4,1;nappali
Kertész utca;2,6;2,5;erkély
Hegyköz utca;2,9;3,2;dolgozószoba
Tárkony utca;4;5,9;nappali
Ostoros utca;3,9;3,7;kamra
Bacsó Béla utca;1,3;2,1;erkély
Aranyosi utca;2,9;3,6;fürdőszoba
Szikra utca;2,3;1,9;erkély
István út;5,1;5,5;nappali
Ág utca;3,3;2,9;dolgozószoba
Kisvasút sor;4,5;5,2;nappali
Úszó utca;2,5;2,1;fürdőszoba
Gyimesi utca;3,5;3,6;háló
Vadrózsa sor;2,9;4,5;háló
Lehel utca;2,3;3,6;kamra
Leányszállás köz;3,6;5,9;nappali
Turul utca;2,5;1,8;erkély
Vaskapu utca;4,4;5;nappali
Pacsirta köz;4,2;2,6;háló
Szikigyakor utca;2,2;4,1;háló
Nagy-Eged utca;3,6;2,9;dolgozószoba
Baross Gábor utca;3,5;3,8;háló
Szalonka utca;3,1;3,7;háló
Gyöp sor;2,4;2,4;konyha
Tas utca;2;3,9;konyha
Vaszy Viktor tér;3,8;3,7;konyha
Bánki Donát utca;1,4;2,2;erkély
Arany János utca;3,6;2,9;háló
Olasz utca;0,9;1;kamra
Richter Gedeon utca;5,4;5,4;nappali
Mészöly Géza utca;2,2;1,8;gardrób
Hárs utca;5;4,1;konyha
Nagydobos utca;5,9;5,3;nappali
Orsolya utca;5;2,3;fürdőszoba
Palánták dűlő;3,6;3,8;háló
Harcsa utca;2,3;1,8;gardrób
Gyimes utca;2,8;2,4;háló
Kincseshegy utca;2,2;2,7;háló
Fóliás utca;5,2;3,5;konyha
Gomba utca;3,7;3,9;mosókonyha
Petőfi tér;4,2;4;nappali
Vadliba utca;2,9;2,4;kamra
Nyárád utca;4;2,9;dolgozószoba
Mikepércsi út;4,5;5,9;nappali
Tímár utca;1,9;2,1;erkély
Boldizsár utca;4,1;5;nappali
Vályogos utca;3,8;3,1;konyha
Tomori Pál utca;1,9;1,1;WC
8. utca;3,3;2,8;háló
Verőszala utca;2,9;2,9;konyha
Nagyrét utca;2,9;3,4;dolgozószoba
Kékszőlő utca;4,4;4,4;háló
Csurgó utca;4,7;6,7;nappali
Úszó utca;2,6;3,6;háló
Szikigyakor utca;3,3;3,9;fürdőszoba
Kanális utca;2,3;3,6;dolgozószoba
Keszi utca;2,8;2;gardrób
Otthon utca;3,5;3,6;nappali
Hajnalka utca;2,9;2,9;erkély
Géza utca;4,9;3,9;háló
Tank utca;2,5;3,1;háló
Béke utca;4,2;2,2;háló
Vigadó tér;1,5;1;WC
Borbolya utca;4,8;4,7;nappali
Rózsavölgy utca;2,4;3,2;konyha
Ókastély utca;2,8;2,9;konyha
Makó utca;6,5;6,9;nappali
Bánk bán utca;3,4;3,3;háló
Nagy-Eged utca;4,1;3,3;fürdőszoba
Pápai utca;3,4;2,6;háló
Kacagány utca;2,2;2,7;fürdőszoba
Lévai Béla utca;1,6;1,6;erkély
Völgy utca;1,4;2,1;erkély
Basahíd utca;3;2,2;háló
Boglárka utca;2,7;3,7;háló
Tomori Pál utca;5,5;2,8;konyha
Bánki Donát utca;2;2,3;háló
Dévai utca;1,2;1,3;erkély
Martinovics utca;4,1;2,5;háló
Pipóhegy utca;4,7;3,6;háló
Basahalom utca;3;3,5;háló
Kisvasút sor;2,7;2,7;terasz
Kisvasút sor;2,9;2,8;háló
Vértanú utca;4,5;3,1;háló
Cser utca;3,1;3,9;konyha
Bondorhát utca;2,2;2,9;fürdőszoba
Hajlat utca;4,9;3,9;háló
Kisszőlő utca;5,5;4,3;nappali
Kalcit köz;3,5;3,7;háló
Tank utca;3,7;2,7;háló
Felvégi utca;2,7;4,8;konyha
Nyugati sor;2;2,1;fürdőszoba
Martinovics utca;1,2;1,3;WC
Mécsvirág utca;3;3,4;gardrób
Pisztácia utca;3,3;5,8;konyha
Verseci utca;1,2;1,1;WC
Körtöltés utca;2,9;3,8;háló
Pinty utca;3,1;4,4;háló
Mézeskard utca;3,9;2;gardrób
Béke utca;2,5;3,6;háló
Fürtös köz;2,2;3,2;konyha
Szíjártó köz;3,2;4,2;háló
Százados utca;4,2;4;konyha
Bölcsőde utca;4,1;2,1;háló
Bornemissza utca;2,7;3,5;fürdőszoba
Vénusz utca;5,4;4,1;nappali
Dohányos utca;4,2;3,7;nappali
Zöldmező utca;2,5;4,5;fürdőszoba
Vadszőlő utca;3,3;4,2;háló
Mimóza utca;1,3;1;kamra
Madárkút utca;2,8;2,7;kamra
Péchy utca;5,1;5,6;konyha
Tigér utca;6,9;5,9;nappali
Só utca;3,9;5;nappali
Borbála utca;2,3;2,4;dolgozószoba
Átrium köz;1,5;1,5;WC
Tinódi Sebestyén tér;2,5;4,1;háló
Kőporos tér;4,5;3,2;háló
Völgy utca;3,6;3,2;háló
Kisfenyves utca;2,8;2,5;erkély
Mézeskard utca;3,7;4;háló
Kőporos tér;5,9;2,3;konyha
Margitvirág utca;2,8;2,6;fürdőszoba
Hajlat utca;2,6;4,8;háló
Panoráma tér;6,8;6,3;nappali
Géza utca;3,4;3,2;háló
Arany Sándor utca;4,4;4,7;háló
Kétmalom utca;4;3,7;nappali
Basahalom utca;3,6;2,5;háló
Tizeshonvéd utca;3;3,7;háló
Ludányi Antal utca;3,7;2,6;dolgozószoba
Ráchegy utca;1,4;1,3;WC
Tenkes köz;3,7;4;háló
Tükrösszív utca;3,9;4,3;fürdőszoba
Szatymazi utca;2,2;4;háló
Parittya utca;3;4,5;fürdőszoba
Kút utca;3,6;4,2;háló
Nagyecsed utca;4,1;3,4;háló
Felhő utca;3,8;2,3;fürdőszoba
Gyöp sor;3,5;4,3;nappali
Nárcisz köz;4,3;3,6;háló
Guti utca;3,1;3,4;dolgozószoba
Muskátli utca;3,5;4,4;háló
Ispotály utca;3,2;4,4;konyha
Csöndes utca;1;1,9;erkély
Károli Gáspár utca;2;2,3;gardrób
Vajk utca;3,5;2;háló
Mimóza utca;2,7;2,7;erkély
Mészöly Géza utca;3,7;3,8;háló
Unokakert utca;1,7;3,3;kamra
Páfrány utca;1,4;1,3;WC
Fóliás utca;2,1;1,5;kamra
Majdáni sor;3;3,7;konyha
Veresgyűrű utca;3,9;2,9;dolgozószoba
Debreceni út;3,1;2,9;dolgozószoba
Ezüst utca;2,9;2,8;háló
Unokakert utca;2,5;2,6;gardrób
Tábornok utca;3,6;2,5;háló
Kadét utca;3,6;2,5;fürdőszoba
Nagyecsed utca;2,4;3,8;fürdőszoba
Péczely utca;2,2;2,8;konyha
Halasi utca;2,9;2,9;háló
Kertész utca;4,4;4;nappali
Rózsavölgy utca;2,1;2,2;fürdőszoba
Közép fasor;3;2,3;fürdőszoba
Vadrózsa sor;4,8;4,3;háló
Rózsástelep utca;4,1;4,2;nappali
Bóbita utca;4,5;4,6;nappali
Ludányi Antal utca;5,1;6,8;nappali
Bodomi út;3;2,1;háló
Nagyrét utca;1,3;1,3;WC
Dohánykert utca;2,7;4,3;háló
Függetlenség utca;2,3;2,1;gardrób
Ezüst utca;2,1;3,4;háló
Ezüstfa utca;3,7;2,3;fürdőszoba
Bondorhát utca;3,5;3,9;háló
Telep utca;1,7;2,2;gardrób
Rózsástelep utca;2,6;3,6;dolgozószoba
Költő utca;3,1;2,3;terasz
Vásártér sor;6,9;5,4;nappali
Perényi utca;2,3;3,6;konyha
Mata János utca;3,4;4,4;háló
Sástavi út;3,3;3,6;háló
Szérűskerti sor;2,8;4,8;háló
Balzsamfű utca;2,1;2,1;mosókonyha
Védőnő utca;2,6;2,2;fürdőszoba
Vályogos utca;2,5;2,2;erkély
Ingovány utca;4,3;4,2;háló
Bajonett utca;1,3;1,3;WC
Avar köz;1,4;1,3;WC
Bárány utca;3,5;2,2;fürdőszoba
Körtvélyes utca;3,7;3,6;fürdőszoba
Szövetkezeti út;3,4;2,2;fürdőszoba
Védőnő utca;2,6;3,7;konyha
Daru utca;2,4;2,8;fürdőszoba
Szitakötő utca;2,3;4;háló
Nagyszántó utca;2,6;2,3;terasz
Zárda utca;5;2,7;fürdőszoba
Vadkörte utca;1,4;1,3;WC
Máté utca;5,9;4,2;nappali
Szalapart utca;2,2;2,1;konyha
Hortenzia utca;3,6;4,5;háló
Tímár utca;2,4;4;dolgozószoba
Pincés utca;1,3;1,5;WC
Pulz utca;1,9;2,5;gardrób
Olajfa utca;4,5;3,8;háló
Ezüstnyár utca;3;2;háló
Keszeg utca;5,2;4,6;nappali
Iparkamara utca;1,3;1,4;WC
Öreghegyi utca;1,3;1,3;WC
Déri tér;1,4;1,4;WC
József Attila sugárút;3;4,5;háló
Pesti utca;2;3,3;mosókonyha
Nagyhát utca;3,5;2,8;háló
Gyergyó utca;3,5;2,7;dolgozószoba
Görgény utca;1;1,4;WC
Szitás utca;3,7;3,9;kamra
Sarlófű utca;5,7;3,6;nappali
Ókút utca;2,2;2,5;fürdőszoba
Felhő utca;3,7;2,3;háló
Szikigyakor utca;2,8;2,5;dolgozószoba
Vajk utca;3,8;3,1;háló
Nyilassy utca;3,5;2,7;dolgozószoba
Platán utca;3,9;2,4;háló
Hattyas utca;3;4,3;fürdőszoba
Teve utca;3;2,1;kamra
Csertő utca;3,1;2,1;háló
Bartók Béla út;2,5;2,3;háló
Nagy-Eged utca;3,2;2,2;kamra
Kisvölgy utca;2,3;3,6;fürdőszoba
Harcsa utca;2,5;2,6;fürdőszoba
Csúcs utca;3;3,2;gardrób
Toldás köz;4,3;4,1;háló
Apály utca;4;4,5;nappali
Olajfa utca;4,2;4,7;fürdőszoba
Cserép köz;2,7;2,4;háló
Sövény utca;3,1;3;háló
Hegyköz utca;1,2;1,6;kamra
Szoboszlói út;4;2,8;háló
Kölcsey Ferenc tér;3,2;2,8;dolgozószoba
Kisfenyves utca;4,1;4,4;fürdőszoba
Huszár utca;4,1;4;háló
Fácán utca;2;2,8;konyha
Fűtőház köz;1,7;2,2;gardrób
Örökzöld köz;3,8;3,6;dolgozószoba
Ostoros utca;1,7;1,8;kamra
Törő utca;4,5;3,1;konyha
Péczely utca;3,1;3,3;háló
Pilinszky János utca;2;3,2;dolgozószoba
Debreceni út;3,6;3,8;háló
Törő utca;2,1;2,6;dolgozószoba
Törő utca;3,5;3,9;dolgozószoba
Vadliba utca;2,1;3,1;dolgozószoba
Koszorú utca;1,2;1,2;WC
Kard utca;1,7;1,3;WC
Károli Gáspár utca;4;4,2;háló
Rahói utca;3,8;3,3;háló
Rózsaszéki utca;1,3;1,2;WC
Berlini körút;1,4;1,8;WC
Kard utca;2,7;2,1;erkély
Újsor utca;2,3;2,1;fürdőszoba
Cserfa utca;3,1;3,7;háló
Vadkörte utca;1,3;1,8;kamra
Fűzfa utca;2,2;3,6;háló
Hangyás köz;5,5;6,6;nappali
Péchy utca;3,8;2,9;háló
Nagyecsed utca;3,4;3,5;mosókonyha
Vályogos utca;3,5;3,6;háló
Radnóti utca;1,5;1,6;erkély
Kinizsi utca;1,7;1,6;kamra
Gőz utca;4,9;4,4;nappali
Ókút utca;1,2;1,7;erkély
Balzsamfű utca;3,7;3,3;gardrób
Liliomkert utca;3,6;3,7;kamra
Herke utca;2,3;3,9;dolgozószoba
Nagyecsed utca;2,4;3,1;fürdőszoba
Mátyás király utca;2,9;2,2;erkély
Turul utca;2,1;3,6;konyha
Kürt utca;2,1;3,1;háló
Nagyhát utca;2,8;3,9;kamra
Vadszőlő utca;3;4,1;háló
Tenkes köz;1,2;1,4;WC
Tóparti út;2,9;3,1;háló
Damjanich utca;2,4;3,9;háló
Péczely utca;2,9;2,8;fürdőszoba
Iszalag út;3,9;2,5;konyha
Kokárda utca;1;1,2;WC
Knézich Károly utca;4,5;3,1;háló
Erdőstarcsa utca;1,3;1,3;WC
Szikigyakor utca;2,2;3,8;háló
Nyárád utca;6,9;4,4;nappali
Panda tér;3,4;2,3;háló
Harasztos köz;2;1,1;kamra
Kapisztrán út;2,4;3,7;háló
Rézöntő utca;2,9;3,7;dolgozószoba
Körtvélyes utca;2,7;2,3;konyha
Salétrom utca;1,3;1,1;WC
Malvin utca;2,1;2,4;gardrób
Szepesi utca;4,5;3,6;háló
Hatvan utca;1;1;WC
Vándor köz;4,2;3,9;nappali
Merkúr utca;3,1;2,4;konyha
Cséplő utca;3,7;4,2;nappali
Damjanich utca;2,1;2,2;fürdőszoba
Éger utca;3,6;5,2;konyha
Föld utca;1,1;2;WC
Kond utca;3,9;2,1;fürdőszoba
Bartók Béla tér;4,6;3,6;nappali
Debreceni út;3,1;2,6;konyha
Kékszőlő utca;1,6;1,7;kamra
Liliomkert utca;3,4;2,7;dolgozószoba
Bartók Béla tér;1,4;1,1;WC
Cifrakapu utca;1,1;1,6;WC
Szarvas tér;3,5;4,1;konyha
Varsa utca;4,7;3,9;nappali
Basahíd utca;1,9;2,3;erkély
Czibula utca;1,7;3,3;kamra
Ispotály utca;3,3;3,1;háló
Herke utca;1,1;1,5;WC
Törő utca;3,6;4,3;háló
Bodrog utca;3,9;3,5;háló
Védőnő utca;2,1;1,3;erkély
Trafó köz;1,6;1,7;WC
Liliomkert utca;2,3;4,6;konyha
Öreghegy utca;3,3;3,1;konyha
Zöldmező utca;2,8;3,3;konyha
Kecsege utca;3;3;háló
Oltványi utca;2;5;fürdőszoba
Lehel utca;2,9;2,8;dolgozószoba
Ráchegy utca;3,3;3,9;konyha
Csörsz utca;4,9;3,5;nappali
Cser utca;1,4;2;erkély
Gyertyaöntő utca;3,3;2,9;háló
Tank utca;4;3,1;háló
Székhalom köz;3,4;4,1;konyha
Törő utca;2,2;2,3;erkély
Baross utca;1,2;2;WC
Ősz utca;1,6;1,3;erkély
Sziget utca;3,1;2,5;kamra
Eszterházy tér;3,5;2,9;konyha
Bimbó utca;2,6;2,5;fürdőszoba
Harkály utca;4,1;5,1;nappali
Kormorán utca;4,8;2,5;háló
Szoboszlói út;3,6;3,3;mosókonyha
Őszapó utca;1,1;1,7;erkély
Palánták dűlő;2,7;2;fürdőszoba
Zsák utca;4,3;4,7;nappali
Nagy-Eged utca;3,2;4,7;háló
Kard utca;3,2;2,1;fürdőszoba
Kisfaludy Sándor út;1,3;1,3;WC
Szentmihályteleki utca;2,3;3;háló
Szalapart utca;3,1;2,3;háló
Katicavirág utca;5,7;6,6;nappali
Vénusz utca;2,9;3,4;konyha
Május 1. utca;2,1;2,9;háló
Bürök utca;5,8;3;konyha
Gomba utca;5,3;3,8;konyha
Varsa utca;3,4;3,6;háló
Kond utca;4,1;5,5;nappali
Egyetem tér;4,2;3,5;konyha
Széperdő utca;2,5;2,3;háló
Vág utca;1,7;3;kamra
Honvéd utca;2,2;3,7;háló
Kincseshegy utca;1,3;1,2;erkély
Tárnokfű utca;2,8;2,1;fürdőszoba
Pék utca;2,1;2,5;fürdőszoba
Berlini körút;3,1;4,2;háló
Verőszala utca;2,9;2,6;háló
Vájáriskola utca;5,8;4,6;nappali
Mécsvirág utca;2,6;2,3;konyha
Diótörő utca;1,4;1,3;WC
Fonógyári út;2,1;2,6;erkély
Károli Gáspár utca;3;2,7;fürdőszoba
Kincseshegy utca;2,9;3,3;konyha
Limány köz;2,4;3,8;konyha
Nagyfekete út;4,9;3,9;háló
Csörsz utca;2,2;2,5;háló
Kőporos tér;1,9;1,6;WC
Trafó köz;1,4;1,3;WC
Nagy Jenő utca;2,2;4;háló
Csikós utca;3,7;4,2;konyha
Szöcske utca;3,3;3,1;terasz
Dália utca;4;5,8;nappali
Örökzöld köz;0,8;0,8;kamra
Csöndes utca;2,8;3,8;háló
Sándorfalvi út;2,9;2,5;fürdőszoba
Szikra utca;1,3;1,1;kamra
Kokárda utca;3,1;3,5;háló
Liliomkert utca;3,4;4,5;fürdőszoba
Szigony utca;3,3;3,3;dolgozószoba
Szigony utca;1,4;2,6;erkély
Rézöntő utca;3,1;2,5;háló
Szoboszlói út;1,4;2;WC
Nagyszéki út;2,5;2,4;fürdőszoba
Boldizsár utca;1,6;1,3;kamra
Boglárka utca;0,8;0,9;kamra
Pápai utca;3;2,4;háló
Március 15-e utca;4,8;4,2;nappali
Zárda utca;5,8;4,7;nappali
Krónikás utca;2,8;4,6;háló
Patak utca;3,4;2,3;háló
Liget utca;4,7;3,9;nappali
Fogarasi utca;3,9;3,9;dolgozószoba
Bulcsú utca;2,8;3,8;fürdőszoba
Füzes utca;2;2,1;dolgozószoba
Mocsáry Lajos utca;2,5;2,8;erkély
Szíjártó köz;1,7;1,5;kamra
Porzó utca;2,6;2,8;erkély
Balzsamfű utca;5,3;5,5;nappali
József Attila utca;2,2;2,1;háló
Petőfi tér;1,3;1,1;WC
Bartók Béla út;5,8;5;nappali
Küküllői utca;4;2,7;fürdőszoba
Telep utca;3;2,4;konyha
Gyékényesi út;4,5;3,4;háló
Kece utca;2;2,1;mosókonyha
Cserfa utca;1,7;3,1;kamra
Kolónia utca;3,3;3,4;háló
Bem utca;2;4,3;fürdőszoba
Fenyőmag utca;1,9;1,1;WC
Földibodza utca;2,4;2,7;konyha
Mezőhegyi út;1,7;1,4;erkély
Harangos utca;1,9;1,8;kamra
Bocskai utca;4,1;3,9;fürdőszoba
Kartács utca;2,3;2,8;háló
Mókus utca;1;1,1;WC
Szentháromság utca;3;2,3;fürdőszoba
Nagy-Eged utca;3,3;2,3;kamra
Páfrány utca;2,9;2,8;fürdőszoba
Balzsamfű utca;4,9;3,1;fürdőszoba
Pákász utca;2,9;3,9;háló
Péchy utca;3;3,4;mosókonyha
Bartók Béla út;5,5;4,7;nappali
Lenkei János utca;4,1;5,3;nappali
Páfrány utca;1,1;1,5;WC
Bánki Donát utca;4,5;3,7;nappali
Újhelyi köz;2,9;2,2;erkély
Szarvas tér;2,4;3,5;dolgozószoba
Huba köz;5,3;5,9;nappali
Toldás köz;6,9;5,1;nappali
Huszár utca;4,2;3,1;fürdőszoba
Sástavi út;3,6;2,3;fürdőszoba
Margitvirág utca;3,4;3,8;konyha
Kanális utca;3,7;5,7;nappali
Gyulafehérvári utca;4,5;4,4;háló
Hajnalka utca;1,3;1,3;WC
Várad utca;3,9;2,3;fürdőszoba
Föld utca;1,6;3,2;kamra
Lévai Béla utca;4;2,8;háló
Gyékényesi út;4,4;4,8;háló
Tükrösszív utca;6,6;6,9;nappali
Küküllő utca;6,9;5,6;nappali
Hajnalka utca;3,1;3,7;háló
Törökverő utca;2,3;3,8;fürdőszoba
Kölcsey Ferenc tér;3,3;3,2;dolgozószoba
Fenyő utca;6,5;6,2;nappali
Szőlő utca;2,2;2,2;fürdőszoba
Kormorán utca;4,9;6;nappali
Kormorán utca;3,2;3,9;háló
Makó utca;1,1;2;WC
Széna tér;2,3;2,5;erkély
Boszorkánysziget utca;5;5,2;nappali
Szólát utca;4,6;3,7;nappali
Bem utca;4,6;3,5;fürdőszoba
Mocsár utca;2,3;2,7;fürdőszoba
Medok utca;2,9;3,9;háló
Cserfa utca;6,9;4,6;nappali
Jégmadár utca;2,9;2,8;kamra
Veresgyűrű utca;1;0,9;kamra
Boszorkánysziget utca;2,5;2,7;háló
Tükrösszív utca;4,6;6,9;nappali
Átrium köz;3,5;5,1;konyha
Szérűskerti sor;3,7;3,9;konyha
Dáni utca;2,1;3;háló
Bánk bán utca;2,7;2,4;dolgozószoba
Eszperantó tér;4,3;4,8;nappali
Pinty utca;2,6;4;háló
Népkert sor;2,4;2,1;erkély
Közép fasor;2,8;2,6;fürdőszoba
Verőszala utca;3,6;2,8;háló
Zsoldos köz;1,1;1,2;WC
Pacikert utca;2,1;2,1;dolgozószoba
Dorogi utca;4,2;3,5;háló
Síp utca;3,6;3,4;gardrób
Salétrom utca;2;2,8;fürdőszoba
Kormorán utca;2,6;5,7;konyha
Ludányi Antal utca;3,2;2,2;mosókonyha
Hegyköz utca;2,4;3;fürdőszoba
Csemete utca;2,3;3,7;háló
Odú utca;2,4;1,8;erkély
Kokárda utca;1,3;1,5;erkély
Küküllő utca;5,7;5,9;nappali
Otthon utca;2,5;4;háló
Gyimesi utca;5,7;6,7;nappali
Szoboszlói út;3,8;3,2;háló
Monostorerdő köz;2,6;2,5;háló
Nyugati sor;2,3;2,5;erkély
Daru utca;3,6;3,2;háló
Kálmos utca;2,3;1,9;erkély
Küküllő utca;2,4;3,8;dolgozószoba
Füzes utca;5,8;4,2;konyha
Nárcisz utca;6;5,7;nappali
Nagykőporos út;2,7;3,8;kamra
Gyékényesi út;2,9;2,5;terasz
Káka utca;1,8;1,6;gardrób
Só utca;0,9;0,9;kamra
Vályogos utca;3,3;3,9;háló
Tigér utca;4,2;4,4;háló
Pincés utca;3,7;4,6;nappali
Pincés utca;3;2,3;háló
Csíz utca;1,1;2,5;erkély
Kis-Tisza utca;1,9;1,9;kamra
Vándor köz;4,5;4,3;háló
Vándor köz;2,9;2,6;háló
Gyékényesi út;1,8;1,1;WC
Nyitra utca;3,7;4,7;konyha
Gomba utca;3,1;3,1;kamra
Közép fasor;2,4;2,1;háló
Lámpás utca;0,9;0,9;kamra
Küküllő utca;4,6;2,7;háló
Ipartelepi köz;2,3;2,2;erkély
Vadrózsa sor;3,4;3,9;mosókonyha
Ipar dűlő;3,1;3,4;konyha
Telep utca;2,7;3,4;háló
Szikigyakor utca;4,2;3,7;nappali
Kormorán utca;2,6;3,7;háló
Kisfenyves utca;1,3;1,5;WC
Balzsamfű utca;3,4;3,1;fürdőszoba
Cser utca;2,9;3,4;fürdőszoba
Pécsi út;3,7;2,7;háló
Kapisztrán út;3,2;2,9;dolgozószoba
Rozmaring utca;2,1;3,6;gardrób
Füzes utca;2,9;2;kamra
Hegyköz utca;2;1,6;gardrób
Széperdő utca;4,7;5,2;nappali
Bán utca;3,6;2,6;háló
Tanbánya út;5,4;5,2;nappali
Káka utca;4,6;4;konyha
Búcsú sor;1,5;1,1;WC
Szikigyakor utca;3,6;2,2;fürdőszoba
Barackos utca;2,7;3,5;háló
Tócópart utca;3,3;4,8;háló
Úszó utca;2,8;2,2;fürdőszoba
Lechner tér;4;4,2;háló
Hasító utca;2,5;3,5;háló
Harkály utca;3,2;2,6;háló
Vértanú utca;3,2;4,2;fürdőszoba
Ostoros utca;1,7;1,6;WC
Lévai Béla utca;3;4,8;konyha
Szepesi utca;2,5;3;dolgozószoba
Pihenő utca;2,9;3,9;dolgozószoba
Szikra utca;2,4;2,5;gardrób
Nagybotos utca;3,9;2,4;fürdőszoba
Szikes utca;3,4;4,3;háló
Vadkörte utca;2,6;3;háló
Nagy-Eged utca;3,2;3,5;fürdőszoba
Veresgyűrű utca;1,5;1,1;WC
Öreghegy utca;2,3;2,6;fürdőszoba
Balzsamfű utca;2,9;4,5;háló
Ősz utca;2,2;2,3;fürdőszoba
Orgona sor;3,4;4,3;háló
Csörsz utca;3,4;2,4;háló
Toldás köz;3;2,2;kamra
Zsurló utca;3;2,6;dolgozószoba
Éger utca;2,3;4,9;fürdőszoba
Hajnalcsillag utca;3,1;3,7;háló
Hatház utca;3,1;3,5;háló
Olasz utca;2,9;2,1;háló
Mata János utca;5,2;5;konyha
Pitypang utca;6,7;6,5;nappali
Bóbita utca;2,7;2;háló
Ujjaskosbor utca;3,9;2,8;konyha
Kis-Tisza utca;1,1;1,4;WC
Vajdahunyad utca;3;2,7;háló
Vásártér sor;3,1;4,1;háló
Kisfenyves utca;1,8;1,5;WC
Kút utca;2,6;2,7;háló
Debreceni út;3,4;2;konyha
Hámfa utca;2,4;2,3;fürdőszoba
Vadkerti tér;3,7;3,9;háló
Cserép köz;2,4;3,4;dolgozószoba
Vízimolnár utca;2,9;3,8;fürdőszoba
Almafa utca;2,9;4;fürdőszoba
Öreghegyi utca;3,2;4;háló
Kartács utca;4,5;6;nappali
Vaskapu utca;4,2;2,3;háló
Tomori Pál utca;5,9;2;konyha
Szilágyság utca;0,9;1;kamra
Bondorhát utca;2,1;2,3;erkély
Szövetkezeti út;3,1;3,1;háló
Kondorosiér út;2,4;2,4;fürdőszoba
Nagyecsed utca;2,6;4,5;háló
Bánk bán utca;2,1;3,3;háló
Liliomkert utca;6,3;6,6;nappali
Akácfa utca;2,5;3,2;fürdőszoba
Malvin utca;3,2;3,9;fürdőszoba
Báthori utca;4,4;3,1;konyha
Barcaság utca;3;5;háló
Ludányi Antal utca;1,3;1,4;WC
Szikigyakor utca;1,9;2;kamra
Marostorok utca;3,4;4,2;háló
Körtöltés utca;2,8;3;fürdőszoba
Felvégi utca;2,6;2,1;háló
Körmöcbányai utca;2;4;háló
Fonógyári út;2,5;3,7;háló
Vaszy Viktor tér;1,3;1,2;WC
Ezüst utca;4,2;4,3;nappali
Ifjúság útja;1,8;2,5;erkély
Pisztácia utca;2,8;3,5;háló
Bokros utca;3,6;3,4;háló
Bondorhát utca;3;2,2;konyha
Herke utca;2,4;4;konyha
Szövetkezeti út;4;5,9;nappali
Herke utca;2,6;3;dolgozószoba
Kapisztrán út;3,3;2,9;háló
Rétikanyar utca;1,5;1,8;erkély
Bacsó Béla utca;2,1;4,1;háló
Szérűskert utca;2,3;2,7;erkély
Nagyszántó utca;2,5;3,1;kamra
Csöndes utca;4;3,4;konyha
Balzsamfű utca;2,8;3,5;mosókonyha
Felhő utca;4,8;4,9;nappali
Kastély köz;3,4;2,4;dolgozószoba
Józsakert utca;1,1;1,2;kamra
Sziget utca;7;4,8;nappali
Parittya utca;2,4;3,5;mosókonyha
Bacsó Béla utca;4,1;4;háló
Vértanú utca;4,3;5,7;nappali
Balzsamfű utca;3,9;2,1;gardrób
Tisza utca;2,1;2,1;fürdőszoba
Vadmálna utca;4,3;4,8;háló
Telep utca;2,4;2,4;gardrób
Szikigyakor utca;4,3;2,1;háló
Bodomi út;2,7;2,5;fürdőszoba
Krisztina utca;3,3;3;fürdőszoba
Vályogos utca;3,6;4;háló
Malajdok út;2,4;3,7;háló
Sarlófű utca;3;3,2;konyha
Küküllői utca;2,8;3,6;háló
Pápai utca;1,7;1,7;erkély
Gomba utca;4,2;6,5;nappali
Gorkij utca;2,3;3,8;kamra
Nagyrét utca;4,6;3,6;nappali
Határőr utca;2,8;4,1;háló
Ungvár utca;3,2;2,3;gardrób
Tündérhegy utca;3,6;2,8;háló
Szentmihályteleki utca;3,5;2,1;háló
Felhő utca;1,9;1,1;kamra
Zólyom utca;0,9;0,8;kamra
Nárcisz köz;4,5;2,8;fürdőszoba
Küküllő utca;2,9;2,9;erkély
Cser utca;1,8;2,3;gardrób
Palóc utca;5,5;6,3;nappali
Sajtoló utca;2,3;2,1;konyha
Fekete István utca;2,9;2,3;fürdőszoba
Gyékényesi út;5,8;5,5;nappali
Újhelyi köz;4,4;2,9;fürdőszoba
Galagonya utca;2,6;3,3;terasz
Kece utca;3;2,1;terasz
Bodrog utca;4,1;3,8;konyha
Balzsamfű utca;4,5;3;háló
Pasztinák köz;5,5;4;nappali
Hasító utca;1,3;1,9;erkély
Vágóhíd utca;4,1;3,3;háló
Basahíd utca;2,5;3,3;dolgozószoba
Trinitárius utca;4,9;6,9;nappali
Trencsén utca;1,2;1,1;WC
Lóding utca;2,7;2,1;háló
Bartók Béla út;4;3;dolgozószoba
Pinty utca;2,8;3,2;kamra
Papzug utca;3,6;2,7;fürdőszoba
Ezüstnyár utca;2,8;3,4;háló
Pemetefű utca;2;4,2;háló
Páfrány utca;2,3;2,7;fürdőszoba
Fokos utca;1,1;1,2;WC
Barna utca;5;5;nappali
Tisza utca;2,5;2,6;fürdőszoba
Kadét utca;2,9;4;konyha
Cserfa utca;3;4,9;konyha
Kormorán utca;3,1;2,3;konyha
Kondorosiér út;2;3,1;konyha
Nyárád utca;1,8;1,1;WC
Krisztina utca;3,4;2,3;háló
Dinnyés utca;3,3;3,7;fürdőszoba
Pemetefű utca;3,7;2,3;háló
Agyagos utca;1,6;1,7;kamra
Ostoros utca;4,4;3,7;háló
Vető utca;2,9;4,2;konyha
Föld utca;3,4;2,2;kamra
Cserfa utca;4,8;4,4;fürdőszoba
Függetlenség utca;2,8;2,9;konyha
Harcsa utca;4,3;2,5;konyha
Rézvirág utca;2,6;4,1;háló
Zöldmező utca;3,1;3,3;gardrób
Dévai utca;3,1;2,2;konyha
Katicavirág utca;4,7;4,9;háló
Bondorhát utca;4,2;4;nappali
Hajlat utca;3;2,7;kamra
Oltványi utca;3,4;3;terasz
Fenyőmag utca;3,2;3,4;kamra
Malajdok út;2,3;2,1;fürdőszoba
Kölcsey Ferenc tér;4,3;4,4;nappali
Tóth Árpád utca;4,7;4,5;konyha
Szikigyakor utca;2,1;2,2;háló
Kút utca;4;2,4;háló
Aranypohár dűlő;2,1;2,9;fürdőszoba
Nagybotos utca;4,2;4,1;nappali
Szövetkezeti út;3,9;2,4;háló
Gábor Áron utca;3,9;3,8;háló
Szentiváni dűlő;3,3;4,6;háló
Iszalag út;2,6;2,5;dolgozószoba
Föltámadás utca;3;1,4;erkély
Téglagyár utca;1;1,4;WC
Tas utca;1,9;1,7;erkély
Szalmafonó utca;3,7;3;háló
Harcsa utca;4,4;3;háló
Mák utca;2,4;2,5;fürdőszoba
Barátság utca;2,7;2,9;háló
Remenyik Zsigmond utca;2,4;3,2;háló
Csíkhal utca;3,8;2,7;fürdőszoba
Nagybotos utca;5,3;5,6;nappali
Kokárda utca;3,9;2,5;háló
Szepesi utca;3,4;3;fürdőszoba
Salétrom utca;3,5;2,4;háló
Pinty utca;2,5;4,2;háló
Ág utca;5,6;6,8;nappali
Cinke utca;2,3;2,6;fürdőszoba
Honvéd utca;2,2;1,4;erkély
Kis-Tisza utca;2,3;2,4;háló
Vásárhelyi Pál utca;2,7;2;fürdőszoba
Százados utca;4,6;3;háló
Széna tér;2,5;3,4;fürdőszoba
Sajtoló utca;2,8;3,3;háló
Ostoros utca;1,7;1;WC
Vécsey utca;3,1;1,5;kamra
Piac utca;2,7;3,5;háló
Ostoros utca;4;3,9;fürdőszoba
Pacikert utca;2,5;2,8;háló
Lóverseny utca;3,7;3;terasz
Maklári út;3,9;4,3;nappali
Szilvásújfalvi utca;4,3;3,8;fürdőszoba
Sajó utca;3;1,5;kamra
Szarvas tér;1,9;2;WC
Nyugati sor;4,2;6,3;nappali
Széperdő utca;4,2;2,4;háló
Bárány utca;4,3;3,9;háló
Hattyú utca;2,8;2,2;háló
Szikra utca;3,6;5,6;nappali
Fehérpart utca;6,5;6,3;nappali
Bornemissza utca;3,3;3,7;háló
Zsák utca;3,8;2,3;háló
Szercsika utca;2,6;2,1;fürdőszoba
Bornemissza utca;6,7;6,8;nappali
Vöcsök utca;2,6;2,6;háló
Dohánykert utca;3,8;2,1;fürdőszoba
Fehérpart utca;1,4;1,9;WC
Nagy Jenő utca;4,3;3,6;háló
Kosbor köz;4,9;3,9;nappali
Péczely utca;0,9;0,9;kamra
Lehel utca;4,9;4,3;konyha
Hajlat utca;6,5;4,9;nappali
Sarlófű utca;4,5;3,1;konyha
Fehérpart utca;1,2;1;WC
Pesti utca;2,8;3,8;mosókonyha
Csákósor utca;2,2;2,9;háló
Töviskes utca;0,9;0,8;kamra
Károli Gáspár utca;4;3,9;háló
Ludányi Antal utca;2,6;4,2;háló
Közép fasor;3,6;4,3;nappali
Hell Miksa utca;1,5;1,1;WC
Nagyecsed utca;2,7;2,5;fürdőszoba
Major utca;2,2;4,7;konyha
Méhkas utca;2,7;2,2;fürdőszoba
Nagy Jenő utca;2,4;3,1;konyha
Ezüstnyár utca;0,8;1;kamra
Bazsarózsa utca;2,1;3,8;háló
Harasztos köz;4,3;3,1;konyha
Bartók Béla út;1,4;1,4;kamra
Fonógyári út;3,5;3,5;fürdőszoba
Perczel Mór utca;3;2,9;fürdőszoba
Arany Sándor utca;3,2;3,2;háló
Gombvirág utca;2,9;4,3;háló
Szék utca;2,8;3;fürdőszoba
Balaton utca;1,5;2,3;erkély
Tomori Pál utca;2,8;2;erkély
Trinitárius utca;2,7;2,5;fürdőszoba
Kölcsey Ferenc tér;1,1;1,3;WC
Törökverő utca;4,1;3;háló
Majdáni sor;2,2;2,4;gardrób
Pancsovai utca;2,7;2,8;háló
Cifrakapu utca;3;2,3;erkély
Zsák utca;2;2,4;erkély
Harcos sor;2,7;3,4;mosókonyha
Kolónia utca;4,3;4;nappali
József Attila sugárút;3,5;2,2;dolgozószoba
Úszó utca;4;3,5;háló
Nyárád utca;3,6;4;fürdőszoba
Bondorhát utca;2,1;2;konyha
Bethlen Gábor utca;2,7;2,4;konyha
Cinege utca;3,6;4;háló
Pelyva utca;0,8;0,9;kamra
Palicsi utca;4,1;3,6;háló
Hatvan utca;5;6,9;nappali
Jávorka utca;3,7;3,7;dolgozószoba
Vadszőlő utca;1,9;1,3;erkély
Völgyérhát utca;4,1;3,6;háló
Knézich Károly utca;2,5;2,8;dolgozószoba
Vág utca;4,4;3,7;fürdőszoba
Nyugati sor;6;6;konyha
Rózsamajor köz;3,7;3,7;háló
Kacagány utca;4;2,7;háló
Fokos utca;4;2,5;konyha
Hasító utca;3;2,5;háló
Hatvan utca;4,7;4,9;háló
Szentiváni dűlő;2,4;3,5;mosókonyha
Debreceni út;1;0,8;kamra
Lakatgyár utca;2,6;2,2;fürdőszoba
Balaton utca;3,5;3,9;konyha
Gyulafehérvári utca;2,6;2,8;erkély
Füzes utca;3,2;3,2;háló
Bondorhát utca;3,7;2,5;háló
Sarlófű utca;2,5;2,7;erkély
Cser utca;3,9;3,7;nappali
Ókút utca;1;1;kamra
Debreceni út;2,4;2,4;fürdőszoba
Piac utca;2,7;2,8;háló
Pesti utca;3;2,3;erkély
Kékszőlő utca;2,7;2,1;háló
Benczúr Gyula utca;3,7;3,4;mosókonyha
Dolgos utca;2,5;1,9;gardrób
Sajtoló utca;2,4;2,6;fürdőszoba
Pinty utca;4;3;kamra
Kisbánya utca;1,9;2,1;gardrób
Herke utca;0,9;1;kamra
Zsindely utca;3,5;3,6;dolgozószoba
Knézich Károly utca;3,2;3;fürdőszoba
Csutorás utca;1,2;1,4;WC
Kond utca;1,1;1,2;WC
Szentmihályteleki utca;1,2;1,1;WC
Knézich Károly utca;3,7;4;fürdőszoba
Tábornok utca;1,1;1,1;WC
Vadrózsa sor;4,5;2,9;konyha
Magház utca;5,2;5,8;nappali
Jázmin utca;2,5;2,2;fürdőszoba
Hajlat utca;3,7;3;gardrób
Zsák utca;3;3,9;háló
Nagyfekete út;3,8;2,9;fürdőszoba
Kolónia utca;1,3;1,8;kamra
Nyilassy utca;3,8;4,2;háló
Orgona sor;3,5;3,8;háló
Almagyar köz;4,4;3,5;háló
Lámpás utca;3,2;3,3;háló
Szitakötő utca;3,7;2,3;dolgozószoba
Síntelep utca;2;3,3;háló
Széna tér;2,2;2,3;háló
Pék utca;1,9;1;erkély
Csertő utca;3,2;3,1;fürdőszoba
Csíkhal utca;3,1;2,7;háló
Zárda utca;2,8;3;dolgozószoba
Baross Gábor utca;1,5;1,7;kamra
Pille utca;2,1;1,7;erkély
Iparkamara utca;4,6;4,9;nappali
Nyugati sor;6;2,7;konyha
Trinitárius utca;1,5;1,4;WC
Pitypang utca;3,5;3,7;mosókonyha
Gomba utca;3,7;2,9;dolgozószoba
Hortenzia utca;3,1;2,4;fürdőszoba
Fácán utca;2;1,5;erkély
Futrinka utca;3;2,8;háló
Kormorán utca;1,5;1;WC
Alkony utca;2,3;2,2;fürdőszoba
Temesvári körút;4,7;5,9;konyha
Küküllői utca;3,7;2,9;háló
Kádár utca;3,1;2,7;háló
Szentiváni dűlő;1,9;1,2;WC
Arad utca;1,3;1,3;WC
Arató utca;2;3,1;fürdőszoba
Vaskapu utca;3,1;4,2;háló
Kút utca;2,7;3,5;háló
Halasi utca;3,1;2,2;dolgozószoba
Bartók Béla út;2,2;3,9;háló
Görgény utca;2,3;3,3;háló
Lépesméz utca;2;1,8;erkély
Harmat utca;2,4;1,8;erkély
Almagyar köz;3,3;3,2;háló
Nagyszéki út;2,6;2,2;háló
Figyelőhalmi út;2;1,2;erkély
Aranypohár dűlő;3,1;2,5;konyha
Tyukod utca;1,6;1,1;kamra
Vadszőlő utca;3;3,2;háló
Körtvélyes utca;3,1;3,6;háló
Kalcit köz;2,7;3;háló
Bellegelői út;1,1;1,2;WC
Szilvásújfalvi utca;3,8;2,7;kamra
Szoboszlói út;3,1;2,9;háló
Marostorok utca;5,5;4;nappali
Papzug utca;3,8;4,4;konyha
Tóth Árpád utca;3,3;2,2;fürdőszoba
Mészöly Géza utca;1,6;1,3;kamra
Kékszőlő utca;1,5;2,5;gardrób
Erdészház utca;2,1;2,6;fürdőszoba
Gyimesi utca;1,2;1,9;WC
Nagy-Eged utca;1,3;1,9;WC
Ifjúság útja;1,6;1,5;kamra
Nagyhát utca;4,1;4,9;nappali
Vág utca;4,7;5,7;nappali
Dohánykert utca;5,9;5,4;nappali
Jázmin utca;4,5;4,8;nappali
Lomnici utca;2,9;3,7;fürdőszoba
Kálmos utca;3,1;3,5;háló
Lakatgyár utca;3,5;3,7;háló
Fogarasi utca;2,6;3,2;háló
Bondorhát utca;2,2;2,6;fürdőszoba
Teve utca;3,5;2,8;dolgozószoba
Almagyar köz;3,2;2,8;háló
Kormorán utca;1,5;1,4;WC
Görgény utca;3,5;3,3;háló
Vág utca;4,1;4,9;háló
Vadmálna utca;5;3,5;háló
Agyagos utca;2,1;3,9;fürdőszoba
Dáni utca;3,2;2,1;háló
Borbíró tér;3,8;3,7;gardrób
Tinódi Sebestyén tér;1,1;1,4;kamra
Föld utca;3,5;4,6;háló
Déri tér;2,7;4,3;háló
Dalos utca;4,3;4,2;nappali
Kisfaludy Sándor út;2;1,7;gardrób
Kőrösmező utca;2,2;1,2;erkély
Hungária utca;3,3;3,3;dolgozószoba
Ezüstfa utca;2,5;3,1;háló
Tóparti út;2,2;1,5;kamra
Felsőpércsi utca;3;3;fürdőszoba
Torma utca;1,1;1,1;WC
Merkúr utca;2,2;3,1;háló
Bodomi út;3,4;2;konyha
Balzsamfű utca;2,8;2,5;kamra
Pipóhegy utca;1,1;1,8;WC
Liliomkert utca;3,9;3,1;fürdőszoba
Nagyszéki út;3,7;3;konyha
Vándor köz;2,7;2,1;háló
Gyík utca;2,4;3,3;konyha
Orgona sor;3,1;3;háló
Keszi utca;1,6;3,9;kamra
Barackos utca;3,8;3,5;háló
Boldizsár utca;1,8;1,4;kamra
Verőszala utca;1,7;2,7;kamra
Szalonka utca;2,4;2,9;fürdőszoba
Szérűskert utca;2,6;4,2;háló
Palóc utca;4,3;4,7;háló
Kard utca;3,2;2,8;konyha
Csipkebogyó utca;2,2;2,1;erkély
Vajdahunyad utca;3,1;2,2;konyha
Kormorán utca;2,9;2,5;gardrób
Tükrösszív utca;2,5;3,4;kamra
Szék utca;2,8;2;háló
Bodomi út;4,6;4,8;nappali
Honvéd utca;2;3,7;konyha
Gyöp sor;0,9;1;kamra
Káka utca;2,9;3,9;fürdőszoba
Nagyszántó utca;4,4;4,2;fürdőszoba
Csákósor utca;2,4;1,9;gardrób
Harangos utca;4,1;3,4;háló
Kozma utca;3,5;3,6;konyha
Pék utca;2,3;3,6;háló
Bajza utca;3,1;2,1;háló
Görgey utca;3,5;3,3;dolgozószoba
Szélső sor;3,6;3,8;háló
Bordányi köz;3,8;3,8;háló
Sajó utca;4,3;3,3;háló
Csutorás utca;3,4;3,7;konyha
Köteles utca;2,7;3,2;háló
Vág utca;2,4;3,1;mosókonyha
Csobánka utca;2,9;3,6;háló
Tisza utca;3,3;2,1;konyha
Szőlő utca;2,1;2,2;gardrób
Szarvas tér;3,9;3,6;háló
Fonatos utca;4,5;4,5;konyha
Szegfűszeg utca;2,8;2,5;fürdőszoba
Ostoros utca;2;3,7;fürdőszoba
Törköly utca;2,8;3,8;mosókonyha
Budapesti út;3,3;3,7;fürdőszoba
Vértanú utca;2,5;3,2;háló
Faraktár utca;4,6;2,3;fürdőszoba
Koszorú utca;2,6;3,2;háló
Kard utca;4,8;4,1;fürdőszoba
Kincseshegy utca;3,1;3,2;háló
Vaszy Viktor tér;1,2;1,3;kamra
Basahalom utca;2,2;3,4;konyha
Szikigyakor utca;3,9;4;dolgozószoba
Trafó köz;1,2;1,8;WC
Kapisztrán út;3;2,2;fürdőszoba
Bodrog utca;4,2;3,4;háló
Keszeg utca;1,2;1,4;WC
Bartók Béla út;3,5;4,9;nappali
Unokakert utca;3,7;3,8;mosókonyha
Pesti utca;2,7;4;háló
Piac utca;2;1,3;erkély
Mészöly Géza utca;3;2,5;fürdőszoba
Ingovány utca;1,3;1,8;WC
Pécsi út;2,6;3,8;háló
Ráchegy utca;3,6;2,7;háló
Kinizsi utca;3,5;2,3;fürdőszoba
Fűtőház köz;2,9;2,9;háló
Cserép köz;2,1;2,8;fürdőszoba
Perczel Mór utca;2,6;4;háló
Bodomi út;3,8;3,2;háló
Victor Hugo utca;2,9;4,5;háló
Kormorán utca;4,6;2,8;háló
Macskási út;2,9;3,1;háló
Pitypang utca;4,7;3,9;fürdőszoba
Vigadó tér;3,4;4,3;háló
Hárs utca;3,9;4,9;fürdőszoba
Péchy utca;5,3;6,9;nappali
Ezüstfa utca;2,9;4,2;háló
Parittya utca;3,7;4,9;háló
Ajtony köz;3,1;3,5;háló
Mátyás király utca;2,4;3;mosókonyha
Lomnici utca;4,9;3,1;háló
Kormosalma utca;3;2,8;erkély
Tenkes köz;2;3,9;konyha
Dorozsma utca;3;2,1;háló
Sesztina utca;3,7;3,7;háló
Búcsú sor;2,9;2,2;fürdőszoba
Múzeum utca;6,8;4,2;nappali
Szélső sor;2,5;2,2;fürdőszoba
Kölcsey Ferenc utca;4,9;4,7;nappali
Föltámadás utca;2,5;3,4;fürdőszoba
Gyulafehérvári utca;1,7;1;kamra
Rosta köz;4,7;5,6;nappali
Szélpart utca;1,6;1,2;WC
Bartók Béla tér;1,8;1,4;kamra
Mátyás király utca;3,9;3,8;dolgozószoba
Medok utca;5;3,3;háló
8. utca;1,1;1,6;WC
Guti utca;3,6;4,1;háló
Gerle utca;3,7;2,5;háló
Szentiváni dűlő;1,6;2,1;kamra
Vajdahunyad utca;2,5;2,3;háló
Figyelőhalmi út;1,5;1,4;WC
Tisza utca;2,6;3,3;háló
Kartács utca;5;2,8;konyha
Déri tér;4,8;4;nappali
Limány köz;4,7;4,6;nappali
Borbolya utca;1,3;2;erkély
Guti utca;3,2;3,8;háló
Kinizsi utca;3,5;3,1;háló
Benczúr Gyula utca;2,1;3,7;gardrób
Vándor köz;1,6;2,3;gardrób
Kondoroskert utca;4;2,8;kamra
Hatvan utca;2,3;2,2;mosókonyha
Mocsár utca;3,9;4,8;nappali
Orgona sor;2,4;3,5;dolgozószoba
Petresi utca;1,3;1,4;WC
Vadkerti tér;3,3;2,1;mosókonyha
Tündérhegy utca;2,4;2,9;fürdőszoba
Petresi utca;2,4;2,1;háló
Küküllő utca;1,6;3,1;kamra
Libatop utca;2,9;2,2;fürdőszoba
Határőr utca;3;2,2;erkély
Krónikás utca;2,8;2,6;háló
Harmat utca;4,6;4,6;nappali
Vág utca;2,7;3,6;háló
Nemzetőr sor;2,5;2,5;háló
Vályogos utca;4,4;2,7;háló
Rétikanyar utca;3,8;5;nappali
Fonógyári út;4,9;6;nappali
Pinty utca;3,4;2,1;terasz
Felhő utca;2,4;3,4;fürdőszoba
Csurgó utca;2,5;3,8;kamra
Vajdahunyad utca;2,7;2,8;fürdőszoba
Lóding utca;1,1;1,3;WC
Szélpart utca;2;1,5;WC
Gyimesi utca;3,2;3,9;mosókonyha
Ipartelepi köz;2,2;2,2;háló
Zöldmező utca;2,5;2,6;dolgozószoba
Szélpart utca;3,5;2,1;konyha
Arató utca;3,1;4,4;háló
Mézeskard utca;4,9;4,6;háló
Bulcsú utca;5,4;3,7;nappali
Munkácsy Mihály utca;3,6;3,6;fürdőszoba
Porzó utca;3,6;2,4;gardrób
Ingovány utca;5;4,9;nappali
Galagonya utca;2,7;4,9;fürdőszoba
Petőfi tér;4;3,8;háló
Hajnalcsillag utca;1,9;2,8;erkély
Rövid köz;3,7;2,4;konyha
Dorogi utca;1,6;1,2;WC
Csobánka utca;2;3,2;háló
Keszeg utca;3,1;3,6;háló
Porcsin utca;2,6;2,9;fürdőszoba
Hegedű utca;3,9;4,5;nappali
Szérűskerti sor;4,6;4,2;háló
Bondorhát utca;3,2;3,6;háló
Makó utca;2,8;2,5;erkély
Toldás köz;1,7;1,9;WC
Petur utca;2,5;2,4;gardrób
Kékszőlő utca;5,5;3,9;nappali
Káka utca;3,6;3,7;dolgozószoba
Vécsey utca;2,2;2,4;terasz
Ady köz;2,8;2;fürdőszoba
Pisztácia utca;3,2;3,3;háló
Pemetefű utca;3,7;4,3;háló
Pinty utca;1,9;2,3;kamra
Vadszőlő utca;4,3;2,9;háló
Nagykőporos út;1,9;1,7;WC
József Attila sugárút;3,3;2,9;terasz
Ág utca;2,3;3;kamra
Pék utca;2,9;2,3;háló
Kapisztrán út;4,9;2;konyha
Koszorú utca;2;1,1;kamra
Teve utca;3,4;4,8;fürdőszoba
Veresgyűrű utca;3,8;3,5;háló
Berlini körút;3,3;2,5;terasz
Malajdok út;2,4;2,3;fürdőszoba
Harsona utca;2,1;2,8;gardrób
Gesztenyési út;1,7;1,1;WC
Téglaverő utca;2,7;2,5;háló
Szarvas tér;5,2;4,9;konyha
Kard utca;3,5;3,6;mosókonyha
Guti utca;4,8;4,7;nappali
Tisza utca;1,7;1,9;gardrób
Kard utca;3;3,7;kamra
Földibodza utca;3,7;3,7;háló
Nagyszéki út;3,4;2,9;háló
Józsakert utca;3,7;2,3;fürdőszoba
Bocskai utca;1,8;1,4;WC
Szikigyakor utca;2,8;3,7;háló
Rézöntő utca;2,5;2,1;fürdőszoba
Boldizsár utca;2,5;2,2;fürdőszoba
Kanális utca;1,7;1,7;kamra
Lóverseny utca;2,4;1,8;kamra
Körös utca;1;1,2;WC
Tas utca;3,9;3,9;nappali
Dáni utca;3,2;2,9;dolgozószoba
Csipkebogyó utca;3,6;3,9;fürdőszoba
Palóc utca;4,6;3,9;fürdőszoba
Felsőpércsi utca;2,1;2,4;háló
Mályva utca;5,5;6,3;nappali
Vigadó tér;4,8;5,2;nappali
Mályva utca;2,5;2,3;erkély
Hegedű utca;0,8;0,8;kamra
Verseci utca;2,6;3,4;háló
Széna tér;3,2;3,8;konyha
Fürtös köz;2,3;2,4;fürdőszoba
Zsurló utca;3,6;2,4;háló
Hungária utca;2,9;2,5;kamra
Késmárk utca;4,5;4;nappali
Kubikos utca;3,4;2,7;dolgozószoba
Kisbánya utca;3;2,3;fürdőszoba
Marostorok utca;2,7;3,1;dolgozószoba
Szoboszlói út;2,3;4,4;konyha
Dandár utca;2,9;4,2;háló
Fürtös köz;0,8;1;kamra
Bocskai utca;4,1;2,4;fürdőszoba
Olasz utca;2,2;2,2;erkély
Szeremlei utca;1,1;2;erkély
Pesti utca;4,9;4,4;háló
Zsolnai utca;2,1;1,8;erkély
Hatvan utca;4;3,4;fürdőszoba
Jávorka utca;3,7;1,9;kamra
István király tér;5;6;konyha
Guti utca;1,2;1,6;kamra
Cserép köz;2,7;3,6;háló
Madárkút utca;2;3,5;terasz
Liliomkert utca;2,1;2,8;dolgozószoba
Rózsamajor köz;4,9;4,7;nappali
Mozsár utca;4,1;2,7;háló
Pasztinák köz;3,1;4;konyha
Kard utca;2,9;5;háló
Síp utca;2,6;2,1;erkély
Tóparti út;4;4,5;háló
Olajfa utca;4,7;6;nappali
Körtöltés utca;3,6;2,5;konyha
Gomba utca;3,8;2,3;fürdőszoba
Vécsey utca;1,3;1,9;WC
Leánder utca;2,1;2,6;fürdőszoba
Tábornok utca;2,7;2,8;háló
Vécsey utca;3,5;3,6;kamra
Nagy-Eged utca;2,4;3,9;terasz
Vág utca;1,9;1,6;WC
Kisfaludy Sándor út;1,2;1,3;kamra
Sziget utca;1,3;1,8;WC
Nadályfű utca;2,2;3,2;fürdőszoba
Kölcsey Ferenc tér;3;3,6;fürdőszoba
Csörsz utca;2,6;3,1;háló
Sarlófű utca;2,7;2,5;dolgozószoba
Orgona sor;1,7;2,2;gardrób
Liliomkert utca;4,9;3,8;háló
Nyárád utca;1,1;1,6;WC
Kertész utca;2,4;2,7;fürdőszoba
Szilágyság utca;2,9;2,9;háló
Ingovány utca;2,2;3,5;mosókonyha
Vág utca;6,7;6,9;nappali
Liliomkert utca;5,2;5,6;nappali
Vénusz utca;3,2;4,9;háló
Trinitárius utca;3;2,5;terasz
Barna utca;2,3;3,7;kamra
Debreceni út;0,9;0,8;kamra
Lóding utca;2,9;2,3;fürdőszoba
Ungvár utca;7;7;nappali
Csörsz utca;0,8;0,8;kamra
Átrium köz;2,5;3,5;háló
Eszperantó tér;4;2,7;dolgozószoba
Szatymazi utca;3,9;3,4;konyha
Verőszala utca;4,6;3,6;háló
Rézvirág utca;2,9;2,4;erkély
Bánk bán utca;2,9;2,6;háló
Bárány utca;2,5;3,8;háló
Orsolya utca;1,7;3,8;kamra
Pinty utca;4;4,5;fürdőszoba
Basahíd utca;2,2;3,6;háló
Gorkij utca;2,3;3;terasz
Madár utca;2,3;3;háló
Tizeshonvéd utca;1,2;1,8;WC
Ókút utca;4,3;3,9;nappali
Mayer Miklós utca;1,5;3;erkély
Krisztina utca;4,7;5,4;nappali
Lehel utca;6;4,2;nappali
Agyagos utca;2,2;4,4;háló
Nadályfű utca;3,6;4,3;háló
Havasigyopár utca;3,2;3,6;dolgozószoba
Arany Sándor utca;2,6;2,7;gardrób
Tóth Árpád utca;4,5;2,2;konyha
Csurgó utca;1,7;1,3;WC
Csíz utca;3;3,5;háló
Bem utca;4,8;3,6;háló
Nyárád utca;6;5;nappali
Bartók Béla út;4;4,1;háló
Kacagány utca;1,4;2,5;erkély
József Attila sugárút;3,4;3,5;gardrób
Eszperantó tér;1;1;kamra
Átrium köz;1;1,8;WC
Ezüstnyár utca;1,4;1,4;WC
Vándor köz;2,2;3,8;fürdőszoba
Mécsvirág utca;1,6;1,2;WC
Ambrus utca;5,4;2,3;konyha
Kereskedő köz;4,4;4,7;nappali
Almagyar köz;2;4;kamra
Völgyalja utca;1,3;1,3;WC
Pisztácia utca;1,3;1,8;WC
Balzsamfű utca;2,6;2,9;terasz
Zsurló utca;2,8;3;háló
Vadkacsa köz;4,7;4,8;nappali
Porzó utca;1,9;1,1;WC
Agyagos utca;2,4;3;háló
Lenkei János utca;2,5;3,6;háló
Rózsamajor köz;0,8;1;kamra
Arany Sándor utca;3,4;3,3;terasz
Jázmin utca;4,9;4,3;háló
Kolónia utca;3,1;2,7;fürdőszoba
Küküllő utca;3,4;3;gardrób
Csemete utca;1,9;1,1;erkély
Gomba utca;1,4;1,9;WC
Harcos sor;2,9;3,4;kamra
Rézöntő utca;2,4;1,6;erkély
Malajdok út;1,2;1,3;WC
Hegyközség utca;2,9;3,9;fürdőszoba
Ifjúság útja;2;2,9;erkély
Benczúr Gyula utca;2,8;3,5;dolgozószoba
Csipkebogyó utca;3,5;2,7;háló
Sajó utca;5;4,6;fürdőszoba
Debreceni út;2,2;2,2;háló
Felsőpércsi utca;1,3;1,1;WC
Barna utca;2,6;2,1;fürdőszoba
Szarvas tér;3,4;2,7;fürdőszoba
Gesztenyési út;5,7;4;konyha
Halasi utca;1,2;1,8;erkély
Zsolnai utca;3,2;2,7;dolgozószoba
Mozsár utca;4,2;5,9;nappali
Rózsavölgy utca;0,9;1;kamra
Otthon utca;3,6;3,9;konyha
Szeklice köz;4,5;4;háló
Bánk bán utca;1,2;1,1;erkély
Szepesi utca;4,7;4,2;nappali
Kosbor köz;3,3;2,4;fürdőszoba
Pinty utca;3,6;2,8;fürdőszoba
Szigony utca;1,8;2,2;gardrób
Törő utca;3,6;3,4;háló
Vadszőlő utca;4;5,5;nappali
Porcsin köz;3,7;2,4;dolgozószoba
Vág utca;2,9;2,2;erkély
Árnyas utca;1,4;1,3;WC
Budapesti út;4;3,3;dolgozószoba
Richter Gedeon utca;2,5;2,3;háló
Vadkerti tér;2;1,9;kamra
Vásártér sor;1,9;1,2;WC
Bondorhát utca;2,5;3,4;háló
Ráchegy utca;3,9;5,3;nappali
Orgona sor;2,3;2,5;erkély
Borbíró tér;3;3;kamra
Rózsamajor út;3,8;3,5;dolgozószoba
Újhelyi köz;3;3,8;terasz
Merkúr út;2,6;2,2;háló
Fűzfa utca;2,8;4,1;háló
Kormorán utca;2,4;2,9;erkély
Gyík utca;5;2,9;háló
Vadrózsa sor;3,3;3,4;dolgozószoba
Acél utca;3,3;2,9;gardrób
Tárnokfű utca;2,7;2,5;háló
Szélpart utca;4,9;3,3;háló
Limány köz;2,2;3,8;háló
Zöldmező utca;5,6;5,7;konyha
Szöcske utca;4,7;3,8;háló
Benczúr Gyula utca;2,3;3;fürdőszoba
Kacagány utca;3,1;4;dolgozószoba
Ág utca;5;4,2;háló
Körös utca;5,1;3,9;nappali
Napfény utca;2,4;3,3;háló
Vécsey utca;4,2;6,5;nappali
Nyilassy utca;3,3;5;konyha
Aranylile utca;3,5;2,4;dolgozószoba
Hangyás köz;2,8;3;erkély
Tóth Árpád utca;2,8;3,5;háló
Szepesi utca;2,3;1,7;gardrób
Boszorkánysziget utca;5,5;5,6;nappali
Kard utca;3,1;2,1;fürdőszoba
Vécsey utca;4,3;4,6;háló
Házgyári út;2;2,6;háló
Liliomkert utca;3,9;3,8;terasz
Zsolnai utca;3,3;2,6;konyha
Csurgó utca;3,4;3,6;háló
Tőzsér utca;2,1;3,9;háló
Kard utca;6,5;4,6;nappali
Nagy-Eged utca;3,4;3,9;kamra
Ifjúság útja;1,2;1,4;WC
Hatvan utca;3,7;3,4;háló
Lóverseny utca;5,1;2,5;konyha
Május 1. utca;1,1;1,5;kamra
Balaton utca;2,8;2,1;erkély
Szegfűszeg utca;0,9;0,9;kamra
Sármás utca;1,5;1,7;kamra
Kölcsey Ferenc tér;1,3;1,5;kamra
Szoboszlói út;1,4;2;WC
Margitvirág utca;4,4;2,8;háló
Cser utca;3,3;2,7;háló
Pincés utca;1,8;2,4;gardrób
Acél utca;3,4;3,5;konyha
Kékszőlő utca;1,1;1,3;WC
Törő utca;1,4;1,1;WC
Nagyecsed utca;2,5;3,2;dolgozószoba
Torma utca;3,5;3,7;fürdőszoba
Tyukod utca;1,4;1,5;WC
Kormosalma utca;4;2,5;fürdőszoba
Nárcisz utca;1,9;1,9;gardrób
Papzug utca;1,3;1;WC
Verőszala utca;3,4;3,8;terasz
Méhkas utca;3,7;3,8;háló
Kiskút utca;3,7;2,9;mosókonyha
Körtvélyes utca;2,9;3,6;dolgozószoba
Szalmafonó utca;2,3;1,6;gardrób
Dinnyés utca;3,2;3;háló
Tomori Pál utca;3;3,3;gardrób
Csörsz utca;1;1;kamra
Szöcske utca;3,9;3,5;háló
Zöldmező utca;1,9;1,9;WC
Tápai utca;1,1;1,5;WC
Diótörő utca;3,7;3;dolgozószoba
Dorottya utca;3,4;3,4;háló
Lakatgyár utca;2,3;1,9;gardrób
Vág utca;2;2,5;kamra
Mikepércsi út;3,9;4,3;háló
Kórház utca;1,9;1,3;WC
Unokakert utca;3,4;2,1;fürdőszoba
Margitvirág utca;2,8;3,2;kamra
Verőszala utca;5,2;5,8;nappali
Bethlen Gábor utca;3,2;3,9;konyha
Palánták dűlő;3,5;3,2;háló
Kacagány utca;2,7;2;háló
Ceglédi utca;3,7;2,2;háló
Lóding utca;3,3;2,3;háló
Agyagos utca;4,1;3,7;háló
Éva utca;1,2;2,5;erkély
Fő tér;4,1;4,1;nappali
Nagyhát utca;4,9;3,7;háló
Kőporos tér;4,9;2,7;konyha
Dáni utca;3;2,5;fürdőszoba
Kórház utca;6,8;4,2;nappali
Olajfa utca;3,4;3;mosókonyha
Almagyar köz;4,9;4,5;nappali
Kerekerdő utca;2,1;3,3;háló
Körtöltés utca;3,3;2,3;dolgozószoba
Pacsirta utca;2,2;3,5;háló
Tárnokfű utca;3,4;2,1;fürdőszoba
Csúcs utca;4,4;3,5;fürdőszoba
Palóc utca;4,5;4,5;háló
Nyitra utca;4,2;2,6;háló
Nagykőporos út;3;3,8;háló
Vadkörte utca;5,1;4,9;nappali
Kölcsey Ferenc utca;3;2,8;háló
Kolónia utca;1,8;2,9;erkély
István út;2;2,4;gardrób
Sándorfalvi út;5;4,6;nappali
Daru utca;1,7;1,4;erkély
Olajfa utca;3,8;4,3;fürdőszoba
Sípos köz;3,9;4,2;háló
Aranylile utca;1,2;2,3;erkély
Csipkebogyó utca;2,2;2,5;fürdőszoba
Nagy Jenő utca;4;3,7;nappali
Nagyecsed utca;3,4;4,3;háló
Szentiváni dűlő;3,5;2,6;dolgozószoba
Kinizsi utca;4,4;3;háló
Piac utca;4,6;4,9;nappali
Csutorás utca;2,2;2,1;erkély
Nagyecsed utca;4,3;4,5;háló
Nagybotos utca;1,1;1;WC
Rézvirág utca;2;1,2;WC
Kormorán utca;3;3,8;fürdőszoba
Agyagos utca;1,1;1,1;kamra
Perczel Mór utca;2,5;2,9;konyha
Krónikás utca;3,2;2,8;terasz
Szentiváni dűlő;3,5;4,1;háló
Tinódi Sebestyén tér;2,7;2,2;háló
Zsák utca;3,9;3,5;konyha
Paphegy utca;2,6;3,7;háló
Berlini körút;6,9;4,7;nappali
Rózsavölgy utca;3,6;2,9;háló
Szikes utca;2,6;2,8;fürdőszoba
Jégmadár utca;4,8;2,7;háló
Boldizsár utca;2,1;3,4;háló
Százados utca;3;2,2;konyha
Futrinka utca;3;2,8;konyha
Méheskert utca;2;1,7;kamra
Leánder utca;2,3;2,3;erkély
Teve utca;2,4;5;konyha
Basahíd utca;1,3;1,3;WC
Vécsey utca;2;1,7;WC
Felhő utca;2,5;2,1;háló
Gorkij utca;3,7;3,7;fürdőszoba
Éger utca;4,4;4,1;háló
Sajó utca;4,7;4,4;konyha
Munkácsy Mihály utca;4,5;2,6;háló
Sóvirág út;2;2,4;erkély
Tomori Pál utca;4,8;2,5;fürdőszoba
Hajnalcsillag utca;2,9;2,6;háló
Bányász utca;3,9;3,4;konyha
Vásártér sor;4;4;dolgozószoba
Trafó köz;6;6,7;nappali
Só utca;2,2;2,1;fürdőszoba
Szérűskerti sor;2,6;3,6;gardrób
Maklári út;2,1;1,8;erkély
Liliomkert utca;1,6;3,7;kamra
Szarkaláb utca;1;1,1;WC
Sándorfalvi út;4,7;5,5;konyha
Gesztenyési út;2,8;2;kamra
Tócópart utca;3,4;3,6;háló
Daru utca;2,5;2,3;fürdőszoba
Károli Gáspár utca;5,8;4,5;nappali
Vadőr utca;1,4;1,3;WC
Rozmaring utca;3,9;2,4;fürdőszoba
Nagykőporos út;2,7;3;konyha
Leányka utca;1;0,8;kamra
Kerekerdő utca;2,2;3;háló
Mátyás király utca;3,7;5,4;konyha
Kormorán utca;4;4,7;háló
Stadion utca;3,6;3,5;fürdőszoba
Kormorán utca;3,2;4,7;háló
Ifjúság útja;2,6;2,1;háló
Kozma utca;4;4,6;nappali
Piroska tér;2,5;3,9;háló
Margitvirág utca;4,8;3;háló
Vágóhíd utca;4;3,5;háló
Szikigyakor utca;2,9;2,1;dolgozószoba
Vándor köz;2,3;2,4;háló
Páfrány utca;1;0,8;kamra
Zólyom utca;3,7;2,9;háló
Honfoglalás utca;3;3;konyha
Ifjúság útja;4,4;2,4;konyha
Hajnalcsillag utca;3,5;2,1;fürdőszoba
Arany Sándor utca;5;3,9;háló
Kamilla utca;4,5;3,8;háló
Pósa utca;1,5;1,7;WC
Szotyori utca;2,1;2,4;háló
Liliomkert utca;2,9;2,9;háló
Tengelic dűlő;5,3;4,4;nappali
Mata János utca;2,2;2,5;kamra
Thomas Mann utca;2,6;3;konyha
Marostorok utca;1,1;1,5;WC
Dorottya utca;3,6;4;konyha
Völgyérhát utca;3,1;3,3;terasz
Gábor Áron utca;1,4;1,3;WC
Arató utca;2,3;1,8;gardrób
Halastó utca;3,4;2,5;háló
Vadmálna utca;3,7;3,2;háló
Vigadó tér;2,5;2;erkély
Ostoros utca;3,2;3;dolgozószoba
Kastély köz;2,1;2,2;háló
Lilla tér;1,2;2,1;erkély
Ungvár utca;2,1;2,3;erkély
Borbolya utca;2,9;2,8;fürdőszoba
Madár utca;3,6;3,4;háló
Vándor köz;1,9;2,1;gardrób
Ceglédi utca;2,9;3,5;háló
Gyulafehérvári utca;4;3,8;háló
Boszorkánysziget utca;3,2;2,7;háló
Máté utca;2,4;3,4;háló
Közép fasor;1,1;1,3;WC
Dohánykert utca;1,3;1,3;erkély
Csemete utca;2,2;2,3;fürdőszoba
Kövirózsa utca;3,3;2,7;dolgozószoba
Nyugati sor;3,6;2,9;háló
Vadkerti tér;3,2;3;háló
Nyárfasor utca;2,4;2,8;háló
Akácfa utca;3,5;3,5;konyha
Pesti utca;2,5;2,1;fürdőszoba
Bánk bán utca;2,3;2,5;fürdőszoba
Boldizsár utca;2,5;4,2;konyha
Ambrus utca;4,9;4;háló
Verőszala utca;3,3;5;háló
Éger utca;4,4;3;háló
Halastó utca;2,4;3;dolgozószoba
Bükkmogyoró utca;2,9;2,8;háló
Küküllői utca;2,3;1,7;gardrób
Papzug utca;1,4;1,1;kamra
Gerle utca;1,3;1,3;WC
Cserép köz;1,4;1,4;WC
Szentiváni dűlő;2,4;2,2;fürdőszoba
Kard utca;4,7;4,4;konyha
Harmat utca;2,2;2;fürdőszoba
Gyertyaöntő utca;0,9;0,8;kamra
Péchy utca;3,5;5,9;konyha
Perényi utca;2,3;2,3;háló
Ezüstnyár utca;2,3;3,7;háló
Cinke utca;3,2;3;dolgozószoba
Vadőr utca;2,2;4,1;háló
Kerekerdő utca;2,1;3;konyha
Harcos sor;3,4;4,8;háló
Tank utca;3;2,2;fürdőszoba
Furmint utca;2,4;3,7;háló
Gyík utca;1,1;1,1;WC
Tengelic dűlő;2,7;2,7;dolgozószoba
Vajdahunyad utca;2,5;2,6;háló
Napfény utca;0,8;0,9;kamra
Kisállomás utca;3,4;2,6;háló
Öreghegyi utca;2,3;2,5;erkély
Cserép köz;2,4;2,1;háló
Vértanú utca;2,7;2;fürdőszoba
Mata János utca;4,7;4,4;háló
Erdészház utca;3,9;2,5;konyha
Töviskes utca;2,3;1,4;erkély
Nagyecsed utca;3,4;2,6;fürdőszoba
Szatymazi utca;0,9;0,8;kamra
Hortenzia utca;2,9;3,6;háló
Nemzetőr sor;0,8;0,8;kamra
Pille utca;2,1;4;konyha
Kanális utca;3,2;3,9;háló
Szepesi utca;4,7;4,8;konyha
Úszó utca;2,7;3,5;dolgozószoba
Malvin utca;3,9;2,4;fürdőszoba
Perczel Mór utca;2,1;2,6;háló
Csipkebogyó utca;1,6;2,3;erkély
Ispotály utca;2,8;3,8;háló
Szíjártó köz;4;2,3;dolgozószoba
Csikós utca;2,1;2,1;gardrób
Tüzér utca;0,9;0,9;kamra
Nárcisz utca;4;4,4;háló
Bölcsőde utca;2,9;2,9;háló
Kokárda utca;3;3,5;konyha
Pákász utca;2,8;3,6;mosókonyha
Rövid köz;3;2,2;fürdőszoba
Hungária utca;4;2,9;háló
Dáni utca;0,9;0,8;kamra
Pipóhegy utca;3,4;5,5;konyha
Határőr utca;2,9;2;erkély
Panoráma tér;2,4;4,8;fürdőszoba
Zsoldos köz;3,4;2,8;konyha
Kamilla utca;4,9;3,8;háló
Palánták dűlő;2,7;3,6;dolgozószoba
Déri tér;2,2;3;háló
Bem utca;4,5;5,1;konyha
Olajfa utca;3;2,4;mosókonyha
Marostorok utca;1,5;1,4;kamra
Leánder utca;3,2;2,7;konyha
Mátyás király utca;1,6;1,6;WC
Fogarasi utca;3,6;3,2;háló
József Attila sugárút;2,7;3,9;kamra
Szólát utca;2,6;3,7;háló
Hajós Alfréd utca;3,7;4,2;háló
Aranylile utca;4,9;4,2;nappali
Iringó utca;3,5;3,1;háló
Kisbánya utca;1,9;2,6;erkély
Muskátli utca;3,1;3,9;fürdőszoba
Szikra utca;2,6;3,1;fürdőszoba
Piroska tér;2,6;3,8;háló
Hortenzia utca;3,9;5,3;nappali
Madárkút utca;3,4;4,9;fürdőszoba
Zsurló utca;2,1;3,9;konyha
Zsolnai utca;3,8;4,9;nappali
Lámpás utca;3,8;3,7;dolgozószoba
Pinty utca;4,7;5,6;konyha
Temesvári körút;2,4;3,1;kamra
Jázmin utca;1,6;1,5;WC
Lant utca;3,6;3,7;háló
Határőr utca;3,6;2,7;háló
Tengelic dűlő;4;3,4;háló
Parittya utca;2,1;1,7;kamra
Eszterházy tér;1,1;1,3;WC
Eszperantó tér;2,3;2,6;háló
Szentiváni dűlő;2,7;2,8;erkély
Madár utca;3,5;3;dolgozószoba
Csutorás utca;2,6;2,1;fürdőszoba
Síp utca;3,7;3,5;háló
Dorogi utca;5,8;2,6;konyha
Vöcsök utca;1,7;1,9;kamra
Maklári út;3,4;2,3;háló
Pipóhegy utca;3,5;2,4;fürdőszoba
Nagyszántó utca;3,9;2,9;konyha
Lenkei János utca;3,1;2,9;konyha
Parittya utca;4,8;3,1;háló
Szélső sor;3,5;3,1;konyha
Szordasi út;1,4;1,3;WC
Só utca;3,3;2,1;konyha
Kisszőlő utca;3,9;2,7;háló
Akácfa utca;3,4;3,1;háló
Völgyérhát utca;2,3;2,8;fürdőszoba
Boroszlán utca;2,5;3,2;háló
Bocskai utca;4,1;3,7;háló
Figyelőhalmi út;1,4;1,4;WC
Katicavirág utca;3,5;2,8;háló
Szikra utca;2,7;3;háló
Ostoros utca;4,5;3,9;háló
Erdőstarcsa utca;2,6;2,2;fürdőszoba
Kőrösmező utca;3,9;3,2;háló
Csipkebogyó utca;1,6;1,1;kamra
Sarlófű utca;2,2;4;háló
Malvin utca;1,5;1,9;kamra
Fűzfa utca;3,4;2,9;háló
Sáfrány utca;3;2,6;fürdőszoba
Bajza utca;0,9;0,8;kamra
Lakatgyár utca;4,5;2,1;háló
Csipkebogyó utca;3,5;3,2;dolgozószoba
Bodomi út;2,8;3,4;dolgozószoba
Ormós Lajos utca;3,9;2,1;háló
Hatház utca;4,4;4,2;nappali
Leányka utca;1;1,1;WC
Újsor utca;3,2;4;konyha
Körtvélyes utca;3,2;3,7;fürdőszoba
Nagyfekete út;1,5;3,6;kamra
Harangos utca;4,2;3,4;háló
Cifrakapu utca;1,7;1,3;WC
Kacagány utca;3,4;3,3;háló
Lóverseny utca;2,6;3,7;háló
Basahalom utca;2,7;2,8;fürdőszoba
Ostoros utca;2,1;2,1;erkély
Arató utca;1,8;1,5;kamra
Lakatgyár utca;1,5;1,7;kamra
Nyilassy utca;1,8;1,2;kamra
Mocsáry Lajos utca;3,7;2,4;mosókonyha
Malvin utca;4;3,8;nappali
Föltámadás utca;2,8;2,5;fürdőszoba
Szarvas tér;4,9;3,3;háló
Mécsvirág utca;2,9;4;fürdőszoba
Dália utca;3,7;3,2;fürdőszoba
Erzsébet utca;2,9;2,9;fürdőszoba
Vadkerti tér;6,3;4,4;nappali
8. utca;2,7;3,7;kamra
Báthori utca;3,5;2,6;terasz
Hullám utca;3,2;3,4;háló
Vadliba utca;2,3;2,7;fürdőszoba
Tócópart utca;2,9;2,5;háló
Mézesbáb utca;3,2;3,1;gardrób
Nagy-Eged utca;3,6;2,6;háló
Tisza utca;1,6;2;gardrób
Öreghegyi utca;5,2;4,3;nappali
Körös utca;2,6;2,7;dolgozószoba
Nagybotos utca;1,5;1,9;erkély
Marostorok utca;3,7;2,5;fürdőszoba
Dália utca;4,5;2;háló
Benczúr Gyula utca;2,6;3,5;konyha
Almagyar köz;3,1;3,2;dolgozószoba
Cserép köz;2,3;4;háló
Barackos utca;1,4;1,1;WC
Ludányi Antal utca;2,3;4,5;konyha
Kereskedő köz;2,7;3;fürdőszoba
Kard utca;3,9;4;kamra
Hasító utca;1;1;kamra
Házgyári út;2,8;3;dolgozószoba
Olajfa utca;2,3;3,4;gardrób
Ludányi Antal utca;3,3;3,9;kamra
Dicsőfi utca;4,6;4,8;nappali
Káka utca;1,4;1,4;WC
Sípos köz;2,3;2,1;gardrób
Szentiváni dűlő;3,3;3,7;háló
Galagonya utca;3,7;3,3;mosókonyha
Széperdő utca;1,3;1;WC
József Attila utca;3,6;3,7;dolgozószoba
Palánták dűlő;3,8;4,2;nappali
Baross utca;4,9;3,9;háló
Telep utca;2,2;3,7;háló
Mimóza utca;2,2;4,4;háló
Agyagos utca;1,1;1,4;WC
Felhő utca;4,3;2,6;konyha
Tank utca;3,4;3,6;konyha
Vécsey utca;3,5;4,2;fürdőszoba
Mata János utca;2,6;2,9;gardrób
Pákász utca;3,9;4,2;háló
Odú utca;1,4;1,4;WC
Árnyas utca;2,1;2,9;fürdőszoba
Petresi utca;4,9;4,8;nappali
Olasz utca;2,5;2,1;fürdőszoba
Hangyás köz;2,8;3,5;kamra
Mocsár utca;1,4;1;WC
Bodrog utca;2,4;2,1;erkély
Gyékényesi út;4,9;5;háló
Pacsirta köz;1,7;1,5;WC
Tisza utca;4,9;5,4;nappali
Kormosalma utca;2,7;3,3;terasz
Tündérhegy utca;2,2;2,4;konyha
Rozmaring utca;2,6;2,5;mosókonyha
Eszperantó tér;2,5;2,6;fürdőszoba
Rézvirág utca;3,6;2,7;fürdőszoba
Bokréta utca;1;0,8;kamra
Tóparti út;3,6;4,8;háló
Pancsovai utca;2,7;3,9;háló
Basahíd utca;2,2;2,3;erkély
Majdáni sor;3,3;2,2;háló
Népkert sor;3;4,7;háló
Olajfa utca;2,6;3,8;háló
Kartács utca;2,9;2,5;háló
Sípos köz;5,7;4,8;nappali
Porcsin köz;2;3,6;háló
Boszorkányfű utca;2,5;2,2;háló
Pisztácia utca;4,8;3,5;háló
Ifjúság útja;3,9;2,2;fürdőszoba
Boldizsár utca;5;4,8;nappali
Vadmálna utca;3,2;3,3;kamra
Sástavi út;2,8;1,6;erkély
Ifjúság útja;2,3;2,7;háló
Lakatgyár utca;2,1;3,1;háló
Csipkebogyó utca;2,7;3,4;háló
Ókút utca;2,4;3,6;háló
Aranyosi utca;5,5;5,2;nappali
Csúcs utca;2,9;4,4;háló
Ajtony köz;2,2;2,9;fürdőszoba
Nagyfekete út;3,3;2,3;konyha
Éger utca;5;6,4;nappali
Pákász utca;5,2;5,8;konyha
Apály utca;3,6;3,8;nappali
Nyárfa utca;4,6;5,2;nappali
Vértanú utca;4,4;5,9;nappali
Iringó utca;3,4;3,5;dolgozószoba
Kórház utca;4,9;2,7;háló
Ezüstnyár utca;2,1;2,1;fürdőszoba
Tüzép köz;1,1;1,8;erkély
Bihari utca;3,1;2,5;háló
Hegyköz utca;2,1;1,6;gardrób
Szercsika utca;3,6;3,9;konyha
Bartók Béla út;1,7;1,2;kamra
Liliomkert utca;3;4,6;háló
Szentiváni dűlő;2,4;2,5;erkély
Nagydobos utca;3,1;2,2;háló
Fűtőház köz;4;4,4;háló
Tölgy utca;2,5;4,1;fürdőszoba
Úszó utca;4;4;nappali
Radnóti utca;3;3;fürdőszoba
Basahíd utca;2,1;2,5;fürdőszoba
Telep utca;2,8;2,7;háló
Acél utca;5;6,8;nappali
Öthalom utca;3,2;4,5;háló
Homoródi utca;2,7;2;fürdőszoba
Tas utca;4,9;3,6;nappali
Közép fasor;3,7;3,9;nappali
Sarlófű utca;3,6;2,9;háló
Főző utca;2,1;2,1;erkély
Dandár utca;4,4;2,8;háló
Hajnalka utca;1,5;1,5;kamra
Rózsamajor köz;3,3;3,6;konyha
Berlini körút;2,5;3,8;gardrób
Pipóhegy utca;3,5;2,8;kamra
Töhötöm utca;2,2;2,7;fürdőszoba
Hattyas utca;3,4;5,5;konyha
Baross Gábor utca;3,9;2,9;fürdőszoba
Hárs utca;4,1;5;nappali
Baross utca;3,2;4,9;fürdőszoba
Cinege utca;1,4;2,2;erkély
Só utca;4;2,6;háló
Orgona sor;2,2;3,1;háló
Zsoldos köz;1,2;2;erkély
Mata János utca;3,5;1,5;kamra
Avar köz;3,1;3,1;háló
Méhkas utca;2,2;2,9;háló
Rétikanyar utca;1,3;1,4;WC
Arany Sándor utca;2,9;2,1;dolgozószoba
Görgény utca;3,3;2;fürdőszoba
Tomori Pál utca;2,4;3,6;dolgozószoba
Szordasi út;3,9;2,9;háló
Bocskai utca;2,1;2,9;dolgozószoba
Nyárád utca;2;3,3;kamra
Cifrakapu utca;3;2,9;terasz
Dinnyés utca;2,2;2,2;terasz
Guti utca;3,8;3,2;háló
Szentháromság utca;6,9;5,5;nappali
Vadliba utca;2,3;2,3;fürdőszoba
Szitás utca;4,4;4,5;nappali
Merkúr utca;2,5;2,5;konyha
Nyugati sor;2,4;3,2;dolgozószoba
Kalász utca;4,9;4,2;nappali
Bányász utca;2,7;2,5;fürdőszoba
Hadnagy utca;5,7;5,8;nappali
Mata János utca;3,2;4,5;háló
Bem utca;2,6;5,5;konyha
Nyárfasor utca;2,1;1,8;erkély
Gyergyó utca;1,9;2,3;gardrób
Sziget utca;2,6;2,2;mosókonyha
Krónikás utca;1,6;3,2;kamra
Dózsa köz;2,9;2,3;konyha
Aranylile utca;2,8;2,4;fürdőszoba
Tócópart utca;3,1;1,8;kamra
Só utca;1,3;1,2;WC
Sástavi út;3,9;4,5;háló
Diótörő utca;3,3;2,7;háló
Szőlő utca;3,8;2,6;háló
Havasigyopár utca;1,3;1,3;kamra
Parittya utca;3,1;3,5;kamra
Újsor utca;3,6;2,8;háló
Homoródi utca;2,5;1,7;erkély
Knézich Károly utca;3,5;2;kamra
Parittya utca;1,7;1,7;WC
Rosta köz;3,3;3,4;háló
Furmint utca;2,3;3;fürdőszoba
Szentiváni dűlő;2,9;4,3;fürdőszoba
Petur utca;3,4;3,5;fürdőszoba
Nagybecskereki utca;5,5;6,7;nappali
Daru utca;0,9;0,9;kamra
Pemetefű utca;5,5;6;nappali
Lilla tér;2,3;2,2;dolgozószoba
Gyöngyvessző utca;3,4;2,4;dolgozószoba
Berlini körút;4,3;4,5;nappali
Tenkes köz;3,9;4,5;nappali
Ambrus utca;2,9;4,8;konyha
Csereerdő utca;0,9;0,8;kamra
Tyukod utca;3,8;3,9;dolgozószoba
Martinovics utca;4,1;4,5;nappali
Szentiváni dűlő;3,2;2,1;gardrób
Rozmaring utca;3,6;4;mosókonyha
Liliomkert utca;4;3,1;háló
Apály utca;3,2;3,1;konyha
Bartók Béla út;4,1;4,1;háló
Kontyvirág utca;2,9;2,3;fürdőszoba
Kefés utca;1,2;1;WC
Nagyszántó utca;1,4;1,6;WC
Kórház utca;2,9;2;erkély
Debreceni út;3,6;3,6;háló
Nyárád utca;3,5;3,7;háló
Odú utca;3,3;2,8;háló
Cifrakapu utca;4,5;2,9;konyha
Olajfa utca;5,7;3,9;konyha
Tomori Pál utca;3,1;4,8;háló
Főző utca;4,5;6,6;nappali
Vadszőlő utca;4;2,9;fürdőszoba
Fonatos utca;2,5;2,1;háló
Átrium köz;3,9;2,3;fürdőszoba
Pósa utca;2,8;2,5;terasz
Testvériség köz;2,3;3,7;dolgozószoba
Nyugati sor;4,3;4,4;háló
Dáni utca;2,2;2,4;fürdőszoba
Kecsege utca;3,3;3,7;háló
Fonatos utca;3,4;3,2;háló
Mézesbáb utca;2,7;2,2;erkély
Kokárda utca;2,6;3,8;háló
Nagyrét utca;2,2;1,7;gardrób
Ív utca;4,4;3,5;konyha
Herke utca;1;0,9;kamra
Fehérpart utca;3,8;2,4;terasz
Dolgos utca;2,1;2,6;háló
Tükrösszív utca;5;3,4;háló
Szatymazi utca;2,3;2,4;fürdőszoba
Védőnő utca;1,3;1,7;erkély
Mezőhegyi út;4,4;3,9;nappali
Bodrog utca;2,6;3,4;fürdőszoba
Vízimolnár utca;4,3;3,1;háló
Telep utca;1,2;1,1;WC
Vájáriskola utca;2,1;1,6;gardrób
Hajlat utca;3,2;3,9;mosókonyha
Merkúr utca;2,8;3;háló
Pulz utca;3;2,2;fürdőszoba
Nagyszéki út;2,6;2,7;konyha
Szikes utca;3,4;4;háló
Richter Gedeon utca;3,7;2,6;fürdőszoba
Homoródi utca;1,1;1,3;WC
Ezüstfa utca;2,8;2;erkély
Odú utca;3,3;3,4;konyha
Balzsamfű utca;2,7;4,4;háló
Mályva utca;1,6;1,4;WC
Föld utca;2,1;3,4;fürdőszoba
Porcsin köz;2,4;2,3;fürdőszoba
Csertő utca;5;3,6;nappali
Szotyori utca;2,4;3,6;konyha
Köteles utca;5;4,6;konyha
Nagyecsed utca;3,9;4,9;háló
Dáni utca;2,8;2,9;háló
Fűzfa utca;3,5;4,3;konyha
Perczel Mór utca;3;3,4;konyha
Rózsástelep utca;2,9;3,4;dolgozószoba
Kereskedő köz;1,4;1,6;erkély
Kormorán utca;2,6;4,5;fürdőszoba
Szikigyakor utca;1,7;1,3;kamra
Kálmos utca;2,1;2,2;konyha
Kecsege utca;1,5;1;WC
Déva utca;3,8;2,2;háló
Janicsár utca;2,3;1,1;erkély
Vályogos utca;2,8;4,6;háló
Berlini körút;2,8;2,4;kamra
Vadrózsa sor;3,5;4,8;háló
Mátyás király utca;5,9;4,3;nappali
Zólyom utca;1,5;1,1;WC
Barna utca;2,2;3,7;gardrób
Kalász utca;0,9;0,9;kamra
Mályva utca;4,8;4,7;fürdőszoba
Szalmafonó utca;4,2;4,5;konyha
Fekete István utca;2,8;2,2;dolgozószoba
Bulcsú utca;4,2;3,3;háló
Küküllői utca;2,8;2,4;dolgozószoba
Felhő utca;2,6;3,2;háló
Bondorhát utca;2,2;3,8;konyha
Piroska tér;2,7;2;konyha
Úszó utca;2,7;2,5;fürdőszoba
Tizeshonvéd utca;3,1;2,8;terasz
Akácfa utca;2,4;2,4;mosókonyha
Küküllő utca;2,7;3,9;fürdőszoba
Görgey utca;4,3;4,1;fürdőszoba
Rózsavölgy utca;3,4;2,2;háló
Pécsi út;2,7;2;kamra
Bárány utca;1,6;1,5;gardrób
Emese utca;2,5;3,2;dolgozószoba
Szeklice köz;2,3;3,6;dolgozószoba
Nagy Jenő utca;5,6;3,7;nappali
Rózsavölgy utca;3,5;3,2;konyha
Várad utca;2,6;1,3;erkély
Rózsavölgy utca;2,1;2,9;fürdőszoba
Fenyőmag utca;3,4;3,6;dolgozószoba
Szarvas tér;5,5;5,3;nappali
Úszó utca;2,3;2,3;háló
Káliz utca;4;3,3;háló
Főző utca;2,6;3,6;terasz
Madár utca;2,5;2;fürdőszoba
Kece utca;3;3;erkély
Lehel utca;4,6;3,2;fürdőszoba
Szélső sor;2,8;3;háló
Leányszállás köz;4;3,3;fürdőszoba
Szikes utca;3,2;2,6;konyha
Nyilassy utca;3,1;2,9;dolgozószoba
Hegedű utca;3,4;2,5;dolgozószoba
Bánk bán utca;1,4;1,1;WC
Szitás utca;4,4;4,2;háló
Merkúr út;1,4;1,3;kamra
Kondoroskert utca;5,5;6,1;nappali
Kozma utca;2,8;2,8;háló
Leánder utca;1,2;1,3;WC
Bordányi köz;0,8;0,9;kamra
Barcaság utca;2,4;4,2;konyha
Perczel Mór utca;3,9;2;háló
Baltacin utca;2,4;3,5;fürdőszoba
Mályva utca;3,7;3,4;kamra
Zsolnai utca;2;2,8;fürdőszoba
Kisfaludy Sándor út;4;5,3;nappali
Nagybotos utca;3,7;3,3;fürdőszoba
Testvériség köz;5,6;4,3;nappali
Vénusz utca;2,2;5;konyha
Küküllői utca;2;2,1;gardrób
Torma utca;1,2;1,2;kamra
Vájáriskola utca;2,8;2,6;fürdőszoba
Felvégi utca;1,8;1,6;kamra
Martinovics utca;3;3;fürdőszoba
Kond utca;2,8;1,9;erkély
Baross Gábor utca;4,4;3,2;háló
Merkúr út;2,1;3,8;fürdőszoba
Szamóca utca;2,3;3,6;háló
Tomori Pál utca;4,8;3,9;fürdőszoba
Pápai utca;3,5;3,9;dolgozószoba
Gyimesi utca;2,3;4,7;fürdőszoba
Báthori utca;2,3;3,3;fürdőszoba
Mozsár utca;4,3;3,5;fürdőszoba
Rózsamajor köz;2,9;2,9;fürdőszoba
Faraktár utca;2,9;5,3;konyha
Ostoros utca;4,4;2,8;háló
Újhelyi köz;3,8;3,8;kamra
Arató utca;3,2;2,4;dolgozószoba
Arany János utca;3,6;3,1;konyha
8. utca;1,9;2;WC
Fűtőház köz;3;3;fürdőszoba
Vadmálna utca;2,9;2,8;háló
Kapisztrán út;4,7;4,5;nappali
Medok utca;4;2,6;háló
Mécsvirág utca;4,2;2,9;háló
Almagyar köz;3,5;3,5;kamra
Átrium köz;3,1;4,9;fürdőszoba
Mécsvirág utca;3,6;2,6;kamra
Kontyvirág utca;2,1;2,6;háló
Tükrösszív utca;4,2;2,2;konyha
Bem utca;2,9;4,8;háló
Bánki Donát utca;2,1;2,7;konyha
Szatymazi utca;1,2;1,5;WC
Medok utca;4,9;5,5;nappali
Kincseshegy utca;2,3;3,7;konyha
Vadrózsa sor;3,9;4,8;háló
Csörsz utca;3,6;4,1;nappali
Hárs utca;2,8;2,5;dolgozószoba
Bem utca;2,3;2,6;erkély
Felsőpércsi utca;0,9;0,9;kamra
Keszi utca;2,7;2,5;háló
Zsolnai utca;2,1;2,3;fürdőszoba
Czibula utca;3,9;2,7;háló
Kefés utca;1;1;kamra
Téglagyár utca;1,3;1,1;WC
Szentmihályteleki utca;2,2;3,4;konyha
Ispotály utca;4,4;4,9;fürdőszoba
Ezüstfa utca;4,2;4,3;háló
Porcsin köz;0,8;0,9;kamra
Őszapó utca;3,2;2,3;konyha
Madárkút utca;1,9;1,9;WC
Kosbor köz;1,6;1,4;erkély
Papzug utca;2,6;4,3;háló
Kút utca;4,9;5,9;nappali
Házgyári út;2,4;2;fürdőszoba
Hullám utca;2;3,3;dolgozószoba
Vértanú utca;3,2;3,5;fürdőszoba
Védőnő utca;3,6;2;konyha
Várad utca;2,1;2,8;dolgozószoba
Daru utca;2,6;2,3;konyha
Csemete utca;2;2,3;erkély
Borbála utca;4,2;4,4;nappali
Védőnő utca;2,9;2,5;fürdőszoba
Bartók Béla út;4,3;2,4;konyha
Szentháromság utca;3,1;3,3;kamra
Küküllő utca;1,3;1,8;WC
Nagyszántó utca;4,1;4,1;nappali
Ókastély utca;1,3;1,5;WC
Bánk bán utca;2,8;2,6;fürdőszoba
Gyékényesi út;1,4;1,7;WC
Part út;2,9;2,3;fürdőszoba
Lilla köz;2,2;2,3;háló
Körtöltés utca;2,5;3,8;háló
Népkert sor;2,6;3,7;terasz
Szarvas tér;4,2;2,9;fürdőszoba
Lóverseny utca;2,7;4,8;háló
Bánk bán utca;2,7;2,8;háló
Nagyfekete út;3,3;2,3;dolgozószoba
Sípos köz;4,8;2,1;konyha
Baross utca;2,7;2,8;erkély
Olajfa utca;3;4,5;háló
Lóverseny utca;4;5,4;nappali
Olajfa utca;2,9;2,4;erkély
Kékszőlő utca;2,9;3,9;dolgozószoba
Liget sor;3,2;3,9;konyha
Harcos sor;3,7;3,3;háló
Rutafű utca;4,3;4,6;nappali
Fogarasi utca;3,1;2,1;dolgozószoba
Árnyas utca;3,8;4,8;konyha
Katicavirág utca;5;4,2;konyha
Papzug utca;4,4;5,3;nappali
Vető utca;5,4;5,9;nappali
Öreghegyi utca;4,5;3,7;háló
Mák utca;1,5;2,1;erkély
Rézvirág utca;1,1;1,5;WC
Rézvirág utca;4,8;4,1;fürdőszoba
Csákósor utca;3,3;3,9;dolgozószoba
Gyékényesi út;4;4,1;háló
Szigony utca;3;3,9;konyha
Arany János utca;3,5;3,7;dolgozószoba
Csipkebogyó utca;3,7;2,8;háló
Szalmafonó utca;2,4;4,3;konyha
Füzes utca;6,9;5,2;nappali
Vág utca;3,4;4;dolgozószoba
Szentmihályteleki utca;3,8;2,6;háló
Szélpart utca;3,4;3,5;mosókonyha
Bocskai utca;2,6;3;erkély
Szélpart utca;3,4;1,8;kamra
József Attila utca;2,5;2,8;fürdőszoba
Zsindely utca;4,8;4;nappali
Rózsavölgy utca;3,7;2,7;háló
Richter Gedeon utca;3,1;2,5;háló
Dorogi utca;1,6;1,7;WC
Boszorkányfű utca;2,8;1,4;erkély
Nagybotos utca;3,9;2,1;háló
Tárnokfű utca;1,3;1,4;kamra
Úszó utca;2,9;3,2;háló
Márták dűlő;2,6;3,2;konyha
Benczúr Gyula utca;4,4;4;háló
Leánder utca;2,5;2,5;fürdőszoba
Mályva utca;3,6;5;háló
Kard utca;2,8;3,5;háló
Csíz utca;2,8;2,6;háló
Héja utca;2,1;2,3;fürdőszoba
Bulcsú utca;2,6;1,8;erkély
Herke utca;4;2,2;konyha
Káka utca;3,7;3,2;háló
Panoráma tér;3,2;3,5;kamra
Hegyközség utca;2,5;4,1;háló
Harkály utca;1,2;1;WC
Janicsár utca;2,7;2,4;fürdőszoba
Mazsola utca;2,2;2,4;fürdőszoba
Só utca;1,8;2,4;erkély
Pósa utca;3;4,4;fürdőszoba
Szercsika utca;2,5;2,3;háló
Testvériség köz;3,6;3,4;háló
Hegedű utca;2,6;3,6;konyha
Hungária utca;6,4;4,8;nappali
Kút utca;3,4;4,7;konyha
Lehel utca;4,7;2,1;fürdőszoba
Kormosalma utca;3,5;2,1;mosókonyha
Mata János utca;2,6;3,4;mosókonyha
Mimóza utca;4;2,8;fürdőszoba
Pacsirta köz;4;2,3;kamra
Csereág utca;0,9;0,9;kamra
Berlini körút;4,2;3,4;háló
Nagyrét utca;4,3;4,1;háló
Kövirózsa utca;3,3;1,9;kamra
Hegyköz utca;3,5;2,4;háló
Cser utca;3,4;2,1;háló
Dorogi utca;5;2,6;háló
Apály utca;1;0,8;kamra
Majdáni sor;3,8;2,7;háló
Tápai utca;2,5;3,3;háló
Pacsirta utca;3;2,3;dolgozószoba
Toldás köz;3,5;3,8;konyha
Szikra utca;2,8;2,6;erkély
Zárda utca;2,2;3,3;terasz
Hortenzia utca;1,3;1,3;WC
Kard utca;4,8;3;fürdőszoba
Kertész utca;2,3;2,7;háló
Ladik utca;4,4;4,6;nappali
Liget utca;3,4;3,2;konyha
Testvériség köz;2,9;3;fürdőszoba
Költő utca;2,5;4,2;fürdőszoba
Bokréta utca;2,1;2,5;fürdőszoba
Pesti utca;3,6;4,7;fürdőszoba
Szalonka utca;1,3;1,1;WC
Bóbita utca;2,4;2,6;fürdőszoba
Major utca;3,5;4,5;háló
Czibula utca;4,7;3,3;háló
Harsona utca;2,1;3,4;kamra
Tócópart utca;3,1;2,3;gardrób
Vaszy Viktor tér;2,1;2,4;gardrób
Leánder utca;3,3;2,7;háló
Füzes utca;3,8;3;fürdőszoba
Géresi utca;3,3;3,6;dolgozószoba
Radnóti utca;1,4;1,5;WC
Tóparti út;1,5;1,8;WC
Március 15-e utca;3,6;4,3;háló
Tócópart utca;2,7;4,9;háló
Palánták dűlő;3,8;2,8;háló
Öreghegy utca;2,8;2,7;háló
Kölcsey Ferenc tér;2,4;4,1;konyha
Damjanich utca;2,1;3,2;dolgozószoba
Nagybecskereki utca;2,2;2,9;erkély
Cserfa utca;3,5;2,8;mosókonyha
Károli Gáspár utca;3,6;3,4;dolgozószoba
Apály utca;3,6;2,6;háló
Verőszala utca;2,8;2,2;erkély
Fürtös köz;2,8;2,7;háló
Mayer Miklós utca;2,8;4,4;háló
Szarvas tér;3,3;3,3;mosókonyha
Bocskai utca;4,5;3;háló
Bem utca;2,1;2,7;fürdőszoba
Gyékényesi út;3,2;2,5;kamra
Vértanú utca;2,9;3,2;dolgozószoba
Pulz utca;2,8;4;háló
Bokréta utca;3,1;3,2;konyha
Balaton utca;5,9;5,4;nappali
Kecskeméti utca;2,2;3,1;konyha
Nagybotos utca;1,6;2,4;erkély
Lőcsei utca;2,2;2,3;háló
Nagyecsed utca;6,6;4,5;nappali
Perczel Mór utca;2,3;2,9;fürdőszoba
Földibodza utca;1;0,9;kamra
Csemete utca;1,7;1,5;erkély
Gyöp sor;3,2;2,3;dolgozószoba
Parittya utca;4,9;3,2;háló
Zárda utca;2,2;3,9;mosókonyha
Tengelic dűlő;1,1;1,5;WC
Merkúr utca;2,7;3,9;háló
Tas utca;3,3;3,8;háló
Richter Gedeon utca;3,5;2,6;fürdőszoba
Ungvár utca;2,6;2,5;dolgozószoba
Hungária utca;3,7;4;háló
Tisza utca;3,3;3;háló
Pinty utca;3,8;2,2;gardrób
Pósa utca;4,6;4,3;háló
Tisza utca;2,1;3,3;fürdőszoba
Harasztos köz;3,5;4,4;háló
Guti utca;4,6;3,5;konyha
Gyöp sor;2,1;2,4;fürdőszoba
Hegedű utca;3,6;3;háló
Krónikás utca;4;3,7;háló
Dalos utca;4;4,4;nappali
Patak utca;4,2;4,5;nappali
Petőfi tér;3,2;2,7;konyha
Benczúr Gyula utca;2,8;2,1;fürdőszoba
Ezüstfa utca;1,7;1,4;WC
Éger utca;3,5;2,7;gardrób
Szövetkezeti út;2,1;2,8;dolgozószoba
Barátság utca;3,5;4,9;konyha
Pinty utca;2,5;2,7;dolgozószoba
Budapesti út;2,2;2,6;konyha
Galagonya utca;1,7;1,2;WC
Verőszala utca;3,2;3,4;gardrób
Regina utca;4,6;4,6;háló
Küküllő utca;4;3,7;háló
Leánder utca;1,2;1,2;WC
Kisfaludy Sándor út;2,2;3,1;fürdőszoba
Kard utca;3,4;4,4;konyha
Kölcsey Ferenc utca;2,8;2,1;erkély
Kisfenyves utca;3,3;3,1;gardrób
Ezüstfa utca;4,5;5;nappali
Tinódi utca;1;2;erkély
Fehérpart utca;3,3;3,6;háló
Odú utca;3,4;2,9;konyha
Törő utca;1,7;1;kamra
Pinty utca;4,3;2,1;fürdőszoba
Tanbánya út;4,2;2,8;háló
Rahói utca;2,2;1,9;gardrób
Herke utca;3,8;4;konyha
Szordasi út;4,5;4;nappali
Harmat utca;1,9;1,4;kamra
Mézeskard utca;3,7;3,3;háló
Rozmaring utca;2,7;4,1;fürdőszoba
Ostoros utca;4,2;2,9;fürdőszoba
Fokos utca;2,7;4,1;háló
Akácfa utca;3,5;3,5;háló
Szikigyakor utca;1,5;2;kamra
Úszó utca;4;3,7;konyha
Köszörűs utca;2,3;2,6;fürdőszoba
Vereshomok dűlő;4,7;5,1;nappali
Lechner tér;4,3;5,8;nappali
Rézmetsző utca;2,3;2,1;erkély
Lomnici utca;1,9;2,1;kamra
Kút utca;2;3,3;fürdőszoba
Paphegy utca;4,3;3,8;háló
Maklári út;2;1,1;kamra
Monostorerdő köz;2,5;2,8;dolgozószoba
Pöstyéni utca;4,9;4,5;konyha
Unokakert utca;3,3;4;dolgozószoba
Vereshomok dűlő;2,1;4,1;háló
Pasztinák köz;3,1;2,7;háló
Gyík utca;2,2;2,2;dolgozószoba
Vadrózsa sor;3,5;2,8;kamra
Tas utca;2,9;2,6;fürdőszoba
István király tér;4,5;5,4;konyha
Egyetem tér;1,7;1,6;gardrób
Tündérhegy utca;2,2;3;fürdőszoba
Keszi utca;4,7;2,2;fürdőszoba
Otthon utca;2,7;2,4;fürdőszoba
Kölcsey Ferenc utca;3,4;2,6;kamra
Körös utca;2,7;2,4;háló
Szikra utca;3,9;3,5;háló
Major utca;3,7;2,5;háló
Malajdok út;2,4;2,1;erkély
Gesztenyési út;4,1;4,9;konyha
Péchy utca;2,4;2,7;dolgozószoba
Kanális utca;3;3;fürdőszoba
Gomba utca;2,9;3,8;fürdőszoba
Fürtös köz;3,3;3,2;háló
Kacagány utca;0,9;0,8;kamra
Töhötöm utca;1,5;1,2;kamra
Berzsenyi Dániel utca;2,6;2,7;háló
Orgona sor;1,1;1,4;WC
Bajonett utca;3,2;3,8;konyha
Törő utca;3,5;3,8;háló
Ispotály utca;5,3;6,3;nappali
Rózsavölgy utca;2,9;2,3;háló
Zsák utca;1,1;1,2;WC
Halastó utca;3;2;fürdőszoba
Salétrom utca;3,8;4,7;nappali
Apafi utca;2,8;2,9;fürdőszoba
Hatház utca;3,1;3,6;konyha
Hatvan utca;6,7;5,3;nappali
Viola utca;4;2,1;konyha
Ostoros utca;3,6;3,6;háló
Tükrösszív utca;3,5;2,9;terasz
Pesti utca;3,6;4,6;háló
Harkály utca;3,3;3,1;kamra
Bocskai utca;4,4;5;háló
Vértanú utca;5,3;5,8;konyha
Katicavirág utca;3,4;4,4;háló
Határőr utca;1,5;1,5;WC
Barna utca;2,8;4,5;háló
Bürök utca;2,8;2,7;konyha
Szentiváni dűlő;2,5;2,8;terasz
Ormós Lajos utca;2,2;2,9;konyha
Liliomkert utca;6,2;5,5;nappali
Ceglédi utca;2,5;2;erkély
Salétrom utca;2,3;2,9;fürdőszoba
Nárcisz köz;4,1;6,5;nappali
Ambrus utca;2,4;2,3;erkély
Vadkörte utca;2,5;2;erkély
Székhalom köz;2,8;2,6;erkély
Kiskút utca;3,2;4,9;konyha
Hegyköz utca;4,4;3,7;nappali
Kontyvirág utca;2,6;3,4;dolgozószoba
Hungária utca;2,3;2,5;erkély
Föld utca;2,9;2,1;erkély
Szepesi utca;3,4;2,7;fürdőszoba
Malvin utca;2,2;4,1;háló
Ady park;2,7;2,2;fürdőszoba
Erdőstarcsa utca;1,1;1,4;WC
Csurgó utca;3,2;4,8;fürdőszoba
Vadkerti tér;2,1;4,6;fürdőszoba
Szólát utca;2,3;2,2;fürdőszoba
Berlini körút;3,8;2,5;mosókonyha
Nagyszéki út;1,5;1,3;WC
Ifjúság útja;2,9;2,5;háló
Arató utca;1,3;1,9;kamra
Átrium köz;3,3;3,8;mosókonyha
Lóverseny utca;2,5;3,3;konyha
Barna utca;4,1;2;fürdőszoba
Pesti utca;4,5;6,8;nappali
Figyelőhalmi út;3,7;4;konyha
Rózsavölgy utca;2,8;2,3;fürdőszoba
Krisztina utca;3,5;2,9;konyha
Telep utca;2,4;2,5;háló
Gyékényesi út;3,5;4;dolgozószoba
Ív utca;1,8;1,3;WC)
Lant utca;3;3,9;háló
Sástavi út;4,3;5,7;nappali
Tükrösszív utca;3,6;3,7;háló
Pók utca;1,3;1,6;erkély
Kertész utca;3,8;3,1;fürdőszoba
Tócópart utca;3,2;4;háló
Sajó utca;2,4;3,2;mosókonyha
Furmint utca;2,2;3,3;háló
Gilice köz;2,9;3,6;háló
Ladik utca;3;2,7;fürdőszoba
Boldizsár utca;1,9;1,5;gardrób
Bartók Béla út;2,4;2,1;háló
Kisfenyves utca;6;5,9;konyha
Olasz utca;3,8;3,9;dolgozószoba
Medok utca;5,5;5,1;nappali
Nagyfekete út;2,7;2,7;erkély
Mocsáry Lajos utca;3,1;4,6;fürdőszoba
Victor Hugo utca;2,8;3,9;gardrób
Lehel utca;5;3,1;konyha
Cser utca;1,7;1,5;gardrób
Erdőstarcsa utca;4;2,8;konyha
Ostoros utca;5,4;3,3;konyha
Eszterházy tér;2,6;3,6;háló
Bartók Béla út;3,3;2,8;háló
Pisztácia utca;3;4,2;fürdőszoba
Szikigyakor utca;2,5;4,4;háló
Márták dűlő;2,2;2,2;fürdőszoba
Kacagány utca;3,6;2,4;dolgozószoba
Kőporos tér;5,7;5,2;nappali
Péchy utca;4,1;2,2;fürdőszoba
Ungvár utca;1,5;1,2;WC
Basahíd utca;3,9;3,6;háló
Százados utca;3,8;3,7;fürdőszoba
Hatvan utca;4,3;3,2;háló
Homoródi utca;2,7;3,5;dolgozószoba
Monostorerdő köz;1,2;1,1;WC
Acél utca;5,2;6,7;nappali
Nagyfekete út;2,7;4,1;háló
Szérűskert utca;3,9;3,2;konyha
Regina utca;2,5;2,7;mosókonyha
Föltámadás utca;4,1;2,6;konyha
Bokréta utca;3,7;2,7;háló
Fogarasi utca;2,1;1,9;erkély
Kard utca;2,2;3,2;terasz
Pemetefű utca;4,3;4,7;konyha
Rendező tér;3,7;2,6;dolgozószoba
Kaszás utca;5,2;4,3;nappali
Úszó utca;1;0,9;kamra
Teve utca;1,1;1,4;WC
Szitás utca;2,7;2,2;dolgozószoba
Közép fasor;3,5;3,8;dolgozószoba
Pákász utca;4,4;5,2;konyha
Tisza utca;3,5;3,2;háló
Fenyő utca;3,9;2,8;gardrób
Aranypohár dűlő;3,7;2,3;dolgozószoba
Szikigyakor utca;2,7;1,7;erkély
Panoráma tér;3,5;3,9;háló
Harangos utca;2,7;3;fürdőszoba
Küküllő utca;1,4;1,5;WC
Pancsovai utca;3,5;4;háló
Főző utca;3,8;3,3;háló
Síntelep utca;2,9;3,1;háló
Marostorok utca;1,7;1,5;kamra
Pécsi út;1,6;1;WC
Kerékgyártó utca;1,1;1,8;erkély
Richter Gedeon utca;2,5;2,4;konyha
Parittya utca;2,4;2,3;fürdőszoba
Rókus utca;3,4;3,6;háló
Oltványi utca;4,6;4,3;háló
Nagyecsed utca;1,4;1,5;WC
Acél utca;4,7;4,1;háló
Csurgó utca;2,3;3,9;terasz
Nagy-Eged utca;4,4;4,2;háló
Hajnalka utca;4,3;3,2;háló
Búcsú sor;1;0,9;kamra
Ág utca;4,1;6,3;nappali
Szalapart utca;2,4;3,9;háló
Lenkei János utca;1,9;1,8;kamra
Trinitárius utca;1,8;1,3;WC
Kinizsi Pál utca;3,4;2,1;háló
Nagy Jenő utca;1,1;1,4;WC
Nagy-Eged utca;3,9;3,9;háló
Libatop utca;1,7;2,1;erkély
Otthon utca;2,1;2;háló
Dohánykert utca;3,3;2,5;fürdőszoba
Bornemissza utca;2,7;3,2;kamra
Páfrány utca;2;2,7;háló
Káka utca;1,4;1,8;kamra
Gyevi utca;1,2;1,5;WC
Késmárk utca;2,1;3,5;háló
Hárs utca;2,1;3,7;mosókonyha
Vigadó tér;2,8;2,4;fürdőszoba
Máté utca;2,1;2,7;fürdőszoba
Pákász utca;2,3;3,7;kamra
Nyilassy utca;2,3;2,4;háló
Ceglédi utca;4;2,3;háló
Erdészház utca;1,3;1,4;WC
Szentháromság utca;4;3,7;kamra
Panda tér;2,1;2,5;fürdőszoba
Liliomkert utca;5;5,4;konyha
Kacagány utca;2,8;2,5;háló
Gesztenyési út;2,7;2,8;erkély
Maklári út;4,1;4,5;háló
Körtvélyes utca;5,9;4,8;nappali
Puska utca;3,7;3;fürdőszoba
Barcaság utca;1;1,8;WC
Nagy Jenő utca;3,6;2,7;háló
Liliomkert utca;4;3,4;dolgozószoba
Olajfa utca;4,4;2,6;háló
Vajdahunyad utca;3,5;3,2;dolgozószoba
Remenyik Zsigmond utca;1,1;2,3;erkély
Jáger utca;2,9;2,4;háló
Toldás köz;3,7;2,6;háló
Zsolnai utca;2,3;2,4;erkély
Törő utca;4,6;4,4;konyha
Dália utca;4,8;4,8;konyha
Limány köz;2,7;2,9;háló
Hámfa utca;4;2,4;konyha
Tábornok utca;3,8;2,7;konyha
Szeremlei utca;3,1;2,2;konyha
Olasz utca;3,9;2,4;konyha
Csákósor utca;2,2;2,2;fürdőszoba
Kapisztrán út;5,1;4,7;nappali
Díszlet utca;1,5;1,5;WC
Orsolya utca;4,5;4,8;háló
Gyimesi utca;3;2,5;erkély
Ág utca;3,2;2,4;gardrób
Bokros utca;5,8;3,5;nappali
Harmat utca;3,7;4,9;konyha
Ezüst utca;2,4;2,5;erkély
Szarkaláb utca;2,4;3,4;háló
Boszorkányfű utca;2,5;2,7;fürdőszoba
Tegzes utca;3,6;3,1;háló
Pacsirta utca;4;4,2;nappali
Tóparti út;3,6;3,1;konyha
Gyimes utca;1,1;1,1;WC
Tyukod utca;1,9;1,8;erkély
Zöldmező utca;4;1,6;kamra
Akácfa utca;3,5;3,1;terasz
Kabar utca;2,4;2,2;dolgozószoba
Ady köz;2,2;2,4;erkély
Marostorok utca;4,3;2,6;háló
Liliomkert utca;3,5;4,9;háló
Pelyva utca;2;2,1;fürdőszoba
Lehel utca;4,5;5;nappali
Várad utca;1,1;1,4;WC
Bognár utca;6,6;5,3;nappali
Zsolnai utca;2,4;2;erkély
Balabás utca;1,9;1,2;kamra
Dinnyés utca;2,1;2,3;mosókonyha
Vadkerti tér;3;4,3;háló
Piroska tér;3,2;2,6;háló
Hasító utca;3;3,6;háló
Hatvan utca;1,4;1,9;WC
Pacsirta utca;2,7;2,4;fürdőszoba
Pinty utca;5,5;6,5;nappali
Zsurló utca;2,7;2,2;fürdőszoba
Pitypang utca;2,8;4;háló
Törökverő utca;5;4,9;nappali
Hátszegi utca;2,7;3,5;dolgozószoba
Kétmalom utca;3,2;4,4;háló
Tóparti út;2,8;4,4;háló
Szarvas tér;6,1;6,8;nappali
Rózsástelep utca;0,9;0,9;kamra
Dáni utca;3;3,9;konyha
Hajós Alfréd utca;1,7;2,8;erkély
Guti utca;1,2;1,2;WC
Szélpart utca;2;2,2;konyha
Mézeskard utca;3,3;3;terasz
Vadliba utca;2,2;3,1;terasz
Apály utca;2,9;2,2;fürdőszoba
Krónikás utca;4,5;3,9;háló
Cserfa utca;3,5;4,4;háló
Bulcsú utca;1,6;1,2;kamra
Ady köz;0,8;0,9;kamra
Szalapart utca;0,8;0,8;kamra
Jázmin utca;2,3;2,9;kamra
Huszár utca;2,6;3,5;dolgozószoba
Mikepércsi út;1,5;1,4;WC
Harsona utca;4,3;3,2;fürdőszoba
Pacikert utca;2,7;3,2;háló
Tölgy utca;2,7;2,4;konyha
Aranypohár dűlő;0,8;0,9;kamra
Olasz utca;2,3;2,6;fürdőszoba
Piac utca;2,1;2,4;fürdőszoba
Rozmaring utca;4,4;2,9;háló
Pille utca;2,8;2;dolgozószoba
Guti utca;4;2,6;konyha
Küküllői utca;3,1;2,1;háló
Bordányi köz;3,1;2,9;konyha
Kormosalma utca;2,6;3,3;háló
Lomnici utca;6,5;4,3;nappali
Védőnő utca;3,6;3,2;háló
Harsona utca;4,2;4,1;háló
Pancsovai utca;1,2;1,1;WC
Keszi utca;2,2;4,7;konyha
Medok utca;3,4;4,6;háló
Vadrózsa sor;1,7;1,4;WC
Szeklice köz;3,4;3,5;fürdőszoba
Boglárka utca;1,3;1;WC
Mata János utca;3,1;2,2;fürdőszoba
Ludányi Antal utca;2,6;2,2;erkély
Kádár utca;3,6;3,9;fürdőszoba
Palóc utca;3,8;3,6;dolgozószoba
Kékszőlő utca;4,2;3;háló
Ungvár utca;3,5;3,7;gardrób
Nagyecsed utca;2,6;4,9;háló
Só utca;2,5;3,6;konyha
Bem utca;3,5;2;fürdőszoba
Tigér utca;4,1;3,3;fürdőszoba
Szamóca utca;2,2;2,6;háló
Kastély köz;3,5;3,5;fürdőszoba
Palánták dűlő;2,6;2,5;fürdőszoba
Vadmálna utca;5;5,8;nappali
Rózsástelep utca;2,5;2,2;fürdőszoba
Mátyás király utca;1,8;1,4;WC
Nyilassy utca;4,2;2;háló
Szarkaláb utca;4,3;3,9;háló
Gyimesi utca;2,8;2,2;kamra
Monostorerdő köz;3,3;2,7;dolgozószoba
Harkály utca;4,1;3,6;fürdőszoba
Kard utca;2,4;2,9;erkély
Erdőstarcsa utca;2,4;2,1;fürdőszoba
Nagyhát utca;1,3;1,8;WC
Merkúr utca;2,6;2,4;fürdőszoba
Harangos utca;3,8;3,3;háló
Öreghegyi utca;2,9;4,3;háló
Fóliás utca;4,9;4,5;háló
Sziget utca;2,8;3,8;háló
Széna tér;2,1;3,2;háló
Lőcsei utca;1,5;1;WC
Vajdahunyad utca;2,5;2,2;fürdőszoba
Lilla tér;3,5;4,4;nappali
Szentiváni dűlő;2;1,1;WC
Költő utca;1,3;2;WC
Thomas Mann utca;3,8;2,3;háló
Mészöly Géza utca;3,5;2,9;dolgozószoba
Téglagyár utca;1,7;2,9;erkély
Cserfa utca;3,6;2,9;háló
Bartók Béla út;2,5;3,1;háló
Szordasi út;2,9;2,5;dolgozószoba
Bán utca;3,7;4,4;háló
Dolgos utca;3,8;2,8;dolgozószoba
Küküllő utca;4;4,3;háló
Nyárfasor utca;4;4,8;nappali
Vajk utca;2,3;3,9;háló
Mátyás király utca;3,5;4,1;fürdőszoba
Pacsirta utca;3,9;2,8;háló
Vigadó tér;3,3;3,8;kamra
Keszeg utca;3,6;3;háló
Széna tér;4,5;3,7;nappali
Pisztácia utca;4,8;5,7;nappali
Richter Gedeon utca;5,8;5,5;nappali
Eszterházy tér;3,9;3,1;háló
Puska utca;3;2,9;dolgozószoba
Kisbotos utca;2,8;2,4;erkély
Majdáni sor;3,8;3,7;háló
Szalapart utca;1,3;1,2;WC
Szotyori utca;2,8;3,3;dolgozószoba
Nagyrét utca;2;3,1;dolgozószoba
Hátszegi utca;1,1;1,4;WC
Bán utca;4,5;3;háló
Küküllő utca;5;2,2;konyha
Rózsavölgy utca;2,3;2,3;konyha
Gomba utca;2,6;4,3;fürdőszoba
Odú utca;1,4;1,5;WC
Réce utca;1,9;2,2;erkély
Átrium köz;5,3;4,3;nappali
Ormós Lajos utca;1,3;1,3;WC
Torma utca;3,8;3,7;nappali
Alkony utca;1,5;1,9;erkély
Bocskai utca;6,4;4;nappali
Varsa utca;0,9;0,9;kamra
Kölcsey Ferenc tér;4,8;5,5;nappali
Szilánk köz;1,4;1,3;WC
Búcsú sor;3,1;2,5;háló
Küküllő utca;3;2,6;háló
Fonatos utca;5,2;4,1;nappali
Olajfa utca;4,3;4,1;háló
Vadkerti tér;2,1;2,4;erkély
Völgy utca;2,2;3,3;dolgozószoba
Pisztácia utca;4,5;4,1;fürdőszoba
Akácfa utca;2,9;4,1;fürdőszoba
Honfoglalás utca;2,2;3,7;dolgozószoba
Füzes utca;3;3,9;gardrób
Gyertyaöntő utca;1,1;1,4;WC
Rozmaring utca;1,2;1,9;WC
Bulcsú utca;4,1;3,6;háló
Dáni utca;2,6;2,5;háló
Lovarda utca;3,6;3,9;dolgozószoba
Ady köz;2,8;2,1;háló
Jázmin utca;3;2,5;dolgozószoba
Hortenzia utca;5,2;3,5;nappali
Sajó utca;2,3;3,7;fürdőszoba
Borbíró tér;3,6;3,3;fürdőszoba
Tengelic dűlő;4,3;4,6;konyha
Marostorok utca;3,8;3,4;háló
Piac utca;2,7;2,8;háló
Rebarbara utca;2,7;3,5;háló
Tóparti út;5;6,1;nappali
Hattyas utca;2,1;5;konyha
Ady köz;4,2;4;nappali
Kartács utca;3;2,2;fürdőszoba
Rózsavölgy utca;3,5;2,5;dolgozószoba
Fogarasi utca;2,7;3,5;fürdőszoba
Sáfrány utca;4,4;2,3;háló
Borbála utca;2,2;3,7;konyha
Petőfi Sándor utca;1,3;1,7;erkély
Vadliba utca;4,1;3,7;háló
Fő tér;1,9;2;WC
Jázmin utca;4;2,8;terasz
Szilágyság utca;3,3;2,8;háló
Törő utca;2,3;1,8;gardrób
Gyékényesi út;2,7;2,2;konyha
Szömörce utca;1,3;1,2;WC
Herke utca;2,5;2,9;fürdőszoba
Martinovics utca;1,1;1,2;WC
Malajdok út;2,6;3;háló
Pinty utca;4,9;4;háló
Krónikás utca;3,7;2,1;gardrób
Part út;4,2;4,7;nappali
Mátyás király utca;1,9;2,4;kamra
Verőszala utca;2,2;2,5;terasz
Martinovics utca;2,1;1,6;erkély
Daru utca;2,2;3,9;konyha
Éger utca;4,9;4,8;fürdőszoba
Telep utca;2,2;3,8;fürdőszoba
Kard utca;3,1;3,9;gardrób
Papzug utca;3,8;3;dolgozószoba
István király tér;3,8;4,5;háló
Szérűskerti sor;2,9;3,7;terasz
Krónikás utca;2,5;3,6;fürdőszoba
Dandár utca;4,1;3,9;nappali
Torma utca;1,8;1,4;erkély
Dorogi utca;3,7;3,1;kamra
József Attila sugárút;2,6;3,6;gardrób
Gilice köz;1,3;1;WC
Kórház utca;2,3;5;konyha
Sípos köz;1,4;1,2;WC
Margitvirág utca;5,5;5,8;nappali
Józsakert utca;4,4;3;háló
Monostorerdő köz;2,3;3,6;konyha
Vértanú utca;4,9;4,8;háló
Kisfenyves utca;2,1;3;gardrób
Szilánk köz;3,1;3,7;háló
Zsurló utca;2,1;3;konyha
Jázmin utca;4,1;3,1;háló
Tímár utca;3,1;2,6;fürdőszoba
Unokakert utca;3,3;4,3;háló
Kabar utca;4,8;4,8;háló
Úszó utca;3,3;2,3;háló
Bartók Béla út;3,6;4,4;nappali
Mikepércsi út;1,3;1,4;WC
Kertész utca;2,4;2,9;háló
Alkony utca;2,8;4;konyha
Bartók Béla út;3,3;3,3;fürdőszoba
Pasztinák köz;1,6;1,1;kamra
Várad utca;4,2;5,7;nappali
Átrium köz;5;5,1;konyha
Rózsástelep utca;2,2;1,1;erkély
Torma utca;4,4;4,3;háló
Cserfa utca;4,6;4,8;háló
Sástavi út;1,9;1,1;kamra
Kis-Tisza utca;2,9;3,4;fürdőszoba
Vadkörte utca;4,4;4,8;konyha
Úszó utca;3,5;3,7;háló
Vásárhelyi Pál utca;2,8;3;háló
Ceglédi utca;2,8;4;konyha
Pacsirta köz;5;6,2;nappali
Pasztinák köz;4,4;4,2;háló
Vadmálna utca;2,6;3;kamra
Közép fasor;3,8;3;konyha
Törő utca;5;5,7;nappali
Téglaverő utca;2,7;2;háló
Almafa utca;4;3,7;háló
Szőlő utca;3;3,4;dolgozószoba
Héja utca;2,4;2,9;háló
Ujjaskosbor utca;3,7;4,1;háló
Lehel utca;2,9;3;háló
Józsakert utca;2,2;3,7;dolgozószoba
Olajfa utca;3,3;1,7;kamra
Ingovány utca;3,4;2,2;gardrób
Borbála utca;4,7;4,1;háló
Kard utca;3,8;3,4;háló
Sövény utca;2,6;2,6;konyha
Péterfia dűlő;2,5;3,8;háló
Föld utca;5;3,3;konyha
Galagonya utca;1,8;4;kamra
István út;2,6;3;háló
Nadályfű utca;4,5;3,1;konyha
Vályogos utca;2,6;3,1;háló
Hárs utca;2,8;3;erkély
Hortenzia utca;3,1;3,9;dolgozószoba
Népkert sor;2,5;2,4;kamra
Pinty utca;4,5;4,8;háló
Pákász utca;1,7;1,6;WC
Föltámadás utca;3,5;2,3;háló
Vágóhíd utca;3,9;4,2;háló
Ady köz;2,5;2,6;dolgozószoba
Baross utca;2,3;2;dolgozószoba
Vaszy Viktor tér;1,8;1,4;kamra
Richter Gedeon utca;1,6;2,7;erkély
Sarlófű utca;3,9;2,2;dolgozószoba
Kisvölgy utca;1,3;1,6;kamra
Vadkacsa köz;2,6;2,5;fürdőszoba
Dorogi utca;3,5;3,6;gardrób
Remenyik Zsigmond utca;2,7;3,4;dolgozószoba
Hullám utca;3,3;4;konyha
Temesvári körút;4;4;háló
Köszörűs utca;2,4;3,7;konyha
Zsolnai utca;2,3;3,5;dolgozószoba
Kisbotos utca;3;3;fürdőszoba
Almagyar köz;4,1;3,1;háló
Czibula utca;2,1;3,7;terasz
Erdőstarcsa utca;4,1;4,1;nappali
Rozmaring utca;5,1;6,2;nappali
Körmöcbányai utca;4;4,5;nappali
Sástavi út;2,9;2,8;dolgozószoba
Szikigyakor utca;2,6;4,2;háló
Muskátli utca;2,7;3,9;terasz
Mocsáry Lajos utca;2,7;4,1;háló
Nagyszéki út;1;0,9;kamra
Malvin utca;3,8;3,6;háló
Jáger utca;1,8;1,2;erkély
Szoboszlói út;3,5;3,4;terasz
Tizeshonvéd utca;2,6;3,8;dolgozószoba
Dévai utca;2,1;2,9;konyha
Aranyosi utca;3,2;4,4;háló
Bartók Béla tér;1,8;1,5;gardrób
Ladik utca;3,2;2,5;konyha
Nagyrét utca;4,3;3,3;háló
József Attila sugárút;4,9;2,6;háló
Cserfa utca;3,3;2,2;dolgozószoba
Vág utca;2,8;4,2;háló
Porcsin köz;3,8;4,7;nappali
Hangyás köz;3,4;3,6;mosókonyha
Nyárfasor utca;2,3;2,2;fürdőszoba
Zöldmező utca;5;2,7;fürdőszoba
Torma utca;4,3;3,5;háló
Máté utca;3,1;2,7;dolgozószoba
Csemete utca;3,5;3,6;dolgozószoba
Tócópart utca;3,3;3,9;terasz
Trafó köz;4,7;2,7;háló
Kosbor köz;4,5;3,7;háló
Ipar dűlő;2,5;2,5;kamra
Fácán utca;2,3;2,6;fürdőszoba
Palotás utca;3,7;2,5;terasz
Kormorán utca;1,9;1;WC
Téglaverő utca;1;0,9;kamra
Platán utca;3,6;3,4;háló
Rózsamajor út;3,9;2,1;konyha
Ceglédi utca;1;1;kamra
Tímár utca;3,8;4,4;nappali
Zsindely utca;1,4;1,1;WC
Bazsarózsa utca;4,7;4,4;nappali
Harasztos köz;3,7;4,1;háló
Liliomkert utca;4,7;2,7;fürdőszoba
Páfrány utca;0,9;0,9;kamra
Péchy utca;2,6;4,9;háló
Tank utca;1,3;1,4;WC
Toldás köz;3,7;3;háló
Költő utca;6,6;4,1;nappali
Victor Hugo utca;4;4,7;fürdőszoba
Hentes utca;4,4;2,2;háló
Harkály utca;5,4;4;konyha
Boszorkányfű utca;1,1;1,8;kamra
Trafó köz;2,6;3,5;háló
Havasigyopár utca;4,9;5,6;nappali
Fagyal utca;2,3;3,7;fürdőszoba
Medok utca;5;2,6;háló
Mata János utca;4,1;4,1;háló
Kacagány utca;3,8;3,9;nappali
Pesti utca;4,4;5;háló
Kincseshegy utca;1,1;1,7;erkély
Balzsamfű utca;4;2,4;kamra
Iparkamara utca;3;2,7;fürdőszoba
Vöcsök utca;2,7;2,9;háló
István út;4,2;4,9;nappali
Péczely utca;3,6;3,2;dolgozószoba
Rózsástelep utca;1,5;1;WC
Holdsugár utca;4,1;4,1;háló
Körtvélyes utca;3,5;3,3;háló
Felsőpércsi utca;3,5;4,1;nappali
Vajk utca;4;3;dolgozószoba
Kond utca;4,3;2;háló
Síp utca;2,3;3,8;fürdőszoba
Almafa utca;6,7;6,1;nappali
Gyékényesi út;2,8;4,5;fürdőszoba
Körmöcbányai utca;2,3;2,2;fürdőszoba
Ipartelepi köz;2,1;2,6;háló
Gyimes utca;1,7;1,6;gardrób
Nagyfekete út;3,7;3;fürdőszoba
Tinódi utca;3,4;2,7;dolgozószoba
Lévai Béla utca;4,5;5,6;nappali
Tápai utca;3;2,1;háló
Cserfa utca;4,9;3,8;fürdőszoba
Csutorás utca;3,3;2,6;dolgozószoba
Tápai utca;2;2,7;fürdőszoba
Kond utca;2,9;3,1;dolgozószoba
Nagy-Eged utca;5,7;5,3;nappali
Ezerjó utca;1;0,9;kamra
Csemete utca;4,9;5;nappali
Bodomi út;2,5;2,9;konyha
Basahíd utca;1,2;1,3;WC
Jázmin utca;2,6;4,8;fürdőszoba
Mályva utca;1,1;1,1;WC
Fogarasi utca;3,4;2,5;háló
Boszorkánysziget utca;2,3;3,4;dolgozószoba
Piroska tér;2,4;2,9;fürdőszoba
Daru utca;2,8;3;dolgozószoba
Csereág utca;3,5;3,7;háló
Hegyköz utca;3,8;3,5;fürdőszoba
Kabar utca;3,3;3,5;kamra
Palotás utca;2,7;3;fürdőszoba
Tigér utca;5;4,8;fürdőszoba
Káliz utca;3,5;3,7;háló
Csertő utca;2;1,7;gardrób
Zárda utca;4,2;2,6;fürdőszoba
Hatház utca;2,7;3,8;dolgozószoba
Bölcsőde utca;2,3;2,1;háló
Arató utca;2,8;3,9;háló
Réce utca;3,5;3,2;háló
Kecsege utca;2,6;2,6;fürdőszoba
Lóding utca;1;0,8;kamra
Balzsamfű utca;4,2;2,7;konyha
Szikra utca;3,1;4;háló
Hangyás köz;1,3;1,3;WC
Keszi utca;4,2;3,5;háló
Szordasi út;4,6;4,7;nappali
Fűzfa utca;1,5;1,9;gardrób
Tas utca;4,3;4,2;nappali
Gerle utca;1,6;1,7;kamra
Majdáni sor;2,5;4,8;konyha
Sóvirág út;4,2;4,2;fürdőszoba
Harangos utca;1,6;1,1;kamra
Síntelep utca;0,9;1;kamra
Ujjaskosbor utca;4,1;3,3;háló
Odú utca;1,9;2,3;erkély
Czibula utca;1,3;1,2;WC
Pákász utca;4,4;2,7;fürdőszoba
Stadion utca;3,9;2,9;háló
Ág utca;4,9;4,1;háló
Lant utca;2,7;3,8;konyha
Vadmálna utca;3,5;3,2;háló
Ajtony köz;2;3,1;kamra
Verőszala utca;3,2;4,9;fürdőszoba
Fokos utca;2,1;3,6;fürdőszoba
Kölcsey Ferenc tér;1,5;1,1;WC
Aranylile utca;3,8;3,6;konyha
Szarvas tér;4,4;2,8;háló
Basahíd utca;1;1;kamra
Balzsamfű utca;4,9;3,2;háló
Pacsirta utca;3,6;3,2;konyha
Ludányi Antal utca;2,9;3,5;gardrób
Apály utca;3,6;3,4;konyha
Gyimes utca;1,3;1,2;WC
Tápai utca;1,1;1,4;kamra
Kalcit köz;3,9;3,5;konyha
Ostoros utca;4,7;2,9;háló
Pécsi út;5;2,8;háló
Templom köz;2,1;3,6;fürdőszoba
Regina utca;3,7;4,7;háló
Baross Gábor utca;3,2;3;háló
Faraktár utca;2,3;2,4;erkély
Szikigyakor utca;2,7;3,9;háló
Tábornok utca;2,7;3;dolgozószoba
Lépesméz utca;2,4;2,7;konyha
Vadmálna utca;1,3;1,7;WC
Bognár utca;4,3;3,9;háló
Mézeskalácsos utca;2,6;2,7;fürdőszoba
Kinizsi utca;1,1;1,2;WC
Felsőpércsi utca;2,8;2,1;konyha
Kinizsi Pál utca;2,1;4;fürdőszoba
Havasigyopár utca;2,5;2,9;fürdőszoba
Fecske köz;2,1;2;dolgozószoba
Vécsey utca;2,9;3,8;háló
Bondorhát utca;1;1,3;WC
Dohánykert utca;3,5;5,7;nappali
Furmint utca;4,6;3,5;nappali
Boszorkányfű utca;2,2;1,6;gardrób
Medok utca;3,1;2,3;terasz
Kis-Tisza utca;1,7;2,4;gardrób
Ingovány utca;3;3,1;háló
Harsona utca;3;2,7;fürdőszoba
Kard utca;3,4;3,8;háló
Testvériség köz;2,6;3,2;háló
Mata János utca;4,2;2;fürdőszoba
Agyagos utca;2,2;2,5;gardrób
Pemetefű utca;2,9;3,9;konyha
Remenyik Zsigmond utca;2,7;3,7;háló
Körtvélyes utca;2,6;2,2;dolgozószoba
Apafi utca;2,1;3,1;dolgozószoba
Vénusz utca;3,2;3,3;háló
Százados utca;3,5;2,6;háló
Fácán utca;3,5;2,7;háló
Madár utca;4,7;4;nappali
Bartók Béla út;4;2,9;háló
Rutafű utca;4;3,2;háló
Sáfrány utca;3;3,6;dolgozószoba
Ezüstfa utca;1,7;2,9;kamra
Pille utca;3;2,2;háló
Dolgos utca;4,6;5,6;nappali
Pincés utca;3,1;3,5;háló
Mozsár utca;2,4;3,7;terasz
Lőcsei utca;3,9;2,3;konyha
Eszterházy tér;3,4;4;dolgozószoba
Szarvas tér;4,1;6,7;nappali
Kubikos utca;1,2;1,5;WC
Kisfaludy Sándor út;2,8;1,3;erkély
Cserép köz;3,7;3,6;háló
Ág utca;2,8;3,7;terasz
Fácán utca;2,2;3,7;dolgozószoba
Kard utca;2,9;5;háló
Kalász utca;2,1;2,1;fürdőszoba
Nyárfasor utca;3,1;3,7;dolgozószoba
Késmárk utca;1;1,2;WC
Fokos utca;1,5;2,6;erkély
Szordasi út;2,6;2,2;fürdőszoba
Nemzetőr sor;3,2;2,8;konyha
Pitypang utca;4,3;3,3;háló
Mester utca;3,6;5,5;nappali
Föld utca;6,6;6,6;nappali
Kartács utca;3,1;2,7;fürdőszoba
Balaton utca;3,7;3,3;konyha
Kubikos utca;2,6;4,2;háló
Vető utca;3,5;5,1;konyha
Ezüst utca;2,7;3;fürdőszoba
Hárs utca;4,8;3,9;háló
Guti utca;1,5;1,7;kamra
Őszapó utca;3;3,5;háló
Pöstyéni utca;2,3;2,4;háló
Szitás utca;2,1;3,8;fürdőszoba
Richter Gedeon utca;1,4;1;WC
Pulz utca;3,8;2,8;háló
Csertő utca;2,4;1,3;erkély
Vályogos utca;4,3;3,4;háló
Muskátli utca;3,3;2,8;fürdőszoba
Pesti utca;4,6;3;háló
Fogarasi utca;2,5;1,3;erkély
Körös utca;4;4,8;konyha
Nagyszántó utca;5;3,9;háló
Mátyás király utca;2;3,5;gardrób
Kisfenyves utca;2,5;2,2;erkély
Piac utca;1,4;1,1;WC
Szeklice köz;5,5;3,8;nappali
Só utca;1;1,2;WC
Arató utca;3;2,3;háló
Tündérhegy utca;3,7;2;háló
Krónikás utca;5;2,3;fürdőszoba
Basahalom utca;3,6;2,4;háló
Krónikás utca;3,7;3,2;fürdőszoba
Hajnalcsillag utca;5,9;4,7;nappali
Verőszala utca;2,5;4,5;háló
Tanbánya út;2,1;2,6;háló
Pinty utca;3,9;4,3;háló
Függetlenség utca;3,6;2,5;fürdőszoba
Barcaság utca;2,7;2;kamra
Nagyecsed utca;2,3;2,9;gardrób
Bodomi út;3,5;2,2;háló
Bondorhát utca;0,9;0,8;kamra
Malvin utca;1;1;WC
Bethlen Gábor utca;3;3,1;háló
Csipkebogyó utca;1,4;1,1;WC
Dohányos utca;2,5;3,8;fürdőszoba
Tyukod utca;4,2;2,4;háló
Körtvélyes utca;2,2;2,4;háló
Ludányi Antal utca;2;2,1;fürdőszoba
Mátyás király utca;1,5;1,4;WC
Gambrinus köz;3,2;3,7;háló
Bajza utca;2;2,5;dolgozószoba
Kisszőlő utca;2,4;2,1;gardrób
Népkert sor;1,2;1,1;WC
Pisztácia utca;3,6;3,6;háló
Alkony utca;3;3,3;háló
Kece utca;4,1;3,8;fürdőszoba
Keszi utca;5,2;4,4;nappali
Hortenzia utca;3,6;4,5;nappali
Béke utca;1,5;2,9;erkély
Zárda utca;3,4;3,7;kamra
Kincseshegy utca;2,1;2,5;fürdőszoba
Ady park;2,6;2,8;konyha
Dorogi utca;3,5;4,7;háló
Balzsamfű utca;1,7;1,7;WC
Törökverő utca;2,9;2,9;erkély
Kerékgyártó utca;2,1;2,7;háló
Cser utca;3,6;3,6;háló
Sándorfalvi út;3,7;2,1;gardrób
Kormorán utca;2,5;1,5;kamra
Remenyik Zsigmond utca;3,5;4,4;nappali
Bánk bán utca;3,2;3,2;háló
Béke utca;1,5;1,1;WC
Hattyas utca;2,7;2,9;kamra
Báthori utca;2;2,8;kamra
Ungvár utca;2;3,8;mosókonyha
Csereág utca;2,7;2,8;háló
Huszár utca;2,4;2,3;mosókonyha
Pesti utca;3,3;3,5;kamra
Kormorán utca;2,1;2,1;terasz
Éger utca;2,8;2,9;erkély
Kamilla utca;2,5;4,1;fürdőszoba
Boroszlán utca;2,4;1,8;erkély
Arany János utca;1;1;kamra
Báthori utca;2;3,8;gardrób
Vereshomok dűlő;3,1;4,4;háló
Csörsz utca;3,9;2,4;háló
Platán utca;3,6;3,9;nappali
Kecsege utca;2,4;2,3;fürdőszoba
Hungária utca;5,4;2,6;konyha
Kard utca;3,7;4,2;háló
Eszperantó tér;1,4;1,2;WC
Felhő utca;1,3;1,4;WC
Bartók Béla tér;3,2;2,4;fürdőszoba
Trafó köz;2,5;2,7;fürdőszoba
Bánki Donát utca;2,7;2,1;háló
Kormorán utca;3,9;1,7;kamra
Síp utca;4,6;3,7;háló
Bocskai utca;2,9;3,5;terasz
Zöldmező utca;3,7;4,9;háló
Gesztenyési út;5;4,1;fürdőszoba
Guti utca;2,1;2,9;erkély
Csurgó utca;2,1;2,9;fürdőszoba
Küküllő utca;4,3;4,3;háló
Csurgó utca;2,8;4,1;háló
Kisfenyves utca;2,7;1,8;kamra
Mata János utca;3,5;3,6;terasz
Pelyva utca;2,3;3,1;háló
Gyimes utca;3;2,6;háló
Csurgó utca;5,6;6,5;nappali
Rozmaring utca;4,4;4,7;háló
Köteles utca;2,8;3,6;gardrób
Rendező tér;2,2;4;mosókonyha
Gambrinus köz;2,4;3,3;dolgozószoba
Regina utca;3,7;2,8;kamra
Gomba utca;1,9;1,1;WC
Töviskes utca;2,8;2,2;háló
Kisfaludy Sándor út;2,4;2,1;fürdőszoba
Ív utca;6,5;5,5;nappali
Hámfa utca;1,4;1,1;WC
Krisztina utca;4,5;3,4;háló
Liget sor;3,1;3,7;fürdőszoba
Bem utca;2,5;3,5;terasz
Márták dűlő;2,3;1,6;erkély
Trafó köz;4,4;4,3;konyha
Baross Gábor utca;4,2;2,9;háló
Tárnokfű utca;2,4;4,4;háló
Ostoros utca;6,9;5,8;nappali
8. utca;3,9;2,8;fürdőszoba
Rézvirág utca;1,8;1,9;WC
Nyárfasor utca;3,6;3,1;konyha
Halastó utca;1,3;2,3;erkély
Unokakert utca;4,8;6,3;nappali
Zsurló utca;3,5;3,6;dolgozószoba
Kisfaludy Sándor út;2,3;2,2;háló
Mályva utca;2,1;3;erkély
Janicsár utca;2,8;2,1;fürdőszoba
Díszlet utca;3,2;3,3;háló
Bükkmogyoró utca;2,9;2,2;fürdőszoba
Vízimolnár utca;2,7;4,2;háló
Gerle utca;1,2;1,4;WC
Sajó utca;2,9;3,5;kamra
Ifjúság útja;3,8;3,9;fürdőszoba
Cser utca;3,8;4,9;nappali
Fürtös köz;2,5;3,5;dolgozószoba
Nadályfű utca;2,1;3,2;dolgozószoba
Cséplő utca;0,8;0,9;kamra
Debreceni út;2,6;3,9;dolgozószoba
Csákósor utca;3,6;3,5;konyha
Orsolya utca;2,9;2,3;erkély
Makó utca;3,3;3,1;fürdőszoba
Lóverseny utca;1,8;1,5;WC
Pacsirta utca;3,8;2,3;háló
Palotás utca;4,7;4,5;háló
Gomba utca;2,7;4,7;háló
Ív utca;3,2;2,4;fürdőszoba
Liliomkert utca;1,7;1,2;WC
Pasztinák köz;2,4;4,3;háló
Gesztenyési út;1,6;1,9;WC
Bodrog utca;5,3;4;nappali
Károli Gáspár utca;2,7;2,4;háló
Trafó köz;2,4;2,6;gardrób
Rózsamajor út;4,3;3,6;nappali
Ostoros utca;2,5;4,6;háló
Köteles utca;3;3;kamra
Kádár utca;4,4;4,9;nappali
Zsombolyai utca;3,7;3,7;háló
Remenyik Zsigmond utca;2,7;2,1;háló
Rézöntő utca;3,7;2,2;háló
Dorogi utca;3,9;3,2;fürdőszoba
Pesti utca;2,6;2,4;gardrób
Föld utca;3,4;3,7;háló
Ág utca;3,5;2,3;fürdőszoba
Rózsavölgy utca;2,4;2,4;fürdőszoba
Sástavi út;2,9;2,6;háló
Bajonett utca;1,1;2,1;erkély
Tigér utca;3,3;3,2;háló
Szotyori utca;3,1;2,3;háló
Réce utca;2,3;2,6;fürdőszoba
Almagyar köz;1,2;1,6;WC
Gyimes utca;2,2;2,9;fürdőszoba
Csipkebogyó utca;2,5;2,7;erkély
Sándorfalvi út;1,8;1,1;WC
Maklári út;1;1,2;WC
Árnyas utca;2,9;4,6;háló
Mátyás király utca;2,6;2,3;fürdőszoba
Kard utca;4,9;4,9;nappali
Harangos utca;1,1;2;kamra
Pisztácia utca;4,1;5;háló
Harcos sor;4,9;4,1;háló
Balzsamfű utca;2,9;4,8;konyha
Dalos utca;3,5;3,3;háló
Tisza utca;1,1;1,3;WC
Pancsovai utca;2,3;4,4;háló
Leányka utca;3,6;2,2;konyha
Rézöntő utca;3;3,8;háló
Knézich Károly utca;3,1;2,7;háló
Kékszőlő utca;1,6;2,8;erkély
Gyergyó utca;1,2;1,4;WC
Nárcisz utca;2,3;2,2;konyha
Ady park;2,4;2,4;háló
Pilinszky János utca;1,1;1,6;kamra
Só utca;3,7;2,1;háló
Vöcsök utca;3,3;3,1;fürdőszoba
Szőlő utca;4,4;2,3;konyha
Hámfa utca;1,3;1,2;WC
Kiskút utca;3;4,2;háló
Fonógyári út;1,3;1,3;WC
Gyertyaöntő utca;2,9;3,8;konyha
Cserfa utca;2,7;3;dolgozószoba
Fekete István utca;1,4;1,1;WC
Cser utca;2,9;2,1;fürdőszoba
Dió utca;2,9;3,1;háló
Iringó utca;4,4;4;nappali
Vadkerti tér;4;4,7;fürdőszoba
Bárány utca;2,2;4,1;konyha
Berlini körút;3,9;2,7;háló
Fűzfa utca;3,4;2,4;fürdőszoba
Trafó köz;4,8;2,8;háló
Berlini körút;1,3;1,9;WC
Nagyecsed utca;2;3,4;kamra
Krónikás utca;3,7;4,3;háló
Lehel utca;4,6;3,7;háló
Cser utca;4,1;4,4;konyha
Tyukod utca;1,9;2,1;gardrób
Szikes utca;3,8;2,8;dolgozószoba
Ingovány utca;1,2;2;WC
Bárány utca;1,2;1,7;kamra
Szentiváni dűlő;4;3,5;terasz
Porzó utca;2,8;2,6;háló
Bölcsőde utca;3,3;4,9;konyha
Mókus utca;1,5;1,8;gardrób
Arany János utca;1,1;1,5;WC
Kövirózsa utca;3,2;4,7;háló
Nagykőporos út;3,8;2,2;gardrób
Nyárád utca;3,7;2,2;dolgozószoba
Makó utca;3,2;3,5;gardrób
Bajonett utca;3,6;3,1;háló
Borbála utca;4,1;3,1;fürdőszoba
Kisbotos utca;1,3;1,4;WC
Tárkony utca;1,3;1,3;kamra
Erdőstarcsa utca;3,1;2,4;háló
Kinizsi utca;2,4;1,7;gardrób
Nagyhát utca;4,5;4,2;fürdőszoba
Telep utca;3,6;3,1;háló
Legátus utca;6;4,9;nappali
Házgyári út;2,4;3,1;konyha
Huszár utca;1;1,3;WC
Tábornok utca;1,2;1,6;erkély
Apály utca;3,5;2,4;háló
Gesztenyési út;2,7;3,3;gardrób
Sarlófű utca;1,8;1,9;gardrób
Vaszy Viktor tér;4;3,2;háló
Piroska tér;3,6;2,5;háló
Nagybecskereki utca;4,7;4,6;háló
Nagybotos utca;5;5,6;nappali
Dalos utca;1,4;1,5;WC
Berzsenyi Dániel utca;2,5;2,8;fürdőszoba
Úszó utca;2,6;2,6;háló
Balzsamfű utca;4,4;4;háló
Zsoldos köz;3;2,4;háló
Torma utca;4,9;4,1;konyha
Lilla tér;3,6;3,6;nappali
Keszi utca;3,6;3;dolgozószoba
Balabás utca;5,1;4,9;nappali
Jázmin utca;5,8;2,8;konyha
Kisfaludy Sándor út;3,5;3,5;háló
Szentiváni dűlő;1,5;1,9;kamra
Kormorán utca;4,9;2,1;konyha
Görgény utca;5,6;4,2;nappali
Törő utca;2,2;2,4;háló
Radnóti utca;4,1;2;háló
Vadmálna utca;5,1;3,6;konyha
Balzsamfű utca;3,4;3,1;dolgozószoba
Homoródi utca;2,5;2,8;háló
Gerle utca;3,9;4,7;nappali
Boszorkányfű utca;2,6;2,2;háló
Felsőpércsi utca;3,8;3,2;konyha
Verseci utca;2,1;3,2;dolgozószoba
Pinty utca;2,1;2,8;gardrób
Tenkes köz;2,7;2,6;fürdőszoba
Vadszőlő utca;3;3,7;háló
Bihari utca;1,6;1,4;erkély
Páfrány utca;3;2,4;háló
Verőszala utca;3,7;2,8;mosókonyha
Nagyhát utca;2,6;2,5;dolgozószoba
Martinovics utca;3,5;4,9;nappali
Vadmálna utca;2,8;3,2;háló
Szeklice köz;3,9;2,1;háló
Népkert sor;3,4;2,5;gardrób
Kacagány utca;3,2;3,9;konyha
Nagy-Eged utca;3,7;3,2;háló
Bölcsőde utca;1,2;1,1;WC
Nagy-Eged utca;6,1;4,1;nappali
Bartók Béla út;2,6;2,9;erkély
Temesvári körút;1,9;1,4;WC
Kertész utca;1,9;2,1;gardrób
Faraktár utca;3,9;3,4;terasz
Vajdahunyad utca;3,7;4,6;nappali
Richter Gedeon utca;2,2;3,3;konyha
Kút utca;3;4,3;háló
Szoboszlói út;3,8;2,7;konyha
Hajnalcsillag utca;4,2;3,1;háló
Mazsola utca;4,2;4;háló
Temesvári körút;4,6;4,9;nappali
Szarvas tér;4,3;2,2;fürdőszoba
Gyevi utca;2,3;3,4;dolgozószoba
Kölcsey Ferenc tér;3,7;3,8;konyha
Leányszállás köz;2;2,3;erkély
Kecsege utca;2,6;2,2;konyha
Janicsár utca;0,9;0,9;kamra
Leányka utca;2;2,5;háló
Szordasi út;1,4;1;WC
Toldás köz;2,4;2,7;dolgozószoba
Erdőstarcsa utca;2,4;2,3;konyha
Arad utca;3,3;4,4;háló
Bornemissza utca;2,5;3,4;háló
Kormosalma utca;2,9;2,5;háló
Só utca;3,5;2,3;háló
Búcsú sor;3,7;3;konyha
Bürök utca;5,4;5,3;nappali
Déva utca;2,1;2,7;erkély
Szikigyakor utca;4,8;4;nappali
Bajza utca;2,1;3,1;konyha
Debreceni út;2,8;2,7;háló
Mészöly Géza utca;4,4;3,8;nappali
Kamilla utca;1,8;1,6;WC
Martinovics utca;3,9;4,2;háló
Kolónia utca;4;3;dolgozószoba
Nagyecsed utca;3,5;4,4;háló
Piroska tér;3,6;3,4;dolgozószoba
Bánk bán utca;4,9;3,7;nappali
Gyimes utca;3,9;2,4;fürdőszoba
Hangyás köz;4,2;3,2;háló
Füzes utca;4,6;5,9;konyha
Jávorka utca;2,2;2,3;erkély
Janicsár utca;3,2;2,8;konyha
Bulcsú utca;2;4;dolgozószoba
Iszalag út;4,3;3,6;nappali
Mester utca;1,3;2;kamra
Gilice köz;2,2;3,4;háló
Harkály utca;1,4;1,3;WC
Ludányi Antal utca;2,2;3,3;terasz
Kubikos utca;2,7;3,3;fürdőszoba
Ráchegy utca;4;3,8;háló
Bulcsú utca;2,2;4;konyha
Vadmálna utca;3,2;3,5;fürdőszoba
Ladik utca;3,5;2,4;háló
Árnyas utca;2,5;3,7;kamra
Bulcsú utca;1,9;2;gardrób
Nagyrét utca;3,9;4,5;háló
Kormorán utca;4,2;2,6;fürdőszoba
Budapesti út;2,2;1,5;erkély
Szikigyakor utca;1,9;2;kamra
Cinke utca;3,3;3,3;háló
Szentháromság utca;2,9;3,1;gardrób
Orgona sor;1,2;1,1;WC
Görgény utca;2,6;3,2;háló
Richter Gedeon utca;2;3,8;dolgozószoba
Vadszőlő utca;4,3;4;háló
Mocsáry Lajos utca;3,1;2,8;dolgozószoba
Nagyecsed utca;3,5;2,8;kamra
Só utca;1,4;1,5;WC
Lovarda utca;4,1;4,2;nappali
Hajós Alfréd utca;3;3,9;fürdőszoba
Kecsege utca;3,7;3,4;konyha
Lovarda utca;3,2;3,7;konyha
István út;3,5;2;háló
Ostoros utca;3,7;3,8;háló
Hatház utca;3,8;3,3;háló
Kékszőlő utca;3,7;3,8;nappali
Bokros utca;3;3,1;dolgozószoba
Éva utca;0,8;0,9;kamra
Balabás utca;2,2;3,2;fürdőszoba
Pacsirta utca;2,2;2,2;háló
Honvéd utca;3;2,8;konyha
Akácfa utca;4,5;2,7;háló
Zárda utca;3,9;4;konyha
Medok utca;4,8;4,7;fürdőszoba
Hullám utca;2,4;3;konyha
Bodomi út;3;2,5;fürdőszoba
Pilinszky János utca;3,9;4,5;háló
Felvégi utca;4,5;2,5;háló
Toldás köz;3,1;2,2;gardrób
Hentes utca;1,1;1,1;WC
Vásártér sor;3;4,5;fürdőszoba
Salétrom utca;3;2,5;konyha
Macskási út;4,2;2,7;háló
Avar köz;2,4;3,4;dolgozószoba
Petur utca;5,1;3,6;nappali
Úszó utca;2,8;3,3;konyha
Bölcsőde utca;2,5;2,3;dolgozószoba
Éger utca;3,7;3,8;háló
Kőporos tér;3,1;2,8;kamra
Guti utca;2,5;3,4;konyha
Ókút utca;3,8;3,6;háló
Pesti utca;2,8;3,6;konyha
Vénusz utca;2,9;2,8;kamra
Richter Gedeon utca;1,8;1,1;kamra
Gyimes utca;2,6;2,3;háló
Dalos utca;1,4;1,9;erkély
Margitvirág utca;2,3;2,3;erkély
Dicsőfi utca;2,5;3;háló
Lant utca;2,3;2,6;fürdőszoba
Pilinszky János utca;2,8;3,5;háló
Bondorhát utca;2,8;2,7;fürdőszoba
Vágóhíd utca;4,2;4,4;háló
Orsolya utca;3,2;2,9;mosókonyha
Torma utca;1,4;1,5;WC
Lévai Béla utca;2,3;2,9;fürdőszoba
Kece utca;4,7;3,9;háló
Verőszala utca;2,2;2,1;dolgozószoba
Kertész utca;1,3;1,3;WC
Mimóza utca;3,9;2,5;háló
Acél utca;2,1;2,6;kamra
Pisztácia utca;1,6;1,2;WC
Hungária utca;2,8;4,5;háló
Kisbánya utca;4,4;4,2;háló
Veresgyűrű utca;3,5;3,5;háló
Bognár utca;2,6;4,2;háló
Herke utca;3,6;3,6;konyha
Faraktár utca;2,1;4,9;fürdőszoba
Lakatgyár utca;2,7;2,9;háló
Katicavirág utca;3,2;3,1;mosókonyha
Paphegy utca;3,9;3,8;háló
Bornemissza utca;3,6;4,9;háló
Dózsa köz;1,2;1,1;WC
Rózsamajor köz;2,8;2,3;háló
Kormosalma utca;3,4;1,8;kamra
József Attila sugárút;1,9;1,9;WC
Gomba utca;3,9;4,6;háló
Küküllő utca;2,9;5,6;konyha
Kinizsi Pál utca;2,9;3,1;háló
Csemete utca;3,9;4;nappali
Őszapó utca;2,2;3,7;háló
Közép fasor;2,4;2,1;erkély
Szoboszlói út;1,9;1,7;WC
Hegedű utca;2,2;2,3;háló
Bondorhát utca;1,5;1,4;WC
Szentiváni dűlő;2,4;3,3;fürdőszoba
Csíkhal utca;4,1;4,1;háló
Ispotály utca;1,2;1,3;WC
Unokakert utca;1,8;1,4;WC
Szövetkezeti út;2,6;2,5;erkély
Malvin utca;3,7;2,9;fürdőszoba
Rétikanyar utca;2,7;2,8;fürdőszoba
Benczúr Gyula utca;2;1,7;WC
Rézvirág utca;3,7;3,6;terasz
Remenyik Zsigmond utca;0,8;0,8;kamra
Honfoglalás utca;2,7;2,3;fürdőszoba
Lant utca;3,9;3,6;konyha
Pincés utca;3,7;2,7;fürdőszoba
Vöcsök utca;3,1;3,1;fürdőszoba
Szikigyakor utca;2,1;2,2;erkély
Déri tér;4,2;5,5;nappali
Föld utca;2,7;4;gardrób
Palotás utca;5,6;4,6;nappali
Szepesi utca;2,4;2,4;gardrób
Cifrakapu utca;4,5;4;fürdőszoba
Fűtőház köz;2,4;3;konyha
Görgény utca;4,4;3,7;nappali
Barna utca;3,3;2,8;terasz
Szalmafonó utca;3,1;3,8;fürdőszoba
Panda tér;2,5;2,9;fürdőszoba
Tigér utca;5;3,2;háló
Szepesi utca;3,7;3,9;nappali
Csemete utca;2,4;2,2;fürdőszoba
Palicsi utca;4,3;2,7;háló
Külüs köz;2,2;1,8;erkély
Szatymazi utca;2,2;3,8;háló
Kisfenyves utca;2,9;2,1;kamra
Zárda utca;4,5;2,7;fürdőszoba
Gyergyó utca;4,2;3,3;háló
Dévai utca;2,5;2,7;fürdőszoba
Kinizsi utca;3,4;3,8;konyha
Acél utca;3,2;2,7;háló
Nyugati sor;2,8;3,8;kamra
Bihari utca;3,9;3,9;háló
Kórház utca;2,2;3,6;fürdőszoba
Kacagány utca;4,3;4,5;nappali
Odú utca;4,5;3,5;nappali
Veresgyűrű utca;0,9;1;kamra
Kubikos utca;2,3;2,9;háló
Tegzes utca;3,7;2,9;háló
Alkony utca;4;3,6;háló
Vadkacsa köz;0,8;0,9;kamra
Mezőhegyi út;2,9;2,9;háló
Kormosalma utca;5,6;6;nappali
Csörsz utca;2,4;2,5;fürdőszoba
Ezerjó utca;3,5;3,8;háló
Fogarasi utca;1,4;1,2;WC
Orsolya utca;1,1;1,7;WC
8. utca;2,8;2,9;fürdőszoba
Bacsó Béla utca;3,7;5,1;nappali
Leánder utca;2,8;2,6;dolgozószoba
Mályva utca;6,9;5,1;nappali
Síntelep utca;2,3;2,3;háló
Vízimolnár utca;1,7;2;gardrób
Kard utca;3;3,5;konyha
Remenyik Zsigmond utca;3,9;3,7;konyha
Fogarasi utca;2,5;2,5;háló
Hangyás köz;3;2,2;fürdőszoba
Fekete István utca;2,4;3,7;konyha
Cifrakapu utca;5,3;6,1;nappali
Káka utca;3,1;3,2;fürdőszoba
Herke utca;1,7;2;erkély
Nagy Jenő utca;3,3;3,6;fürdőszoba
Körtvélyes utca;2,1;1,6;erkély
Csemete utca;2,2;3,5;háló
Tigér utca;3,7;2,1;dolgozószoba
Boroszlán utca;3,2;2,3;háló
Bondorhát utca;2,6;2,8;háló
Hullám utca;1,6;2;erkély
Ormós Lajos utca;0,9;0,9;kamra
Marostorok utca;3,5;4,5;nappali
Libatop utca;3,1;3,1;konyha
Hullám utca;1,7;1,2;erkély
Haláp utca;2,5;2,6;dolgozószoba
Szarvas tér;3,6;4;terasz
Szercsika utca;4,9;4,5;nappali
Pék utca;3,4;2,2;dolgozószoba
Tengelic dűlő;3,2;3,7;háló
Cséplő utca;3,1;2;háló
Bánk bán utca;2,4;2,4;háló
Mester utca;2,7;4,1;háló
Bornemissza utca;3,2;4,6;háló
Kondorosiér út;1,2;1,2;WC
Pinty utca;2,4;2,8;dolgozószoba
Rétikanyar utca;3,9;3,9;háló
Mazsola utca;4,9;4,2;nappali
Külüs köz;1,1;1,5;WC
Szentiváni dűlő;4,9;3,8;háló
Malvin utca;2,5;2,7;háló
Libatop utca;1,5;1,2;WC
Knézich Károly utca;2,8;3,6;dolgozószoba
Pemetefű utca;4,2;5,5;nappali
Kölcsey Ferenc tér;2;1,5;gardrób
Harangos utca;3,7;3,2;fürdőszoba
Salétrom utca;1,5;1,8;erkély
Medok utca;3;2,8;fürdőszoba
Hangyás köz;2,4;3,8;terasz
Dorottya utca;2,4;2,3;fürdőszoba
Fekete István utca;3,9;3,7;nappali
Kincseshegy utca;2,1;1,8;erkély
Basahalom utca;1,1;1,2;erkély
Nagyfekete út;3,9;3;gardrób
Hangyás köz;3,7;2;kamra
Vadszőlő utca;2,8;2,3;fürdőszoba
Szeremlei utca;3,6;2,2;háló
Nagyecsed utca;2,1;2,4;mosókonyha
Ludányi Antal utca;4,9;4,1;háló
Csemete utca;2,6;2;háló
Nagydobos utca;3;2,8;fürdőszoba
Orgona sor;3;3,2;háló
Trafó köz;2,5;2,3;konyha
Függetlenség utca;3,9;3,2;háló
Kartács utca;4,3;4,6;konyha
Jégmadár utca;4,6;2,7;háló
Perczel Mór utca;4,5;4,3;nappali
Harangos utca;2,2;3,3;háló
Kölcsey Ferenc utca;2;1,7;WC
Éger utca;4,3;2,6;háló
Bánk bán utca;4;3,2;háló
Öreghegy utca;4,4;4,7;nappali
Munkácsy Mihály utca;2,5;4;konyha
Kékszőlő utca;4,3;2,2;háló
Bartók Béla út;2,6;3,3;dolgozószoba
Fekete István utca;2,6;2,5;dolgozószoba
Gyík utca;1,9;1;WC
Kece utca;2,7;3,6;háló
Fokos utca;4,5;3,8;háló
Keszi utca;2,9;2,7;háló
Cserfa utca;2,9;4,8;fürdőszoba
Szömörce utca;1,4;2,3;erkély
Bányász utca;3,7;3,5;nappali
Pasztinák köz;2,1;4,2;háló
Déva utca;3,4;4,4;háló
Székhalom köz;2,7;3,2;dolgozószoba
Balaton utca;1,4;1,5;kamra
Nagyrét utca;2;3,3;fürdőszoba
Kőporos tér;4,5;3,8;háló
Nyárfasor utca;3,8;2;dolgozószoba
Debreceni út;0,9;1;kamra
Öthalom utca;3,6;5,3;nappali
Ókút utca;1,2;1,4;WC
Berlini körút;3,9;4,5;háló
Palicsi utca;5,8;4,7;nappali
Pöstyéni utca;4,1;4,5;nappali
Gyékényesi út;2,4;4;mosókonyha
Kanális utca;4,1;4,2;nappali
Fő tér;3,5;3,4;háló
Knézich Károly utca;4,1;3,9;konyha
Nagyecsed utca;4,9;5;nappali
Öreghegyi utca;3;4;konyha
Havasigyopár utca;2;1,7;gardrób
Lant utca;4,6;4,2;nappali
Lóverseny utca;2,7;3,1;mosókonyha
Ráchegy utca;2;1,1;kamra
Nyilassy utca;4,4;2,8;háló
Debreceni út;2,8;2,1;fürdőszoba
Hegyközség utca;2,2;3,9;háló
Pápai utca;4,9;3,6;nappali
Keszeg utca;3;3,5;fürdőszoba
Páfrány utca;1,8;2;erkély
Szeremlei utca;2,8;4;háló
Trafó köz;2,4;2,2;erkély
Szélpart utca;4,1;6,5;nappali
Vértanú utca;3,2;3,6;gardrób
Szeremlei utca;3,3;3,8;konyha
Palotás utca;3,8;4,2;konyha
Pacsirta utca;2,5;3,5;háló
József Attila utca;3,6;4,1;konyha
Nagybecskereki utca;2,4;2,9;kamra
Cserfa utca;2,8;3,1;dolgozószoba
Nagykőporos út;2,5;4,3;háló
Mályva utca;2,5;6;konyha
Tócópart utca;4;4,9;fürdőszoba
Fekete István utca;4;3,9;háló
Közép fasor;2,9;2,2;fürdőszoba
Csereág utca;2,4;2,6;konyha
Csapó utca;1,5;1,4;WC
Cséplő utca;2;2,5;erkély
Pécsi út;2,7;3,4;konyha
Ezerjó utca;2,4;2,4;háló
Palánták dűlő;4;2,1;konyha
Szotyori utca;1,4;1,5;erkély
Rézvirág utca;4,5;6;nappali
Basahíd utca;4,6;3,9;nappali
Ezerjó utca;3,3;2,5;dolgozószoba
Nagy Lajos utca;2,5;3,9;konyha
Gilice köz;2,3;2,7;fürdőszoba
Péczely utca;3,7;2,6;háló
Tőzsér utca;2,9;2,3;fürdőszoba
Kamilla utca;1,7;1,5;WC
Honvéd utca;2,6;2,3;dolgozószoba
Zsombolyai utca;2,4;3,4;háló
Erdőstarcsa utca;3,4;3,1;dolgozószoba
Bánk bán utca;2,3;3,2;háló
Késmárk utca;3,3;3,4;háló
Ceglédi utca;2,1;2,7;dolgozószoba
Basahíd utca;2,2;2,8;háló
Józsakert utca;3,4;3,7;konyha
Veres utca;1,9;1,2;kamra
Pihenő utca;2,3;1,8;erkély
Átrium köz;3,2;2,8;kamra
Nyárfasor utca;2,5;4;háló
Karinthy Frigyes utca;5,3;5,4;konyha
Jáger utca;4,2;4;nappali
Gyimesi utca;6,5;4,7;nappali
Paphegy utca;4;5,3;konyha
Medok utca;3,3;2,7;háló
Tüzér utca;2,3;3,8;háló
Nagy Lajos utca;3,9;2,8;háló
Fokos utca;2,5;2,2;háló
Szikra utca;1,5;1,9;kamra
Görgény utca;2;3;konyha
Védőnő utca;3,5;3,6;háló
Vándor köz;1,2;1,3;WC
Sajó utca;3,6;3,1;fürdőszoba
Palotás utca;3;2,9;háló
Hatvan utca;2,8;3,4;terasz
Csutorás utca;3,3;3,7;háló
Erdőstarcsa utca;4,2;4,9;nappali
Tímár utca;5,9;5,8;nappali
Síp utca;2,9;4,9;konyha
Pinty utca;3,6;2,8;háló
Vadőr utca;4,6;2,2;konyha
Rozmaring utca;4,9;3,9;háló
Kövirózsa utca;2,6;2,4;mosókonyha
Bartók Béla út;2,8;2,1;fürdőszoba
Veresgyűrű utca;2,3;2,6;fürdőszoba
Nagy-Eged utca;1,8;1,2;WC
Berlini körút;2,4;3,5;mosókonyha
Palotás utca;3,4;2,7;kamra
Szarvas tér;2,8;3,1;mosókonyha
Orgona sor;3,2;3,6;konyha
Dinnyés utca;3,6;3,2;kamra
Mata János utca;4,6;6,8;nappali
Vadrózsa sor;2,7;3,3;mosókonyha
Tóparti út;2;2,3;gardrób
Pemetefű utca;4,3;2,2;háló
Fekete István utca;2,1;2,5;dolgozószoba
Kertész utca;4,3;2,2;háló
Pacsirta köz;4,7;4,5;háló
Felsőpércsi utca;1,6;2;erkély
Orsolya utca;6,3;4,8;nappali
Jégmadár utca;4,7;6,9;nappali
Kontyvirág utca;2,1;3,1;háló
Pisztácia utca;4,3;4,7;háló
Pemetefű utca;1,9;1,8;kamra
Határőr utca;4,3;5;nappali
Tükrösszív utca;5,2;4,2;konyha
Tóparti út;2,9;3,9;fürdőszoba
Gyimes utca;1,4;1,5;kamra
Hárs utca;2,1;2,5;kamra
Mátyás király utca;3,1;3,6;háló
Ipartelepi köz;2,1;3;fürdőszoba
Fonógyári út;2,9;3,1;dolgozószoba
Barcaság utca;5;5,1;nappali
Gyékényesi út;2,7;4,7;háló
Palánták dűlő;3,7;3,1;háló
Iszalag út;2,4;2,2;fürdőszoba
Nagydobos utca;3,9;3,7;dolgozószoba
Zsolnai utca;0,9;1;kamra
Barcaság utca;3;4;háló
Körtöltés utca;2,1;2,4;fürdőszoba
Orgona sor;1,3;1,5;erkély
Tündér utca;1,1;1,5;WC
Éva utca;2,9;3,2;konyha
Küküllő utca;4,6;3,4;háló
Cser utca;2,6;3,2;dolgozószoba
Vágóhíd utca;5,8;5,8;nappali
Bartók Béla út;2,4;3;háló
Fürtös köz;1,4;1;WC
Szamóca utca;2,6;2,9;fürdőszoba
Kormorán utca;5,4;5,2;nappali
Pósa utca;3,2;2,9;kamra
Hátszegi utca;4,1;4,6;nappali
Újhelyi köz;4,8;6,2;nappali
Hortenzia utca;3,4;2,2;konyha
Háló utca;3,7;2,3;háló
Jázmin utca;3,5;5;háló
Fekete István utca;2,3;3,9;háló
Ezerjó utca;2,3;2,8;fürdőszoba
Vadszőlő utca;3,9;4,6;nappali
Cser utca;4,8;5,4;nappali
Hangyás köz;3,3;2,8;fürdőszoba
Erdőstarcsa utca;2,8;4;háló
Csapó utca;2,4;3;fürdőszoba
Hegyköz utca;1;1;WC
Muskátli utca;2,5;2;kamra
Köteles utca;3,2;2,7;fürdőszoba
Zsindely utca;2,7;3,2;háló
Temesvári körút;3,7;3;gardrób
Parittya utca;3,8;3,3;háló
Fürtös köz;2,5;2,5;dolgozószoba
Damjanich utca;2,6;2,8;konyha
Gyimes utca;5,5;4,3;nappali
Közép fasor;3,1;2,1;dolgozószoba
Dolgos utca;2,1;1,6;erkély
Bükkmogyoró utca;2;2,1;konyha
Géza utca;2,6;2,3;terasz
Arató utca;2,3;2,4;fürdőszoba
Kamilla utca;2,8;2,5;erkély
Rézvirág utca;2,9;4;mosókonyha
Lóding utca;3,1;2,5;dolgozószoba
Görgény utca;1,4;2,2;erkély
Pisztácia utca;2,5;2,2;erkély
Nagy-Eged utca;3,5;3,5;háló
Vadkacsa köz;1,2;1,9;erkély
Törő utca;3,2;2,1;konyha
Berlini körút;4,7;2,7;konyha
Parittya utca;5,3;6,7;nappali
Szigony utca;3,5;2,3;fürdőszoba
Part út;2;3,1;dolgozószoba
Sípos köz;2,3;3,2;háló
Faraktár utca;3,6;3,7;háló
Pesti utca;6;4,8;nappali
Kontyvirág utca;3,2;4;háló
Körtöltés utca;3,9;2,3;háló
Vág utca;2,5;2,7;erkély
Eszperantó tér;3;3;fürdőszoba
Vécsey utca;6,7;6,6;nappali
Nagybecskereki utca;4,5;4,3;háló
Borbála utca;2,3;2;gardrób
Káka utca;2,5;3,8;háló
Ludányi Antal utca;3,3;2,9;mosókonyha
Kertész utca;3,8;5,5;nappali
Vadkerti tér;4,2;4,2;háló
Csereág utca;2,3;2,4;fürdőszoba
Szék utca;3,3;2,5;háló
Madár utca;1,4;1,4;WC
Guti utca;2,7;2,9;fürdőszoba
Lámpás utca;2,7;2,6;konyha
Benczúr Gyula utca;2,9;2,8;háló
Kece utca;2,3;3,5;gardrób
Vécsey utca;2,5;3,9;kamra
Lilla köz;2,1;3,3;fürdőszoba
Páfrány utca;3,3;2,1;konyha
Köteles utca;3,8;2,3;terasz
Csapó utca;2,2;4,1;háló
Görgey utca;2,9;4,1;háló
Pinty utca;3,5;2,6;háló
Ispotály utca;3,3;2,5;terasz
Odú utca;2,4;3;fürdőszoba
Harcsa utca;5;4,9;nappali
Jázmin utca;4,4;2,2;konyha
Perczel Mór utca;2,8;3,2;konyha
Szilágyság utca;3,1;2,4;dolgozószoba
Szérűskerti sor;2,8;4,9;háló
Bodomi út;3,2;2;háló
Bulcsú utca;3,7;4,4;háló
Nagybotos utca;1,5;2,1;gardrób
Éva utca;3,1;2,2;háló
Odú utca;0,9;0,9;kamra
Péczely utca;3,8;3,8;háló
Lant utca;5;4,7;nappali
Fenyő utca;3,6;3,8;terasz
Szikigyakor utca;1,3;1,9;kamra
Károli Gáspár utca;2,9;4,2;háló
Töviskes utca;2,5;2,3;fürdőszoba
Átrium köz;3,3;3,8;terasz
Várad utca;3,2;3,4;dolgozószoba
Nagyfekete út;3,2;2,4;terasz
Pasztinák köz;1,8;1,9;kamra
Akácfa utca;2,4;2,2;erkély
Mandula utca;2,6;2,8;fürdőszoba
Nyárád utca;4,5;4;konyha
Tőzsér utca;4,9;4,5;nappali
Kanális utca;1,1;1,3;WC
Kincseshegy utca;2,4;2,9;fürdőszoba
Borbála utca;3,2;3,5;kamra
Bornemissza utca;3,5;2;kamra
Kormosalma utca;4;4,2;háló
Éger utca;2,4;3,3;fürdőszoba
Unokakert utca;2,7;2,6;háló
Pósa utca;5,7;4;konyha
Mazsola utca;5;4,6;konyha
Fenyő utca;4,5;4,3;háló
Kórház utca;3,6;3,1;háló
Nagyrét utca;3,6;4,9;konyha
Perczel Mór utca;3,4;3,5;háló
Parittya utca;1,8;1,5;kamra
Gyergyó utca;1,2;1,1;kamra
Czibula utca;2,4;5,6;konyha
Hell Miksa utca;2,2;2,8;fürdőszoba
Emese utca;1,3;1,6;erkély
Nagybotos utca;4,1;2,3;háló
Fonógyári út;2;3,5;háló
Ostoros utca;2,7;2,9;erkély
Átrium köz;2,3;3;fürdőszoba
Határőr utca;3,4;2,9;fürdőszoba
Rahói utca;2,6;2,6;fürdőszoba
Tábornok utca;2,9;2,5;háló
Pósa utca;3,9;4,5;háló
Kormorán utca;3,7;4;háló
Richter Gedeon utca;4,1;3,6;háló
Kövirózsa utca;3,1;3,8;fürdőszoba
Nagyfekete út;2,9;4,3;háló
Gilice köz;3,5;2,7;konyha
Basahíd utca;2,9;2,4;háló
Nárcisz köz;2,5;4,9;háló
Kondoroskert utca;3,4;3,1;háló
Kincseshegy utca;1,3;1,1;WC
Vigadó tér;2,9;3,8;konyha
Csörlő utca;2,7;2,9;fürdőszoba
Maklári út;3,9;4,4;háló
Tölgy utca;2,9;4,4;fürdőszoba
Felhő utca;3,2;3,5;háló
Templom köz;3;2,9;háló
Kisszőlő utca;2,9;3,3;háló
Zsolnai utca;3,7;3,7;nappali
Dorogi utca;2,7;2,2;erkély
Lenkei János utca;3,5;3,3;fürdőszoba
Nagyecsed utca;5,1;4,8;konyha
Szilánk köz;2,3;3,2;konyha
Hatvan utca;4,6;3,8;háló
Jáger utca;1,4;1,4;WC
Körtvélyes utca;2,4;3,3;fürdőszoba
Bacsó Béla utca;5,9;5,6;nappali
Mayer Miklós utca;2,3;3,8;fürdőszoba
Nyárád utca;4,5;4,9;háló
Tegzes utca;3,8;2,2;konyha
Zsombolyai utca;3,7;2,4;háló
Part út;2,4;2,6;konyha
Széperdő utca;4,1;4,8;nappali
Vág utca;2,7;4,4;háló
Lőcsei utca;3,8;3,9;konyha
Bornemissza utca;3,3;4,9;háló
Pesti utca;2,5;2,2;terasz
Patak utca;2,4;2,8;fürdőszoba
Nagy-Eged utca;2,2;2,6;dolgozószoba
Nagyfekete út;3,2;3,8;terasz
Kontyvirág utca;1,1;1,9;erkély
Dorottya utca;3,1;2,2;háló
Pósa utca;3,5;3,4;háló
Só utca;2;2,7;fürdőszoba
Vág utca;4,2;3,1;konyha
Kisfenyves utca;4;4,8;háló
Külüs köz;4,1;4,3;nappali
Nagybecskereki utca;4,3;5,7;konyha
Hortenzia utca;1,5;1,4;kamra
Harangos utca;4,3;3,5;háló
Bocskai utca;4,2;3,8;fürdőszoba
Dévai utca;2,6;2,2;fürdőszoba
Acél utca;4,9;2,5;fürdőszoba
Parittya utca;3,6;3,4;terasz
Pesti utca;6,2;7;nappali
Vadszőlő utca;3,9;2,6;fürdőszoba
Knézich Károly utca;6,6;6,4;nappali
Vág utca;6,5;4,3;nappali
Szentiváni dűlő;3,3;3,7;kamra
Nyilassy utca;2,2;2;gardrób
Hattyú utca;2,8;3,7;háló
Dalos utca;2,2;1,7;erkély
Tóparti út;6,1;6,3;nappali
Ady park;2,1;2,5;fürdőszoba
Szentiváni dűlő;1,6;1,7;WC
Bodrog utca;5,4;4,2;nappali
Kolónia utca;2,5;4,1;konyha
Vág utca;2,7;1,6;kamra
Szélpart utca;4,3;4,3;konyha
Vető utca;4,2;4,7;konyha
Monostorerdő köz;4,2;4,5;nappali
Tyukod utca;5,1;3,7;nappali
Kétmalom utca;2,5;3;háló
Tas utca;2,7;2,4;fürdőszoba
Kard utca;4,8;2,9;háló
Kinizsi utca;3,8;3,2;fürdőszoba
Kisszőlő utca;3,6;4,4;háló
Völgyérhát utca;3,3;2;kamra
Panoráma tér;2,9;2,7;dolgozószoba
Palotás utca;2,9;2,7;dolgozószoba
Bornemissza utca;2,1;3,5;terasz
Csobánka utca;2,4;2;konyha
Völgyalja utca;0,9;0,9;kamra
Lévai Béla utca;5;5,1;nappali
Ungvár utca;3,9;3,9;háló
Medok utca;3,6;4,3;háló
Nagyecsed utca;3,1;3,5;terasz
Berlini körút;3,4;2;konyha
Bánki Donát utca;4;2,5;konyha
Pelyva utca;5;3,8;nappali
Tündérhegy utca;1,3;1,2;WC
Kálmos utca;3;3,1;háló
Arató utca;3,1;2,3;fürdőszoba
Tündérhegy utca;3,6;3;háló
Szitás utca;1;1,8;WC
Thomas Mann utca;2,1;1,1;erkély
Házgyári út;3,5;4,6;nappali
Fokos utca;2,3;3,1;háló
Kövirózsa utca;3,1;3,7;konyha
Só utca;2,4;3,6;háló
Törő utca;3,5;2,7;háló
Öthalom utca;1,3;1,9;kamra
Bondorhát utca;4,7;4,9;nappali
Gyimesi utca;2,4;2,4;fürdőszoba
Háló utca;0,8;0,8;kamra
Otthon utca;1,3;1,2;WC
Lomnici utca;3,7;3,5;háló
Föltámadás utca;3,5;3,4;háló
Dohánykert utca;3,3;3,3;háló
Dorogi utca;4,1;2,9;konyha
Vöcsök utca;2,8;2,5;háló
Nagykőporos út;2;2,3;dolgozószoba
Apafi utca;1,1;1,3;WC
Olajfa utca;3,1;4,5;háló
Mandula utca;3,8;2;háló
Vaskapu utca;3;2;erkély
Széperdő utca;2,3;3,4;fürdőszoba
Szarvas tér;2,8;4;dolgozószoba
Basahíd utca;5;4,5;nappali
Görgény utca;4,3;4,4;háló
Papzug utca;3,3;3,8;fürdőszoba
Nagyfekete út;4,5;2,2;fürdőszoba
Vértanú utca;1,8;1,2;WC
Só utca;3,7;3,5;háló
Vályogos utca;3,9;3,1;dolgozószoba
Richter Gedeon utca;2,5;4,2;háló
Gyékényesi út;5,9;4,5;nappali
Figyelőhalmi út;3,2;2,9;háló
Vág utca;3,3;2,7;terasz
Aranylile utca;2,4;2,6;fürdőszoba
Szikigyakor utca;2,8;3,3;háló
Éva utca;1,3;1,2;erkély
Fagyal utca;2;2,3;gardrób
Kút utca;1,8;1,4;kamra
Törő utca;4,4;4,5;nappali
Toldás köz;1,8;1,2;WC
Tizeshonvéd utca;2,3;2,8;fürdőszoba
Tóth Árpád utca;2,2;1,8;gardrób
Telep utca;4,1;5,4;nappali
Küküllői utca;4,1;4,4;háló
Erdőstarcsa utca;1,5;2,2;erkély
Ősz utca;2,9;3,4;háló
Bokros utca;4,7;4,8;nappali
Vénusz utca;3,8;2,4;mosókonyha
Csertő utca;1,3;1,6;erkély
Tinódi utca;3,6;2,6;háló
Makó utca;4;3,7;háló
Lomnici utca;2,2;3,2;dolgozószoba
Kartács utca;1,6;2,1;gardrób
Mályva utca;3,8;4,4;háló
Székhalom köz;2,9;3,5;háló
Piac utca;4,7;4,4;nappali
Palotás utca;2,5;3,8;mosókonyha
Csörsz utca;1,7;1,8;erkély
Debreceni út;1,4;1,4;WC
Piac utca;0,8;0,9;kamra
Verőszala utca;1,7;1,9;WC
Sándorfalvi út;3;3;erkély
Janicsár utca;3,8;4,5;nappali
Szeremlei utca;1,2;1,5;WC
Felsőpércsi utca;1,4;1,1;WC
Bán utca;3,7;3,4;háló
Szérűskert utca;6;4,1;nappali
Berlini körút;2,7;2,9;háló
Kinizsi Pál utca;5,9;4,6;nappali
Nárcisz utca;3;3,5;dolgozószoba
Szeremlei utca;2,5;2;fürdőszoba
Liget utca;2,4;3;fürdőszoba
Déri tér;3,8;3,5;háló
Tóparti út;1,8;1,7;WC
Káka utca;4,9;4,6;nappali
Lovarda utca;3,2;3,5;háló
Pék utca;1,1;1,2;WC
Sziget utca;2,6;2,5;dolgozószoba
Hatvan utca;3,4;2,3;dolgozószoba
Harkály utca;3,4;2,2;dolgozószoba
Havasigyopár utca;3,6;4,2;háló
Tanbánya út;4,9;3,7;konyha
Páfrány utca;3;3,1;háló
Akácfa utca;3,1;1,5;kamra
Bethlen Gábor utca;1;2,1;erkély
Dáni utca;3,9;2,5;konyha
Bethlen Gábor utca;3,9;2,8;dolgozószoba
Csereerdő utca;2,2;3;háló
Ady park;3,4;3,9;háló
Acél utca;2,2;2,5;erkély
Aranylile utca;3,2;3,8;háló
Erdészház utca;2,4;1,4;erkély
Kadét utca;3,1;4;háló
Holdsugár utca;2,3;1,6;erkély
Ív utca;3,1;3,7;háló
Bognár utca;2,6;3;fürdőszoba
Olajfa utca;2,8;2,9;erkély
Éva utca;1;0,8;kamra
Havasigyopár utca;1,3;1,2;WC
Palánták dűlő;0,8;0,9;kamra
Éva utca;2,5;2,9;háló
Zsolnai utca;3,3;2,5;konyha
Szikra utca;1,2;1,5;WC
Parittya utca;2,4;3,4;mosókonyha
Csapó utca;4,6;5,7;nappali
Torma utca;3,4;2,6;háló
Harcsa utca;3,1;3,2;háló
Balzsamfű utca;2,5;3,8;terasz
Mocsár utca;2,5;2,5;háló
Bondorhát utca;3,9;2,5;háló
Perczel Mór utca;1,4;2,4;erkély
Viola utca;3,6;3,7;nappali
Emese utca;3;3,3;háló
Dinnyés utca;7;6,4;nappali
Kórház utca;3,3;2,1;dolgozószoba
Gyertyaöntő utca;4;2,1;háló
Bánk bán utca;1,2;1;erkély
Arató utca;3,4;2,3;dolgozószoba
Föltámadás utca;3,6;2,5;dolgozószoba
Dohánykert utca;2,4;2,4;háló
Kefés utca;2,7;2,7;háló
Piroska tér;3,9;2,6;konyha
Rézvirág utca;3,9;3,5;háló
Merkúr utca;3,6;3,9;háló
Csörsz utca;3,8;3,5;konyha
Bihari utca;2,8;2,8;fürdőszoba
Hattyas utca;3,1;2,9;mosókonyha
Töhötöm utca;4,4;3,2;háló
Kecsege utca;3,8;3,7;háló
Margitvirág utca;1,8;1,6;WC
Szitás utca;3,2;4,9;fürdőszoba
Veresgyűrű utca;2,1;1,5;erkély
Medok utca;3,4;4,2;háló
Károli Gáspár utca;2,3;1,6;gardrób
Gombvirág utca;2,6;2,8;erkély
Völgyalja utca;3,2;3,3;konyha
Halasi utca;2,8;3,7;háló
Thomas Mann utca;3,4;2,8;háló
Odú utca;2;1,6;erkély
Szilánk köz;5,4;4,7;nappali
József Attila sugárút;3,5;3,5;konyha
Boglárka utca;2,6;2,6;fürdőszoba
Torma utca;1,7;2,2;gardrób
Panoráma tér;2,6;3,3;gardrób
Keszi utca;2,6;3;erkély
Kormorán utca;3;3;háló
Hungária utca;1,6;1,3;WC
Vető utca;3,3;1,6;kamra
Bocskai utca;2,3;2,1;dolgozószoba
Nyilassy utca;2,8;2,5;háló
Hungária utca;2;3,7;mosókonyha
Szérűskert utca;1,9;1,9;kamra
Csertő utca;3,3;4;dolgozószoba
Faraktár utca;4,3;4,1;háló
Fokos utca;4,1;5,9;nappali
Porcsin utca;3,7;3;háló
8. utca;3,8;2,8;háló
Mézeskard utca;1,4;1,3;WC
Pápai utca;2,9;3,9;háló
Gőz utca;2,7;2,6;fürdőszoba
Egyetem tér;3,1;2,9;háló
Bem utca;3,5;4,4;háló
Arad utca;3,6;4,3;háló
Tárnokfű utca;2,9;3;dolgozószoba
Faraktár utca;2,4;1,6;kamra
Földibodza utca;2,5;3,8;háló
Lakatgyár utca;3,9;2,6;konyha
Nagy Jenő utca;2,3;3,8;fürdőszoba
Csapó utca;1,3;2,6;erkély
Rózsamajor köz;2,7;3,3;háló
Csörsz utca;2,4;2,3;konyha
Szordasi út;3,5;2;konyha
Vécsey utca;1,9;1,6;WC
Karinthy Frigyes utca;3,3;3,9;kamra
Főző utca;4;3,3;dolgozószoba
Muskátli utca;4,7;6,3;nappali
Küküllői utca;5,2;4,3;nappali
Múzeum utca;4,9;2,7;háló
Kacagány utca;2;2,6;fürdőszoba
Szalmafonó utca;1;1,2;WC
Harkály utca;2,7;3,8;háló
Kádár utca;1,8;1,8;gardrób
Verseci utca;2,6;2,8;fürdőszoba
Mókus utca;4,8;5,2;nappali
Rózsavölgy utca;2,4;2,7;háló
Thomas Mann utca;1,5;1,2;WC
Szentmihályteleki utca;2,6;2,3;dolgozószoba
Olajfa utca;1,9;1,6;WC
Vályogos utca;4,1;4,4;fürdőszoba
Arany Sándor utca;3,6;3,8;fürdőszoba
Pisztácia utca;3,7;2,8;fürdőszoba
Gyimesi utca;2,5;4,2;háló
Mátyás király utca;3,8;3;kamra
Katicavirág utca;4;3,5;háló
Mátyás király utca;4,2;2,7;háló
Béke utca;3,7;3,5;nappali
Vásártér sor;1,3;1,8;WC
Kereskedő köz;3,5;2,1;konyha
Bihari utca;4,7;4,8;nappali
Nyitra utca;3,9;4;nappali
Part út;2,6;2,1;háló
Rozmaring utca;2,8;2;kamra
Leányszállás köz;2,3;3;konyha
Vágóhíd utca;4,1;3,1;háló
Csíz utca;1;1;kamra
Szitás utca;2,9;4,1;háló
Nagyecsed utca;1,8;1,2;WC
Trafó köz;4,1;6,8;nappali
Aranyosi utca;1,9;2,1;gardrób
Tyukod utca;3;2;konyha
Kút utca;1;1,2;WC
Bán utca;1,7;1,4;WC
Dévai utca;2,7;2,6;háló
Törő utca;1,5;1,7;gardrób
Gyimesi utca;2;1,1;WC
Hungária utca;4;4,7;háló
Szoboszlói út;2,7;3,1;háló
Úszó utca;3,8;2,7;konyha
Fenyőmag utca;2,7;2,5;terasz
Alkony utca;2,7;3,9;konyha
Éger utca;2,6;3,2;háló
Orsolya utca;4,3;3,4;háló
Fonatos utca;1,6;1,4;kamra
Havasigyopár utca;1,2;2,2;erkély
Díszlet utca;4,8;4,8;nappali
József Attila sugárút;3;3;háló
Öthalom utca;2,1;1,9;erkély
Páfrány utca;2,2;3,7;konyha
Mézeskalácsos utca;1,5;1,3;WC
Kormorán utca;6;5;nappali
Unokakert utca;3,1;2,7;háló
Lilla tér;2,4;2,7;fürdőszoba
Dió utca;2,7;1,5;erkély
Pisztácia utca;5,8;6,5;nappali
Ókút utca;1,1;2,2;erkély
Csipkebogyó utca;3,8;3,5;fürdőszoba
Kanális utca;3,7;2,1;fürdőszoba
Bulcsú utca;4,9;5,5;nappali
Május 1. utca;1,5;2,3;gardrób
Stadion utca;1,8;1,3;WC
Major utca;3,4;4,4;háló
Vajdahunyad utca;3;2;háló
Bocskai utca;2,7;3,6;kamra
Vadmálna utca;3,6;4,8;konyha
Zsák utca;0,8;0,9;kamra
Szentiváni dűlő;4,4;2,6;konyha
Platán utca;2,7;2,4;dolgozószoba
Szigony utca;5,7;4,5;nappali
Hortenzia utca;1,9;1,6;erkély
Törő utca;1,6;2;gardrób
Cser utca;2,3;2,5;háló
Rézmetsző utca;2,2;2;gardrób
Panda tér;2,8;3,3;háló
Bánk bán utca;2,3;2,1;fürdőszoba
Csipkebogyó utca;4,1;2,9;konyha
Kisszőlő utca;4;3,3;fürdőszoba
Bondorhát utca;2,8;2,7;fürdőszoba
Nagyecsed utca;4,6;2,9;háló
Tóth Árpád utca;2,1;3,2;háló
Liliomkert utca;3,2;2,8;kamra
Karinthy Frigyes utca;2,6;3,4;háló
Küküllő utca;1,3;1,3;WC
Gyergyó utca;4,9;5,2;nappali
Major utca;1,6;1,9;erkély
Boszorkányfű utca;3,9;3,2;háló
Dalos utca;2,6;2,5;fürdőszoba
Székhalom köz;4,2;3,6;háló
Zöldmező utca;1,3;1,9;WC
Erdőstarcsa utca;0,8;0,9;kamra
Lilla tér;2,4;2,9;konyha
Szeklice köz;1,8;1,6;gardrób
Almagyar köz;3,5;2,1;konyha
Nagybotos utca;1,4;1,4;WC
Pacsirta utca;4,2;3,9;nappali
Pöstyéni utca;3,3;2,3;fürdőszoba
Sípos köz;3,8;3,2;dolgozószoba
Keszi utca;4,7;2,1;fürdőszoba
Palánták dűlő;3,1;2,8;háló
Dolgos utca;2,1;3,5;háló
Merkúr utca;3,7;2,9;konyha
Mata János utca;2,5;2,9;gardrób
Hámfa utca;2,8;2,6;háló
Sesztina utca;2,7;2,9;fürdőszoba
Odú utca;2,4;2,5;fürdőszoba
Borbolya utca;3,7;3,9;háló
Küküllő utca;3,7;2,5;dolgozószoba
Bondorhát utca;2,8;4;dolgozószoba
Cinke utca;3,7;2,8;konyha
Tigér utca;3,8;2,6;háló
Pulz utca;2,8;2,5;fürdőszoba
Mészöly Géza utca;3,7;5,5;nappali
Huszár utca;3,4;3,9;háló
Fenyőmag utca;4,3;5;háló
Szérűskerti sor;2,7;3,6;háló
Körtvélyes utca;2,4;4,5;háló
Felsőpércsi utca;2,5;3,5;háló
Kisfenyves utca;2,1;3,6;mosókonyha
Kisvölgy utca;1,8;1,9;gardrób
Cser utca;1,1;1,1;WC
Cséplő utca;3,4;2,5;háló
Orsolya utca;2;3,3;dolgozószoba
Kaszás utca;4,3;2,8;háló
Ív utca;1;1,2;WC
Regina utca;4,1;4;háló
Bulcsú utca;5,4;5,6;nappali
Honvéd utca;0,9;1;kamra
Pitypang utca;4;4,7;háló
Pisztácia utca;3,9;3,9;kamra
Erdészház utca;3,2;3;háló
Gesztenyési út;3,1;4,7;háló
Trencsén utca;5,9;4,9;nappali
Kölcsey Ferenc tér;2,3;2,3;fürdőszoba
Olajfa utca;2,8;1,7;kamra
Berlini körút;3,3;2,2;gardrób
Pákász utca;3,9;2,9;háló
Martinovics utca;2,1;2,1;gardrób
Harsona utca;3,6;3,5;dolgozószoba
Arató utca;2,4;3,8;háló
Legátus utca;2,6;2,9;háló
Bán utca;3,6;3,9;háló
Gombvirág utca;5,6;4,2;nappali
Malajdok út;2,4;3,6;háló
Vadszőlő utca;2,4;3,5;dolgozószoba
Ajtony köz;4,3;5,6;nappali
Ungvár utca;3,7;3,9;háló
Csikós utca;2,3;4,2;háló
Késmárk utca;2,1;4,3;háló
Ormós Lajos utca;2,1;3,9;háló
Hatvan utca;4,5;3,1;fürdőszoba
Rózsavölgy utca;3,5;3,7;háló
Bocskai utca;2,9;3,9;konyha
Átrium köz;3,2;3,1;fürdőszoba
Bartók Béla tér;4,5;4,6;konyha
Mocsáry Lajos utca;2,5;2,4;terasz
Vályogos utca;1,5;1,5;WC
Kisszőlő utca;3,9;5;nappali
Tóth Árpád utca;2,2;4,3;háló
Vadrózsa sor;2,5;3,3;dolgozószoba
Guti utca;3,3;4,2;háló
József Attila sugárút;4,6;4,2;háló
Cséplő utca;2,8;2,3;fürdőszoba
Petresi utca;3,5;4,1;háló
Balabás utca;3,6;4;háló
Rétikanyar utca;3,5;2,5;konyha
Tas utca;2,9;3,7;konyha
Kormorán utca;2,8;2,3;mosókonyha
Hadnagy utca;4;3,1;háló
Temesvári körút;1,9;1,7;WC
Pápai utca;3,5;3,4;fürdőszoba
Százados utca;2;1,8;WC
Fűzfa utca;1,7;1,1;kamra
Huszár utca;4,3;5,8;nappali
Diótörő utca;5,5;4,3;nappali
Sajó utca;5,5;4,4;nappali
Késmárk utca;4,1;2,3;háló
Kormosalma utca;3,7;4,6;háló
Boszorkánysziget utca;2,6;2,5;fürdőszoba
Múzeum utca;2,8;2,3;mosókonyha
Gábor Áron utca;2,4;2,7;fürdőszoba
Csipkebogyó utca;2,2;3,5;háló
Dicsőfi utca;2,6;2,8;fürdőszoba
Ókút utca;3,6;3,6;konyha
Vágóhíd utca;1,5;2,4;erkély
Nagyszéki út;3,9;3,5;háló
Pulz utca;2,4;2,4;gardrób
Szalmafonó utca;1,8;1,6;gardrób
Unokakert utca;2,3;3;fürdőszoba
Vásárhelyi Pál utca;4,4;4,5;nappali
Nagy-Eged utca;2,8;2,1;erkély
Törköly utca;1,9;1,7;WC
Gerle utca;3;3,6;fürdőszoba
Százados utca;4,5;3,6;háló
Hatvan utca;1,1;1,3;WC
Fecske köz;2,4;3,1;háló
Trafó köz;2,1;3,4;fürdőszoba
Szitás utca;3,2;3,3;terasz
Almagyar köz;3,1;2,9;háló
Kosbor köz;1,5;1,3;WC
Bokros utca;3,2;3,4;fürdőszoba
Haláp utca;3,7;3,7;konyha
Várad utca;2,4;2,2;gardrób
Ráchegy utca;4,2;4;háló
Torma utca;3,1;2,2;fürdőszoba
Nyárád utca;3,6;3,8;háló
Függetlenség utca;1,1;1,1;WC
Hatvan utca;3,2;2,6;kamra
Marostorok utca;1,6;2,8;erkély
Vadszőlő utca;1,7;2,4;gardrób
Kölcsey Ferenc utca;3,7;3,3;fürdőszoba
Olasz utca;3,1;2,6;háló
Vadmálna utca;2,1;4;terasz
Kádár utca;1,3;1,5;WC
Nyárád utca;2,6;3;mosókonyha
Mátyás király utca;3,4;4,4;háló
Külüs köz;2,1;3,1;fürdőszoba
Lámpás utca;2;2,4;fürdőszoba
Vadkerti tér;3,4;4,1;háló
Mata János utca;3,9;3,7;mosókonyha
Hegyköz utca;3,8;4,5;háló
Baltacin utca;2,2;2,4;dolgozószoba
Borbála utca;3,2;2,9;háló
Bárány utca;5,5;6;nappali
Kormorán utca;2,6;2,6;mosókonyha
Trencsén utca;2,1;2,1;gardrób
Aranyosi utca;1,6;2,6;erkély
Bordányi köz;1,1;1;WC
Szélső sor;3,3;3,5;háló
Arató utca;1,2;2,1;erkély
Harangos utca;2,1;1,9;gardrób
Fenyő utca;4,7;2,6;háló
Hortenzia utca;2,4;4,2;konyha
Kecsege utca;1;0,9;kamra
Arany János utca;2,5;2,5;háló
Szegfűszeg utca;3,4;2,3;konyha
Földibodza utca;1,3;1,1;WC
Papzug utca;3;2,1;dolgozószoba
Méhkas utca;1,4;1,3;WC
Acél utca;2,2;2,5;fürdőszoba
Hortenzia utca;2,6;2,1;dolgozószoba
Kondoroskert utca;3,7;4,8;háló
Déva utca;3,5;2,3;fürdőszoba
Trafó köz;3,4;4,9;konyha
Kefés utca;3;2,4;fürdőszoba
Trafó köz;3,5;2,9;dolgozószoba
Damjanich utca;2,1;2,9;háló
István út;2,6;2,9;fürdőszoba
Vadliba utca;3,8;4,1;háló
Pipóhegy utca;2;3,9;fürdőszoba
Szentiváni dűlő;4,9;4,1;háló
Tüzér utca;1,9;2;erkély
Kinizsi utca;3,2;2,5;dolgozószoba
Pápai utca;1,8;1,8;gardrób
Fenyőmag utca;4,5;3,6;fürdőszoba
Ostoros utca;2,9;2,9;erkély
Testvériség köz;4,1;4,2;háló
Méhkas utca;3,3;2,3;konyha
Kard utca;4;4,3;nappali
Tóth Árpád utca;4,5;4,2;háló
Patak utca;3;2,2;konyha
Törökverő utca;1,1;1,9;WC
Köteles utca;4;5;háló
Nagyhát utca;4,1;4,8;háló
Öreghegy utca;2,8;3,6;háló
Fenyő utca;4,1;5,1;konyha
Dorogi utca;4;5;fürdőszoba
Orsolya utca;3,6;4,5;háló
Herke utca;2,7;2,4;háló
Görgény utca;1,5;1,4;erkély
Ladik utca;1,5;2,3;erkély
Bajonett utca;3,8;2,8;háló
Kisbotos utca;1,8;2;gardrób
Olasz utca;3,3;2,1;háló
Házgyári út;1,5;1,3;WC
Zsák utca;2,2;1,9;erkély
Bognár utca;4,8;4,6;háló
Tas utca;3,4;2,9;háló
Hajnalcsillag utca;1;1,2;WC
Kertész utca;1,8;3;erkély
Nyugati sor;2,7;2,3;dolgozószoba
Törő utca;2,6;3,2;fürdőszoba
Május 1. utca;3,8;2,9;dolgozószoba
Tinódi utca;2,9;2,9;fürdőszoba
Pemetefű utca;2,3;2,6;erkély
Kisszőlő utca;3,8;2,5;háló
Népkert sor;5,1;5,3;nappali
Lehel utca;3,3;2,9;háló
Nyitra utca;1,1;1,4;WC
Nagyecsed utca;2;3;dolgozószoba
Otthon utca;0,9;0,9;kamra
Ív utca;4;6,6;nappali
Ostoros utca;1,4;1,9;WC
Merkúr út;3;2,8;konyha
Bethlen Gábor utca;2,5;2,4;háló
Küküllő utca;1,5;1,9;WC
Zárda utca;3;3,1;mosókonyha
Bokros utca;3;3,2;háló
Éger utca;1,8;3,9;kamra
Halastó utca;1,1;1,3;WC
Ingovány utca;1,9;1,7;WC
Benczúr Gyula utca;3,9;3,6;terasz
Apály utca;1,7;2;erkély
Mester utca;1,4;1,1;WC
Fenyő utca;3,8;5,4;konyha
Nagy Jenő utca;3,5;3;háló
Nyilassy utca;4;2,2;háló
Szatymazi utca;3,1;3;konyha
Sándorfalvi út;2,7;2,1;terasz
Knézich Károly utca;3,8;2,8;háló
Vág utca;2,3;2,6;mosókonyha
Fő tér;3,2;2,4;gardrób
Bocskai utca;5,4;4,3;nappali
Rahói utca;3;3;háló
Görgey utca;3,5;3,4;fürdőszoba
Madárkút utca;2,9;2,5;konyha
Szék utca;3,1;2;konyha
Nyárád utca;2,2;2,7;erkély
Mikepércsi út;3,8;3,3;dolgozószoba
Szoboszlói út;2,2;3;fürdőszoba
Keszi utca;6,9;6,2;nappali
Mézesbáb utca;3,8;4,7;fürdőszoba
Kartács utca;1,5;1,2;WC
Agyagos utca;2,9;4;háló
Baross utca;4;3,7;háló
Madár utca;3,6;2,6;háló
Vájáriskola utca;4,5;4,7;konyha
Herke utca;3,7;4,6;nappali
Báthori utca;5,6;5,4;konyha
Telep utca;2,5;3,9;fürdőszoba
Nyárfa utca;2,1;1,8;gardrób
Hattyú utca;2,6;2,2;fürdőszoba
Éva utca;3,2;2,7;konyha
Péterfia dűlő;4,9;3,8;konyha
Körtvélyes utca;1,9;1,5;erkély
Szalmafonó utca;3,7;2,8;dolgozószoba
Bányász utca;1;1,2;erkély
Szalmafonó utca;4,2;3;háló
Szitás utca;1,5;1,1;WC
Gyimes utca;4,7;4,7;nappali
Köteles utca;4,8;2,9;fürdőszoba
Knézich Károly utca;2,6;4,9;háló
Hatvan utca;3,3;5,6;konyha
Verőszala utca;4,6;4;fürdőszoba
Majdáni sor;2,7;2,5;háló
Kölcsey Ferenc tér;4,2;3,5;konyha
Papzug utca;3,4;4,2;háló
Merkúr utca;3,1;2,2;háló
Dózsa köz;2,4;2,3;háló
Kormorán utca;2;2,3;fürdőszoba
Kormorán utca;3,3;3,8;dolgozószoba
Mák utca;3,1;3,8;dolgozószoba
Vándor köz;4,6;3,3;konyha
Bokréta utca;1,5;1,4;WC
Nyilassy utca;2,9;3,5;fürdőszoba
Veres utca;2,8;5;konyha
Szentmihályteleki utca;3,6;2,8;konyha
Pulz utca;5,8;5,3;nappali
Sármás utca;2,9;2,9;háló
Szőlő utca;2,1;3,1;háló
Törő utca;2,8;2,8;fürdőszoba
Szilánk köz;1,1;1,7;WC
Szék utca;3,6;2,4;dolgozószoba
Nagyhát utca;3,8;5,1;konyha
Szentmihályteleki utca;3,2;2,8;háló
Bulcsú utca;3,5;3,1;fürdőszoba
Nagy Jenő utca;2,2;3,4;háló
Szigony utca;3,9;4;háló
Iparkamara utca;3,5;3,9;háló
Küküllő utca;2;3,2;fürdőszoba
Koszorú utca;4,8;3,9;nappali
Harangos utca;1,3;2;erkély
Károli Gáspár utca;2;1,4;kamra
Tábornok utca;2,9;3,9;konyha
Zöldmező utca;4,5;6,8;nappali
Közép fasor;1,3;1,3;WC
Csikós utca;2,5;1,4;erkély
Szikra utca;2,7;2,3;dolgozószoba
Öreghegyi utca;2,6;3,8;fürdőszoba
Kisvasút sor;3,6;4,6;háló
Gomba utca;3,6;2,8;mosókonyha
Józsakert utca;2,2;1,6;gardrób
Zsindely utca;2,2;2,7;fürdőszoba
Múzeum utca;3,4;2,6;kamra
Kard utca;2,5;3,2;gardrób
Kisszőlő utca;3,7;2,1;fürdőszoba
Síp utca;4,6;4,7;háló
Só utca;2,7;2,1;fürdőszoba
Pesti utca;1,2;1,8;WC
Vöcsök utca;5,8;5,8;nappali
Hegyköz utca;1,2;1,3;WC
Nagyecsed utca;2,6;4,6;háló
Borbíró tér;2,3;3,5;mosókonyha
Hatvan utca;1,4;1,7;WC
Védőnő utca;3,8;3,8;háló
Mézeskard utca;2,9;4,1;háló
Pemetefű utca;4,6;3,1;konyha
Tölgy utca;4,3;3,3;konyha
Fokos utca;2,3;4;fürdőszoba
Körtvélyes utca;3,7;3,8;nappali
Hárs utca;3,8;4,8;konyha
Merkúr utca;1,1;1,6;erkély
Parittya utca;1,3;1,9;WC
Népdal utca;3,9;2,3;háló
Körtvélyes utca;1,2;1,2;WC
Dózsa köz;2,1;2;fürdőszoba
Nyilassy utca;1,3;1,1;WC
Bodrog utca;3,5;3,7;dolgozószoba
Vályogos utca;4,6;3,2;háló
Kard utca;3,8;2,9;háló
Aranylile utca;2,5;3,7;háló
Határőr utca;1,2;2;kamra
Mátyás király utca;5,3;3,5;konyha
Szőlő utca;2;1,7;gardrób
Pelyva utca;1,1;1,4;WC
Szentiváni dűlő;6;5;nappali
Kürt utca;2,2;2,5;fürdőszoba
Dohánykert utca;1,7;1,3;kamra
Vadrózsa sor;3,2;2,9;kamra
Trafó köz;5,6;4,5;konyha
Fogarasi utca;1,2;1,1;WC
Küküllői utca;1,9;1,2;kamra
Éger utca;1;1,6;WC
Nagy Lajos utca;1,2;1,3;kamra
Közép fasor;0,9;0,8;kamra
Kiskút utca;3;2,8;dolgozószoba
Margitvirág utca;4,5;3,7;háló
Dévai utca;2,9;3,8;dolgozószoba
Éva utca;2,8;2,9;fürdőszoba
Bethlen Gábor utca;1,2;1,2;WC
Rézmetsző utca;2,8;3,5;konyha
Kiskút utca;3,9;3,2;háló
Hullám utca;0,8;0,9;kamra
Szarvas tér;3,1;2,8;fürdőszoba
Vértanú utca;2,8;3;erkély
Déva utca;5,4;5,1;nappali
Gyík utca;3,9;3,5;háló
Népdal utca;2,1;1,7;erkély
Homoródi utca;2,5;2,5;háló
Hullám utca;2,2;2,7;fürdőszoba
Remenyik Zsigmond utca;2,6;2,4;dolgozószoba
Máglya sor;3,9;2,6;háló
Kartács utca;4,6;5,3;nappali
Gyimes utca;2,5;4,3;háló
Hangyás köz;2,9;2,6;gardrób
Pille utca;2,3;2,9;fürdőszoba
Vadrózsa sor;6,4;6,4;nappali
Öreghegy utca;3,2;3,1;dolgozószoba
Varsa utca;3,9;2,5;konyha
Nagyszántó utca;4,7;2,9;háló
Halastó utca;3,7;3,1;konyha
Keszi utca;4;4,1;háló
Keszi utca;1,2;1,6;WC
Bokros utca;2,1;4;háló
Figyelőhalmi út;0,9;0,8;kamra
Kisbotos utca;2,4;4;dolgozószoba
Turul utca;3;3;háló
Zsurló utca;1;1,1;WC
Czibula utca;3,1;3,9;dolgozószoba
Kalász utca;1,2;1,5;WC
Boldizsár utca;3,6;2,2;fürdőszoba
Máglya sor;3,8;4;dolgozószoba
Rendező tér;2,7;3,5;fürdőszoba
Nagykőporos út;2,1;3,3;fürdőszoba
Hatvan utca;2,9;2;mosókonyha
Géza utca;2,3;3,5;kamra
Kece utca;4;2,3;fürdőszoba
Arad utca;3,3;2,6;háló
Öthalom utca;2,1;4,1;háló
Bellegelői út;2,5;3,7;dolgozószoba
Lant utca;2;2,7;háló
Csákósor utca;3;4,3;háló
Bornemissza utca;3,7;2,8;fürdőszoba
Mészöly Géza utca;1,5;1,2;kamra
Rézmetsző utca;2,2;3,6;fürdőszoba
Liliomkert utca;3,5;2,6;háló
Vaszy Viktor tér;2,4;3,2;dolgozószoba
Agyagos utca;3,5;3,3;dolgozószoba
Vadmálna utca;6;5,1;konyha
Puska utca;5,7;5;nappali
Úszó utca;0,9;0,9;kamra
Csurgó utca;3,9;3,9;dolgozószoba
Rebarbara utca;2,9;3,6;dolgozószoba
Unokakert utca;5;4,1;háló
Zsolnai utca;2,4;3,1;háló
Mazsola utca;1,8;2,1;gardrób
Föltámadás utca;3,7;4,4;nappali
Szilágyság utca;3,9;3,8;háló
Kondoroskert utca;2,1;3,7;fürdőszoba
Mátyás király utca;4,9;2,5;konyha
Bocskai utca;1,4;1,3;WC
Pancsovai utca;2,3;3,3;fürdőszoba
Bükkmogyoró utca;2,4;2,2;fürdőszoba
Mayer Miklós utca;3,6;4,2;háló
Cifrakapu utca;3,7;3,7;háló
Háló utca;2,2;3,3;konyha
Palánták dűlő;1,2;1,3;WC
Szélpart utca;4,1;4,5;háló
Gyimesi utca;4,8;4,8;háló
Pacsirta köz;2,6;5;háló
Monostorerdő köz;3,7;2,7;konyha
Pósa utca;3,9;3,9;gardrób
Bodrog utca;2;2;gardrób
Apafi utca;3,8;2;háló
Kormorán utca;1,9;1,4;WC
Déri tér;2,4;3,3;fürdőszoba
Tegzes utca;2,3;1,3;erkély
Nagyfekete út;4;3,5;konyha
Kard utca;3,2;3,8;mosókonyha
Vécsey utca;3,2;2,5;háló
Síp utca;3,3;3;dolgozószoba
Barackos utca;2,6;2,1;fürdőszoba
Sesztina utca;1,5;1,2;erkély
Kincseshegy utca;3,7;2,3;háló
Knézich Károly utca;2,7;3,2;háló
Malvin utca;1,6;2,4;erkély
Pósa utca;4,2;4,9;nappali
Szikigyakor utca;2,8;3,1;fürdőszoba
Lőcsei utca;2,8;2,4;dolgozószoba
Zsurló utca;0,8;1;kamra
Bodrog utca;2,6;3,4;fürdőszoba
Tigér utca;3,3;3,8;mosókonyha
Téglagyár utca;1,9;2,3;erkély
Tank utca;3,6;3,4;dolgozószoba
Nagybecskereki utca;3,8;3,5;háló
Zárda utca;2,5;3,8;háló
Varsa utca;2,1;2,1;fürdőszoba
Bocskai utca;1,2;1,7;WC
Ág utca;3;4,6;háló
Nagyrét utca;3,7;3,6;fürdőszoba
Törökverő utca;2,4;4;terasz
Bánk bán utca;2,5;3;konyha
Széperdő utca;2,2;3,9;fürdőszoba
Pesti utca;4,1;2,9;fürdőszoba
Pacsirta utca;3,7;3,3;háló
Lépesméz utca;2,4;3,9;háló
Cséplő utca;2,6;3,4;konyha
Paphegy utca;4,4;4,1;háló
Éger utca;3,2;2,5;gardrób
Honvéd utca;3,6;2,1;háló
Kétmalom utca;2,1;2,3;gardrób
Kormorán utca;4,2;2,7;háló
Tenkes köz;1,6;1,5;erkély
Ingovány utca;3,4;3;dolgozószoba
Remenyik Zsigmond utca;2,4;2,9;dolgozószoba
Barackos utca;2;4,3;háló
Knézich Károly utca;3,8;2,6;háló
Palánták dűlő;2,4;2,2;erkély
Csemete utca;1;1;kamra
Majdáni sor;1,7;1,8;kamra
Ókút utca;4,6;4,5;nappali
Bán utca;2;1,5;kamra
Köteles utca;3,4;3,8;háló
Hungária utca;4,6;4,9;háló
Makó utca;2,7;2,1;dolgozószoba
Remenyik Zsigmond utca;2,5;2,6;fürdőszoba
Vigadó tér;4,7;4,3;fürdőszoba
Józsakert utca;3,7;2,8;háló
Sóvirág út;4;3,4;háló
Bartók Béla út;3,8;3,8;dolgozószoba
Tomori Pál utca;2,7;3,6;háló
Pancsovai utca;2,4;2;gardrób
Réce utca;1;1;kamra
Legátus utca;3,1;2,8;háló
Lilla tér;1,2;1,3;WC
Kece utca;3,3;3,5;háló
Jávorka utca;2,9;4,5;fürdőszoba
Gambrinus köz;2,7;3;fürdőszoba
Vadmálna utca;1,2;1,3;WC
Thomas Mann utca;2,6;2,5;fürdőszoba
Hajnalka utca;5,3;5,5;nappali
Agyagos utca;4,3;4,3;háló
Gyöp sor;2,2;2,3;háló
Veresgyűrű utca;1,1;1,1;WC
Petur utca;4,1;4;háló
Sípos köz;1;1,3;WC
Rézmetsző utca;4,6;3,9;nappali
Kormorán utca;4,7;2,7;háló
Károli Gáspár utca;2,6;1,8;erkély
Várad utca;2,2;2,5;fürdőszoba
Hadnagy utca;1,8;1,7;kamra
Mécsvirág utca;2,9;4,7;háló
Vályogos utca;3,7;5,7;konyha
Dáni utca;2,8;2;fürdőszoba
Káka utca;2,6;3;háló
Csákósor utca;2,2;2,3;háló
Bürök utca;2,5;2,8;erkély
Földibodza utca;2,1;2,2;fürdőszoba
Dáni utca;3,4;3,8;dolgozószoba
Stadion utca;6,3;5;nappali
Ingovány utca;1,1;1,2;WC
Vág utca;4,6;2,5;fürdőszoba
Kékszőlő utca;2,6;1,8;erkély
Verőszala utca;3,8;4,6;háló
Unokakert utca;2;2,4;dolgozószoba
Olajfa utca;5;4,4;nappali
Iparkamara utca;2;2,1;konyha
Józsakert utca;2,8;2;erkély
Verőszala utca;2,7;3,7;fürdőszoba
Felhő utca;2;2,7;erkély
Rövid köz;2,1;2,3;erkély
Nagyrét utca;3;1,8;erkély
Vadszőlő utca;5,2;5,2;nappali
Barcaság utca;3,9;2,6;háló
Huba köz;2,9;4,3;háló
Pisztácia utca;2,9;2,1;fürdőszoba
Tüzér utca;3,7;3,4;dolgozószoba
Pesti utca;4,9;4,6;háló
Trafó köz;3,8;5;háló
Fűzfa utca;2,8;3,6;háló
Tüzép köz;1,3;1,2;WC
Ág utca;1,4;1,3;WC
Nyilassy utca;3,3;3,4;fürdőszoba
Leányszállás köz;1,8;2,2;gardrób
Akácfa utca;2,9;4;háló
Mayer Miklós utca;1,6;1,9;kamra
Éger utca;4,2;3,3;háló
Puska utca;1,2;1,4;WC
Tóth Árpád utca;2,9;2,5;konyha
Hortenzia utca;3,3;2,5;fürdőszoba
Nagyfekete út;1,8;1,5;WC
Bánk bán utca;2,6;3,2;konyha
Lehel utca;3,9;3,9;háló
Sajtoló utca;2,9;2,9;fürdőszoba
Téglagyár utca;1,5;2,1;gardrób
Balzsamfű utca;3,2;3,4;terasz
Kincseshegy utca;2;3,5;háló
Tas utca;2,6;3,1;háló
Déva utca;1;1,8;kamra
Síp utca;3,9;3,9;kamra
Éva utca;2,9;2,9;fürdőszoba
Erdőstarcsa utca;2,9;3,9;háló
Avar köz;2,2;2,6;fürdőszoba
Eszterházy tér;2,3;2,3;erkély
Martinovics utca;1,7;1,2;kamra
Liliomkert utca;5,1;3;konyha
Rendező tér;4,3;3,8;fürdőszoba
Kerekerdő utca;3,6;2,2;háló
Hungária utca;2,8;2,9;erkély
Mimóza utca;5,2;5;nappali
Függetlenség utca;3,1;3,9;háló
Herke utca;4;2,4;dolgozószoba
Madár utca;4,2;3,6;nappali
Apafi utca;2,4;2,4;fürdőszoba
Vándor köz;1,5;1,8;kamra
Holdsugár utca;2,6;2,7;háló
Toldás köz;4,9;5;háló
Vág utca;2,7;4,2;háló
Viola utca;3,8;2,9;háló
Cserfa utca;2,4;2,2;erkély
Piac utca;1,3;1;WC
Bartók Béla tér;1,7;1,7;kamra
Föld utca;2,2;2,9;terasz
Pacsirta köz;2,7;3,5;gardrób
Arad utca;4,9;3,6;háló
Kincseshegy utca;2,7;3,5;háló
Bán utca;5;5,8;nappali
Erdészház utca;3,2;3,9;háló
Szöcske utca;5,4;4,9;nappali
Vadliba utca;6,3;5,2;nappali
Balzsamfű utca;3,6;4,8;fürdőszoba
Csörsz utca;2;2,2;fürdőszoba
Ambrus utca;3,9;3,2;mosókonyha
Mata János utca;5,1;6;nappali
Thomas Mann utca;2,3;1,8;erkély
Határőr utca;4,7;4,7;nappali
Nyilassy utca;4,1;2,9;háló
Porcsin utca;3,7;4,6;nappali
Dohányos utca;4,1;2,5;háló
Krónikás utca;3,1;4,9;fürdőszoba
Galagonya utca;3,7;3,8;gardrób
Benczúr Gyula utca;4,8;5;fürdőszoba
Lilla tér;2,7;3,3;háló
Balaton utca;1,4;1,5;WC
Pacikert utca;1;1;kamra
Pesti utca;2,7;3,4;dolgozószoba
Tópart utca;2,2;2;gardrób
Rutafű utca;3,3;2,6;fürdőszoba
Tárnokfű utca;1,7;1,6;gardrób
Vadmálna utca;4,3;5;nappali
Ady park;3,9;3;konyha
Béke utca;2,5;2,1;konyha
Zsurló utca;2,2;2,5;konyha
Füzes utca;2,8;2,4;mosókonyha
Bimbó utca;2,7;2,8;dolgozószoba
Úszó utca;0,9;0,9;kamra
Vadmálna utca;2;3,4;kamra
Páfrány utca;2,1;2,3;fürdőszoba
Rézöntő utca;2,9;2,1;fürdőszoba
Nagy-Eged utca;2,4;2,9;erkély
Tas utca;1,4;1,1;WC
Bacsó Béla utca;2,6;4,4;háló
Nagybotos utca;2,8;2,4;konyha
Máglya sor;2,6;3,2;fürdőszoba
Csobánka utca;2,6;2,1;fürdőszoba
Futrinka utca;1,2;1,1;WC
Százados utca;1,9;1,5;WC
Kard utca;4,3;3,4;háló
Kaszás utca;1,7;2,3;gardrób
Liliomkert utca;2,3;3;gardrób
Vértanú utca;2,8;2,8;háló
Lakatgyár utca;5;4,9;nappali
Hatvan utca;5;4,7;háló
Almagyar köz;2,2;4,4;fürdőszoba
Szalapart utca;2,7;2,9;fürdőszoba
Cserfa utca;4,2;3,2;háló
Egyetem tér;4,7;4,1;nappali
Legátus utca;2,3;3,2;háló
Patak utca;1,1;1,4;WC
Hangyás köz;2,6;3,5;fürdőszoba
Balzsamfű utca;2,5;3,1;háló
Unokakert utca;2,2;2,4;kamra
Mata János utca;4,7;2,4;fürdőszoba
Pihenő utca;2,7;2,7;fürdőszoba
Gombvirág utca;3,7;1,6;kamra
Lechner tér;3,5;3,9;háló
Síntelep utca;2,8;3;háló
Díszlet utca;2,1;3;fürdőszoba
Százados utca;3,1;3,6;gardrób
Pemetefű utca;3,2;2,7;fürdőszoba
Puska utca;2,9;2,6;háló
Bartók Béla tér;5,8;5,3;nappali
Kartács utca;2,3;3,7;konyha
Kartács utca;2,5;2,3;erkély
Pisztácia utca;5,9;3,3;konyha
István király tér;3,8;4,2;háló
Székhalom köz;2,2;2,6;fürdőszoba
Futrinka utca;3,6;2;háló
Szatymazi utca;4,7;4;nappali
Hátszegi utca;3;2,6;háló
Fűtőház köz;3,3;4,1;háló
Szikigyakor utca;5,2;3,7;nappali
Sajó utca;2,8;4,2;háló
Boldizsár utca;4,2;3,9;háló
Törő utca;2,1;3,9;háló
Kórház utca;1,7;2;kamra
Cserfa utca;2,6;2,8;mosókonyha
József Attila sugárút;4,1;4,9;konyha
Ungvár utca;4,9;4,7;háló
Kinizsi utca;5,6;4,6;nappali
Bánk bán utca;3,9;2,6;konyha
Mécsvirág utca;4;2,2;fürdőszoba
Mályva utca;4,1;4,6;háló
Mocsáry Lajos utca;3,3;2,2;mosókonyha
Kormorán utca;3,6;2,8;kamra
Déri tér;2,5;2,5;konyha
Cserfa utca;3,2;1,7;kamra
Limány köz;1,5;2;erkély
Pók utca;3;2,4;háló
Guti utca;1,3;1,9;erkély
Kartács utca;2,5;4,1;háló
Máté utca;1,8;1,8;gardrób
Szikigyakor utca;2,1;3,6;fürdőszoba
Fenyőmag utca;2,8;2,2;erkély
Szentiváni dűlő;2,2;2,6;erkély
Richter Gedeon utca;1,5;1,6;gardrób
Balzsamfű utca;3,1;3,1;mosókonyha
Lakatgyár utca;2,2;1,6;erkély
Bánki Donát utca;4,5;4,4;nappali
Gerle utca;2,2;2,5;erkély
Mester utca;3,4;2;konyha
Veres utca;2,2;3,7;háló
Janicsár utca;3,9;2,9;konyha
Kölcsey Ferenc tér;2,8;3,6;fürdőszoba
Merkúr út;2,9;2,3;háló
Lőcsei utca;4,2;4,7;nappali
Csereág utca;3;2,2;háló
Szőlő utca;2,8;2,8;háló
Közép fasor;3,9;3,4;háló
Kölcsey Ferenc tér;3,4;2,7;fürdőszoba
Ág utca;2,1;2,7;mosókonyha
Kisvasút sor;3,4;2,6;háló
Hullám utca;2,6;2,9;fürdőszoba
Dandár utca;2,1;1,6;gardrób
Zólyom utca;3,1;2,3;háló
Kisszőlő utca;3,7;5,9;nappali
Ceglédi utca;2,3;2,5;fürdőszoba
Guti utca;3,7;4,3;háló
Lóding utca;3,7;2,2;háló
Boszorkánysziget utca;2,6;4,2;konyha
Máté utca;4,2;2,6;háló
Felvégi utca;4,7;3,7;nappali
Örökzöld köz;4,4;3,6;nappali
Hortenzia utca;1,2;1,8;kamra
Veresgyűrű utca;2,9;2,4;háló
Vadkerti tér;4,2;4,7;konyha
Pipitér utca;2,9;3,7;konyha
Berlini körút;3,9;3,3;fürdőszoba
Perényi utca;1;0,9;kamra
Népkert sor;4;3,1;fürdőszoba
Lakatgyár utca;3,1;2,6;háló
Mocsár utca;0,8;0,9;kamra
Eszterházy tér;2,7;3,5;háló
Vadkerti tér;2;1,8;WC
Tündér utca;3,4;2,1;háló
Gábor Áron utca;1,5;1,9;kamra
Tábornok utca;2,6;2,6;háló
Trafó köz;3;2,5;kamra
Kisvasút sor;4,5;3,4;háló
Guti utca;3,7;3,2;háló
Ludányi Antal utca;6,6;6,4;nappali
Gyékényesi út;3,5;4,9;fürdőszoba
Baross utca;1,9;1,2;WC
Újsor utca;2,4;2,6;háló
Basahíd utca;3,6;2,2;dolgozószoba
Gyimes utca;2,9;2,1;dolgozószoba
Vöcsök utca;5,1;3,9;nappali
Trafó köz;5,7;4,9;konyha
Védőnő utca;2,9;2,3;konyha
Dohánykert utca;1;1,2;WC
Palóc utca;3,2;4,2;háló
Sármás utca;3,9;2,3;fürdőszoba
Sarlófű utca;2,5;4,1;háló
Eszterházy tér;2,3;2,7;fürdőszoba
Ingovány utca;4,9;3,8;háló
Harangos utca;5,2;5,2;nappali
Szikigyakor utca;1,4;2,1;erkély
Fonatos utca;3,8;2,2;háló
Baross utca;4,4;5;nappali
Lechner tér;4;5;konyha
Rózsamajor köz;1,6;1,6;erkély
Salétrom utca;2,1;2,2;háló
Eszterházy tér;3;2,9;fürdőszoba
Arató utca;4;3,5;háló
Acél utca;3,6;3,6;kamra
Ostoros utca;3,2;2,3;terasz
Dorogi utca;3,2;2,6;mosókonyha
Tisza utca;1;1,7;kamra
Panoráma tér;3,4;2,5;terasz
Öreghegyi utca;2,9;2,6;háló
Cserfa utca;2,5;2,3;mosókonyha
Sándorfalvi út;3,6;1,8;kamra
Béke utca;2,7;2,3;fürdőszoba
Bükkmogyoró utca;1;0,9;kamra
Zsurló utca;1,5;1,3;WC
Almagyar köz;2,7;2,2;fürdőszoba
Törő utca;3,7;4,2;háló
Parittya utca;3,8;3,2;dolgozószoba
Liget utca;1;1;kamra
Gyöngyvessző utca;4;3,1;konyha
Nyitra utca;2,8;2,8;háló
Akácfa utca;4,5;4,2;háló
Basahíd utca;3,4;3,7;konyha
Kondoroskert utca;4,9;4,1;háló
József Attila utca;1,3;1,3;erkély
Tárkony utca;3,3;3,3;fürdőszoba
Mályva utca;2;2,5;kamra
Rózsaszéki utca;2,1;3;háló
Benczúr Gyula utca;5;3,9;fürdőszoba
Hajlat utca;4,6;3;háló
Küküllő utca;4,9;2,5;háló
Ókút utca;2,9;3;háló
Küküllő utca;6,8;5,3;nappali
Vajdahunyad utca;3,1;2,8;konyha
Vigadó tér;2,5;3,5;háló
Völgy utca;2,9;3,8;konyha
Almagyar köz;2,9;2,6;háló
Szalmafonó utca;4,5;3,7;nappali
Harangos utca;1,3;1,2;WC
Vándor köz;4,1;3,5;háló
Csereág utca;3,9;3,1;konyha
Csörlő utca;3,1;3,3;konyha
Pasztinák köz;3,7;2,4;fürdőszoba
Kisbotos utca;2,1;5;konyha
Vető utca;4,6;4,8;fürdőszoba
Lakatgyár utca;4,7;5,5;nappali
Leánder utca;2,8;2,6;fürdőszoba
Nyilassy utca;2,1;2,9;erkély
Bükkmogyoró utca;1;0,9;kamra
Rózsavölgy utca;3,4;3,5;háló
Fonógyári út;4,2;6;nappali
Knézich Károly utca;2,9;3,4;háló
Borbála utca;3,5;2,5;mosókonyha
Magház utca;3,3;4;mosókonyha
Rézöntő utca;2,4;2;erkély
Bem utca;1,9;1,3;WC
Géza utca;1;1,5;WC
Úszó utca;2,6;4;konyha
Zöldmező utca;2,5;2,6;háló
Szélpart utca;3;2,7;háló
Panoráma tér;3,5;4,2;konyha
Föld utca;4,8;4;fürdőszoba
Szotyori utca;2,6;2,9;fürdőszoba
Hajlat utca;1,2;1,4;WC
Külüs köz;2,8;3,8;háló
Tímár utca;3,6;3,1;háló
Petőfi Sándor utca;3,4;3,4;dolgozószoba
Cserép köz;3,4;2,3;dolgozószoba
Lilla tér;2,1;3,9;dolgozószoba
Madárkút utca;2,6;4,8;háló
Bokréta utca;1,7;1,8;erkély
Eszterházy tér;2,3;3,7;háló
Veresgyűrű utca;2,2;3,6;háló
Halasi utca;3,9;3;konyha
Apály utca;3;2,9;fürdőszoba
Szélpart utca;3,6;3,3;háló
Fóliás utca;4,8;6,7;nappali
Pitypang utca;3,4;4,5;fürdőszoba
Torma utca;4,2;4,3;nappali
Leánder utca;2,7;3,6;háló
Csíz utca;3,6;3;konyha
Rózsamajor köz;3,1;2,2;háló
Kölcsey Ferenc utca;3,8;2,7;terasz
Katicavirág utca;3,6;3,3;kamra
Kard utca;2,9;2,6;háló
Leányka utca;3;2,3;fürdőszoba
Rózsamajor köz;3,4;2,9;háló
Leányka utca;2,7;2,3;fürdőszoba
Porcsin köz;2,7;2,2;konyha
Szélső sor;2,8;2,5;fürdőszoba
Csörlő utca;5,8;5,4;nappali
Zárda utca;1,8;1,3;WC
Fokos utca;4,7;2,6;konyha
Baross utca;4,1;4,6;háló
Vadrózsa sor;3,3;3,3;fürdőszoba
Zsurló utca;3;2,9;konyha
Zsolnai utca;1,1;1,3;WC
Kard utca;5,5;4,3;konyha
Porzó utca;3,5;3,3;fürdőszoba
Mókus utca;2,9;3,8;háló
Közép fasor;2,7;2,2;fürdőszoba
Ostoros utca;3,8;2,8;mosókonyha
Arad utca;5,1;4,4;konyha
Pilinszky János utca;4,1;4,8;nappali
Remenyik Zsigmond utca;2,5;2;háló
Dévai utca;1,1;1,1;WC
Káka utca;4,4;2,5;háló
Hajlat utca;5,7;5,5;nappali
Dió utca;2,9;2;háló
Macskási út;1,3;2,7;erkély
Földibodza utca;1,5;2,1;erkély
Vadkerti tér;6,8;6,1;nappali
Zsolnai utca;0,9;0,8;kamra
Bokréta utca;2,6;2,5;háló
Hatvan utca;3,6;2,7;konyha
Kinizsi utca;3,8;4,8;nappali
Keszi utca;2;5,8;konyha
Janicsár utca;0,9;0,8;kamra
Keszi utca;6,6;5,8;nappali
Károli Gáspár utca;2,5;3,7;konyha
Vadmálna utca;3,8;5,5;konyha
Szentmihályteleki utca;1,1;1,5;WC
Mocsáry Lajos utca;4,2;3,2;konyha
Arad utca;3;4,3;fürdőszoba
Boszorkányfű utca;3,5;4;háló
Nyárád utca;2,3;2,6;terasz
Boszorkánysziget utca;4,3;3;háló
Szentháromság utca;3,2;3,2;fürdőszoba
Szeremlei utca;3,9;3,6;háló
Gyimesi utca;3;2,2;mosókonyha
Kamilla utca;4,1;3,9;háló
Hattyú utca;1;1;kamra
Kölcsey Ferenc tér;1,8;2,5;erkély
Védőnő utca;3,5;3,1;háló
Merkúr utca;1,1;2,1;erkély
Krisztina utca;1;1,1;WC
Zárda utca;2,7;2,4;erkély
Szilágyság utca;4;3,6;nappali
Bükkmogyoró utca;2,1;2,4;háló
Szoboszlói út;5;2,6;háló
Zsolnai utca;3;3,8;dolgozószoba
Vértanú utca;4,1;4,8;háló
8. utca;3,3;4,4;háló
Verőszala utca;3,5;3,5;háló
Rozmaring utca;2,5;2,5;terasz
Nagyecsed utca;3,2;2,8;mosókonyha
Olajfa utca;1,4;1,5;WC
Czibula utca;5;2,1;fürdőszoba
Orgona sor;3,9;3,9;fürdőszoba
Körtvélyes utca;2;2,6;háló
Bajza utca;2,2;2,7;fürdőszoba
Hegyköz utca;3,9;2,3;fürdőszoba
Törő utca;1,2;3;erkély
Tas utca;1,3;1,3;erkély
Janicsár utca;3,4;3,8;háló
Krónikás utca;3,8;5,4;konyha
Palánták dűlő;3,1;4;háló
Boszorkányfű utca;2;3,6;dolgozószoba
Csemete utca;2,9;3,5;konyha
Hangyás köz;4,6;4,5;háló
Keszi utca;2,7;1,6;kamra
Vértanú utca;3,7;3,4;gardrób
Futrinka utca;1;0,9;kamra
Tündérhegy utca;3,3;3,9;háló
Odú utca;3,6;4;konyha
Fokos utca;3,7;3,8;dolgozószoba
Görgény utca;3,6;3,1;konyha
Bellegelői út;2,1;1,9;erkély
Keszi utca;3,8;3,6;mosókonyha
Herke utca;3,7;5;nappali
Majdáni sor;4;2,8;fürdőszoba
Richter Gedeon utca;2,7;2,2;háló
Medok utca;3,6;2,6;dolgozószoba
Fűzfa utca;2,9;2,9;erkély
Bartók Béla út;2,7;2,5;háló
Halastó utca;2,4;2,2;háló
Gyulafehérvári utca;1,8;2,5;gardrób
Lant utca;2,8;2,6;háló
Dió utca;5,3;5,9;nappali
Főző utca;3,6;2,8;kamra
Tizeshonvéd utca;3;2,3;erkély
Vértanú utca;3,8;3,3;dolgozószoba
Csörsz utca;2,4;2,5;fürdőszoba
Vöcsök utca;3,2;4,4;háló
Margitvirág utca;6,6;4,4;nappali
Szélpart utca;4;4,9;nappali
Liliomkert utca;3,6;4,5;háló
Közép fasor;4,5;4,9;nappali
Lant utca;2,6;2,3;konyha
Honvéd utca;2,3;2,3;háló
Cinege utca;1,6;2,1;gardrób
Parittya utca;2,4;4,5;fürdőszoba
Ifjúság útja;3,7;2,8;háló
Victor Hugo utca;2,8;3,6;terasz
Pincés utca;5,4;4,7;nappali
Pinty utca;3,4;2,6;háló
Szegfűszeg utca;3,8;3,9;háló
Verőszala utca;4,9;3,1;fürdőszoba
Rézvirág utca;3,2;2,3;mosókonyha
Acél utca;3;2,1;gardrób
Dózsa köz;3,9;3,6;háló
Ókastély utca;2,1;3;fürdőszoba
Szarvas tér;4,6;3,3;háló
Margitvirág utca;2,6;3,3;terasz
Pinty utca;4,6;5,5;konyha
Kőrösmező utca;3,7;3,3;konyha
Csíkhal utca;4,9;3,9;nappali
Kisállomás utca;4,2;3,4;konyha
Szentháromság utca;4;5,8;nappali
Petőfi Sándor utca;2,5;2,7;konyha
Pelyva utca;1,4;1,1;erkély
Vető utca;4,8;2,8;háló
Nagyecsed utca;1,8;1,2;WC
Munkácsy Mihály utca;4,3;5,9;nappali
Janicsár utca;3,5;3,8;háló
Krónikás utca;3,6;3,6;mosókonyha
Ingovány utca;2,6;2,8;kamra
Kard utca;3,7;4,8;háló
Tópart utca;3,5;2,7;háló
Sóvirág út;3,3;3,8;háló
Perczel Mór utca;1;0,9;kamra
Küküllő utca;3,3;2,2;kamra
Holdsugár utca;3;2,8;háló
Nemzetőr sor;4,5;3,9;nappali
Vajdahunyad utca;2,4;2,2;háló
Keszi utca;2,7;2,3;fürdőszoba
Verőszala utca;3,5;4;háló
Déva utca;1,5;1,1;WC
Ormós Lajos utca;3,2;2,5;háló
Éger utca;5,9;6;nappali
Toldás köz;4,5;4,6;háló
Hátszegi utca;3,8;2,6;konyha
Mézesbáb utca;4,5;4,7;nappali
Nagyecsed utca;5,5;5,5;nappali
Pancsovai utca;2,4;4,1;háló
Ráchegy utca;3;2,8;háló
Sándorfalvi út;3,2;2,7;háló
Bondorhát utca;0,8;1;kamra
Kórház utca;2,1;4,4;fürdőszoba
Vértanú utca;3,2;3,3;konyha
Szatymazi utca;0,9;0,9;kamra
Szöcske utca;3,2;3,2;fürdőszoba
Csörsz utca;2,3;1,5;erkély
Kondoroskert utca;2,4;2,9;erkély
Tisza utca;2,8;2,2;dolgozószoba
Bondorhát utca;3,4;3,8;dolgozószoba
Szöcske utca;3,5;3,9;mosókonyha
Téglagyár utca;2,8;3,5;háló
Síntelep utca;1,3;1,4;WC
Mészöly Géza utca;4,8;5,5;nappali
Cser utca;3,7;2,1;háló
Mocsáry Lajos utca;3,1;2,8;háló
Tükrösszív utca;2,2;3,9;kamra
Vaszy Viktor tér;3,3;3,8;fürdőszoba
Dorogi utca;3,4;2,9;háló
Bondorhát utca;2,8;3,4;háló
Mikepércsi út;2,3;3,6;háló
Krisztina utca;3,1;2,1;háló
Kölcsey Ferenc utca;6,5;4,4;nappali
Boldizsár utca;1,8;1,2;kamra
Héja utca;0,9;1;kamra
Szilvásújfalvi utca;4,3;2,6;háló
Baltacin utca;1,7;1,6;kamra
Köteles utca;2,1;2,2;fürdőszoba
Körtvélyes utca;4;4,7;konyha
Szömörce utca;2,3;2;háló
Ipar dűlő;4;2,9;háló
Kapisztrán út;3,1;2,9;fürdőszoba
Krónikás utca;4,7;3,1;háló
Tölgy utca;3,8;3,8;háló
Lant utca;2,3;2,6;dolgozószoba
Perényi utca;2,4;2,7;háló
Templom köz;2,9;2,7;erkély
Ungvár utca;3;4,1;fürdőszoba
Kisszőlő utca;2,6;3,5;háló
Szilágyság utca;0,8;0,8;kamra
Népdal utca;2,9;2,3;konyha
Jázmin utca;2;2,8;erkély
Felhő utca;4,2;2,2;háló
Pacsirta utca;1,5;1,1;erkély
Orgona sor;3,2;2,5;háló
Balaton utca;2,3;2,7;dolgozószoba
Bacsó Béla utca;3,2;4;fürdőszoba
Kormosalma utca;2,4;3,3;kamra
Kokárda utca;0,8;1;kamra
Fácán utca;2,6;2,1;háló
Tündérhegy utca;3,3;3,1;dolgozószoba
Diótörő utca;2,8;2,8;háló
Várad utca;4,1;3,7;háló
Május 1. utca;2,1;2,5;háló
Közép fasor;3,1;3,1;háló
Ambrus utca;3,9;2,2;kamra
Felhő utca;3,1;4;konyha
Gyimesi utca;2,4;3,9;terasz
Gyík utca;2,4;3,1;kamra
Szordasi út;2,4;2,2;fürdőszoba
Mocsáry Lajos utca;6,4;6,1;nappali
Kormorán utca;5,5;4,6;nappali
Nagy-Eged utca;4,2;3,2;háló
Vadőr utca;2,5;2,2;erkély
Makó utca;3,9;3,2;kamra
Szitakötő utca;2,7;3;fürdőszoba
Rózsamajor út;0,9;0,9;kamra
Balzsamfű utca;2,5;5,2;konyha
Gomba utca;3,9;5,6;konyha
Fonatos utca;2,2;2,5;háló
Pósa utca;4,5;2,7;háló
Csikós utca;3,1;3,2;háló
Krisztina utca;5,1;5,4;nappali
Tímár utca;1,8;1,2;kamra
Gomba utca;4,6;2,8;háló
Malajdok út;0,9;0,9;kamra
Ispotály utca;4,4;5;fürdőszoba
Hatvan utca;1,7;1,8;WC
Krónikás utca;5,3;2,7;konyha
Leánder utca;2,9;3,4;háló
Basahíd utca;2;2,1;háló
Kisvölgy utca;4,4;3,5;háló
Mókus utca;2,5;2,4;fürdőszoba
Tóparti út;4,4;4,1;fürdőszoba
Úszó utca;1,3;1,3;WC
Pinty utca;2,6;2,1;erkély
Hangyás köz;3,4;3,1;háló
Kormorán utca;2,8;2,1;erkély
Küküllői utca;3,6;3,3;háló
Oltványi utca;6,1;4,8;nappali
Bellegelői út;2,3;2,2;fürdőszoba
Gomba utca;3,2;4,7;háló
Gombvirág utca;2,5;4;fürdőszoba
Marostorok utca;2,4;2;gardrób
Szérűskerti sor;4,1;4,1;nappali
Csörsz utca;3;3,9;háló
Tengelic dűlő;3,3;2,3;fürdőszoba
Cifrakapu utca;3;2,4;fürdőszoba
Ősz utca;3,7;2,6;konyha
Malvin utca;1,6;1,9;kamra
Tomori Pál utca;2,3;2,5;kamra
Május 1. utca;5,5;4,9;nappali
Dinnyés utca;1,6;1,9;WC
Szélpart utca;4,2;4,5;fürdőszoba
Kőrösmező utca;2,1;3,8;háló
Hárs utca;3,5;2,8;terasz
Tündérhegy utca;1;0,9;kamra
Ostoros utca;1,8;1,7;WC
Pápai utca;2,4;3,5;fürdőszoba
Apafi utca;3;2,4;háló
Sajó utca;3,6;3,6;háló
Dalos utca;2,1;3;háló
Ipar dűlő;2,1;4,6;fürdőszoba
Kecskeméti utca;2,2;2,5;háló
Basahíd utca;2,4;2,2;fürdőszoba
Szentmihályteleki utca;1,5;2,1;erkély
Rozmaring utca;2,1;2,4;kamra
Makó utca;2,9;3,7;háló
Ingovány utca;4,2;3,3;fürdőszoba
Aranypohár dűlő;2,1;2,8;háló
Józsakert utca;3,7;6;nappali
Petresi utca;3,8;2,2;fürdőszoba
Kormosalma utca;2,5;2,6;erkély
Déri tér;2,1;2,9;háló
Lóding utca;4;4,9;nappali
Nagyecsed utca;2,1;2,1;kamra
Gyékényesi út;3,2;3,3;gardrób
Szikigyakor utca;1;1,5;WC
Hungária utca;3,6;4;háló
Tas utca;1,9;1,2;erkély
Balzsamfű utca;2,8;2,7;erkély
Rétikanyar utca;4,9;4,3;nappali
Bulcsú utca;3,2;2,5;fürdőszoba
Gyöngyvessző utca;2,5;2,5;fürdőszoba
Küküllői utca;4,1;5,1;nappali
Kisbotos utca;4;5,3;nappali
Vécsey utca;2,3;3,3;gardrób
Szarkaláb utca;3,7;2,2;háló
Dalos utca;1,4;1;WC
Törő utca;2,5;3,3;háló
Szepesi utca;1,4;1,8;kamra
Gyékényesi út;2,3;3,3;fürdőszoba
Kisfaludy Sándor út;5,1;5,3;nappali
Iszalag út;3;3,9;háló
Védőnő utca;2;2,1;fürdőszoba
Lant utca;2,3;3,8;dolgozószoba
Kincseshegy utca;1,4;1,3;WC
Kőporos tér;3,5;2,8;gardrób
Dalos utca;3,6;2;konyha
Felvégi utca;1,6;2,7;erkély
Görgey utca;2,4;2;mosókonyha
Barackos utca;5,2;3,8;nappali
Rutafű utca;3,4;4,1;háló
Hortenzia utca;2,8;2,6;erkély
Budapesti út;1,8;1,1;kamra
Knézich Károly utca;3,4;3;terasz
Hajós Alfréd utca;5;5,1;nappali
Jázmin utca;2,8;4,5;fürdőszoba
Mester utca;3,6;2,5;háló
Kond utca;2,6;3,4;háló
Kecskeméti utca;2,8;2,4;fürdőszoba
Pipitér utca;2,2;2,6;fürdőszoba
Benczúr Gyula utca;1,6;1,3;WC
Kubikos utca;1,9;1,1;kamra
Kölcsey Ferenc utca;3,9;3,2;dolgozószoba
Vadmálna utca;3,1;2,8;fürdőszoba
Herke utca;2,6;2,7;háló
Czibula utca;2,8;2,7;erkély
Páfrány utca;3,1;2,3;háló
Síntelep utca;4,8;4;nappali
Szentháromság utca;4,6;4,3;fürdőszoba
Lóding utca;3,6;4,9;nappali
Vaskapu utca;3,1;3,1;háló
Nagyszéki út;1,4;1,9;erkély
Sarlófű utca;2,9;2,3;fürdőszoba
Pemetefű utca;1,4;1,6;kamra
Kölcsey Ferenc tér;1,3;2,4;erkély
Só utca;3,8;2,2;háló
Töhötöm utca;5,6;4,2;nappali
Akácfa utca;3,2;3,7;kamra
Gyimes utca;4,3;3,1;konyha
Iringó utca;2,6;3,6;konyha
Bokros utca;3,2;3,2;fürdőszoba
Földibodza utca;3,9;3,3;háló
Dolgos utca;3,8;2,7;fürdőszoba
Templom köz;2,8;3,1;konyha
Pinty utca;3,1;3;háló
Lechner tér;3,8;2,2;háló
Szikigyakor utca;3,7;4,2;háló
Vértanú utca;2,5;2,8;kamra
Rókus utca;3,8;3,1;konyha
Pincés utca;3,4;3,6;fürdőszoba
Rendező tér;3,3;3,7;háló
Zsurló utca;0,9;0,9;kamra
Szélső sor;3,7;2,3;konyha
Lant utca;2;2,5;erkély
Ajtony köz;3,6;3,8;mosókonyha
Törő utca;4,4;4,2;nappali
Hentes utca;4,6;2,8;konyha
Remenyik Zsigmond utca;2,5;3;háló
Gyulafehérvári utca;1,4;1,1;WC
Sajtoló utca;2,9;3,9;konyha
Orgona sor;3,2;4,4;háló
Tárkony utca;2,7;1,9;erkély
Pancsovai utca;3,4;4,1;háló
Vályogos utca;3;3,5;fürdőszoba
Bárány utca;3,7;2,1;fürdőszoba
Kamilla utca;2,4;2;fürdőszoba
Bimbó utca;1,4;1,5;WC
Bánki Donát utca;0,9;0,9;kamra
Gambrinus köz;3,9;2,4;háló
Fóliás utca;1,8;1,8;WC
Balzsamfű utca;2,4;3,6;mosókonyha
Borbála utca;2,5;2,7;fürdőszoba
Hungária utca;5;3,9;konyha
Kacagány utca;2,2;2,1;konyha
Éva utca;3,8;3,8;nappali
Tóth Árpád utca;3,6;3,9;háló
Körtvélyes utca;2,3;2,2;konyha
Bürök utca;3,1;3,1;háló
Pancsovai utca;2;3,4;fürdőszoba
Késmárk utca;1,7;1,5;kamra
Bánki Donát utca;3,9;4;háló
Debreceni út;1,5;2,4;erkély
Szilvásújfalvi utca;2,7;4,1;háló
Szilvásújfalvi utca;4;2,9;háló
Gyöngyvessző utca;0,8;0,9;kamra
Rendező tér;3,4;4,3;háló
Sajó utca;4,6;4,2;háló
Bürök utca;2,3;3,1;dolgozószoba
Remenyik Zsigmond utca;2,3;1,9;erkély
Bartók Béla út;3,4;4;fürdőszoba
Éva utca;2,3;3,3;háló
Vécsey utca;1,3;1,6;WC
Szoboszlói út;3,4;4,1;fürdőszoba
Tőzsér utca;2,4;4;háló
Vág utca;2,7;3,6;fürdőszoba
Perczel Mór utca;1,3;1,3;WC
Pitypang utca;1,3;1,7;WC
Pipóhegy utca;3,4;2,6;gardrób
Szilágyság utca;3,1;4;háló
Dáni utca;3,3;2,5;konyha
Gyöngyvessző utca;1,2;1,4;WC
Nagy-Eged utca;3,4;3,6;dolgozószoba
Liget sor;5,4;6,1;nappali
Újsor utca;3,9;3,7;háló
Fenyőmag utca;2,7;3,1;háló
Szotyori utca;4,7;4,2;nappali
Szarvas tér;2,3;2,7;erkély
Kard utca;4,7;5,1;nappali
Gomba utca;3;2,4;erkély
Borbála utca;4,7;3,3;konyha
Cifrakapu utca;3,5;3,9;kamra
Borbála utca;4,3;4,9;fürdőszoba
Mézeskard utca;3,5;1,9;kamra
István király tér;1,8;2,7;kamra
Faraktár utca;5,2;2,6;konyha
Pesti utca;2;1,9;kamra
Verseci utca;3,7;3,9;konyha
Nagybecskereki utca;2,9;5,7;konyha
Lóding utca;2,3;2,1;fürdőszoba
Vásártér sor;2,5;2,7;mosókonyha
József Attila utca;2;1,8;gardrób
Nagykőporos út;2,1;5,9;konyha
Lóding utca;3,2;2,8;háló
Herke utca;2,1;2,6;fürdőszoba
Nagy-Eged utca;3,8;4,6;háló
Csemete utca;2,3;3,2;konyha
Porcsin utca;2,3;2,2;konyha
Leánder utca;3,4;2,5;háló
Mák utca;4,4;5,6;nappali
Sarlófű utca;5,2;4,5;nappali
Hattyas utca;4;2,9;háló
Zöldmező utca;3,1;5;konyha
Macskási út;5,2;3,8;nappali
Perényi utca;1,1;1,4;WC
Radnóti utca;1,1;1,5;WC
Déva utca;4,2;4,5;nappali
Ceglédi utca;4,2;4,1;nappali
Turul utca;0,8;1;kamra
Kórház utca;4,9;3,8;háló
Vaszy Viktor tér;5,6;5,4;nappali
Szikigyakor utca;3,8;3,9;fürdőszoba
Szentiváni dűlő;4,3;3,7;háló
Fenyő utca;3,5;3,5;dolgozószoba
Keszeg utca;1,3;1,5;kamra
Limány köz;3,9;2,2;konyha
Béke utca;4,4;3,1;háló
Béke utca;2,6;3;háló
Gomba utca;3,4;2;kamra
Ungvár utca;3,5;3,9;háló
Pinty utca;4,6;2,7;konyha
Vereshomok dűlő;2,9;3,9;fürdőszoba
Géza utca;3,7;3,4;fürdőszoba
Csörlő utca;4,3;4,1;háló
Hangyás köz;5,1;2,5;konyha
Perczel Mór utca;0,8;0,8;kamra
Cserép köz;3,6;3,6;háló
Tárnokfű utca;3,2;2,3;dolgozószoba
Tóparti út;3,6;2,3;fürdőszoba
Kékszőlő utca;2,9;2,4;fürdőszoba
Jáger utca;3;2,8;háló
Kereskedő köz;3;2,3;háló
Ambrus utca;3,6;3;háló
Átrium köz;3,7;2,7;háló
Bodomi út;2,7;2,3;háló
Pákász utca;5,2;5,7;nappali
Tündérhegy utca;3,8;3,6;háló
Fürtös köz;2,5;2,9;háló
Őszapó utca;2,9;3;fürdőszoba
Sóvirág út;3;3,2;fürdőszoba
Vajk utca;4,5;5,8;nappali
Lóding utca;2,8;2,2;fürdőszoba
Héja utca;2,7;2,4;háló
Parittya utca;3;3,9;háló
Limány köz;2,5;2,5;fürdőszoba
Kalcit köz;3,8;4;háló
Kard utca;1,7;1,2;WC
Költő utca;3,2;2,4;kamra
Tizeshonvéd utca;5,7;5,4;nappali
Vadmálna utca;3;4,7;háló
Ludányi Antal utca;2,5;4,9;háló
Józsakert utca;2,3;3,5;fürdőszoba
Csikós utca;4,6;5,9;nappali
Trafó köz;5,5;4,3;konyha
Perczel Mór utca;1;1;WC
Rézöntő utca;0,9;0,9;kamra
Mályva utca;3,2;3,8;háló
Nagyszántó utca;3,5;4,7;fürdőszoba
Baltacin utca;3,2;3,8;háló
Közép fasor;3,9;3,9;konyha
Panoráma tér;3,5;2,6;háló
József Attila sugárút;2,1;2,1;erkély
Szentháromság utca;2,8;3;mosókonyha
Sármás utca;2,8;3,6;dolgozószoba
Barna utca;3,7;3,9;háló
Trafó köz;2,7;2,5;terasz
Odú utca;0,9;0,8;kamra
Kalcit köz;2,5;2;fürdőszoba
Pacsirta utca;3;2,8;háló
Vértanú utca;2,1;1,9;kamra
Ungvár utca;2,8;2,9;kamra
Martinka sor;2,6;3,1;háló
Május 1. utca;3,5;3,5;fürdőszoba
Körmöcbányai utca;3,4;3,7;dolgozószoba
Köteles utca;6,4;6,7;nappali
Bulcsú utca;3,9;3,2;háló
Hatvan utca;2,9;3,2;háló
Zsolnai utca;2;3,4;háló
Fóliás utca;4,5;3,8;fürdőszoba
Csúcs utca;3,3;4,9;háló
Zsurló utca;2,9;3,8;háló
Petur utca;3,3;3,8;háló
Arató utca;4,9;4,5;nappali
Basahíd utca;2,7;2,9;fürdőszoba
Nyárád utca;2,9;3,8;gardrób
Völgy utca;2,6;2;fürdőszoba
Iszalag út;1;0,9;kamra
Bányász utca;2,6;2,8;háló
Vértanú utca;5,8;3,6;konyha
Makó utca;2,8;4,6;háló
Gomba utca;2;3,1;dolgozószoba
Ráchegy utca;3,4;3,9;dolgozószoba
Vadmálna utca;2,3;3,7;terasz
Lilla tér;2,9;2,5;fürdőszoba
Galagonya utca;3,5;3,6;háló
Part út;3,4;2,8;dolgozószoba
Mata János utca;1,8;1,8;kamra
Kút utca;3,6;2,9;háló
Pille utca;3,4;3,1;háló
Nagy-Eged utca;3,5;2,4;kamra
Szélső sor;1,1;1,4;WC
Tinódi utca;2;3,3;háló
Almafa utca;2,1;2,8;gardrób
Mester utca;4,9;5;konyha
Kölcsey Ferenc utca;1,9;1,1;WC
Martinovics utca;3,6;3,4;konyha
Cser utca;2,9;3,9;háló
Pesti utca;2,4;2,8;erkély
Ady park;0,9;0,9;kamra
Balzsamfű utca;3,1;3,9;dolgozószoba
Fűtőház köz;4,4;2,3;háló
Petur utca;1,6;1,9;erkély
Pisztácia utca;3,1;3,8;kamra
Mészöly Géza utca;1,2;1,2;WC
Vajdahunyad utca;2,4;1,2;erkély
Kartács utca;2,9;4,4;háló
Rézvirág utca;6,3;4,3;nappali
Palóc utca;3,6;3,9;kamra
Orgona sor;4,6;5,6;nappali
Ostoros utca;3,1;2,8;terasz
Gomba utca;3;2,2;kamra
Kapisztrán út;1,2;1,1;WC
Harangos utca;3,4;2,2;háló
Csákósor utca;5,5;5,4;nappali
Hámfa utca;2,7;2,6;konyha
Bethlen Gábor utca;0,9;0,8;kamra
Kertész utca;2,6;4,2;háló
Fogarasi utca;2,6;2,9;konyha
Bethlen Gábor utca;2,2;3,4;háló
Tócópart utca;3,7;3,2;háló
Ív utca;4;4,8;háló
Pinty utca;3,8;4,6;háló
Vadmálna utca;4,3;5,8;nappali
Méhkas utca;2,1;3,7;dolgozószoba
Déri tér;3,9;2,6;fürdőszoba
Ungvár utca;3,9;2,4;fürdőszoba
Madárkút utca;3,2;2,9;dolgozószoba
Mályva utca;2,6;3,5;háló
Tegzes utca;2,8;2,9;háló
Pasztinák köz;2,3;3,3;háló
Körmöcbányai utca;2,3;2,1;konyha
Liliomkert utca;3,4;2,7;konyha
Szentháromság utca;5;4,3;háló
Pitypang utca;3,7;5,7;konyha
Vajdahunyad utca;2,3;2,4;fürdőszoba
Kádár utca;3,4;2,7;háló
Ostoros utca;3,2;4,4;háló
Gyékényesi út;4,7;4,6;háló
Úszó utca;1,2;1,4;WC
Pisztácia utca;4,6;3,9;háló
Nemzetőr sor;2;2,2;fürdőszoba
Százados utca;2,8;2,6;kamra
Rendező tér;4,3;4,1;konyha
Kacagány utca;3,7;3,6;háló
Főző utca;4,9;3,4;konyha
Károli Gáspár utca;2,3;2,9;háló
Vadmálna utca;5,2;3,4;konyha
Rutafű utca;3,7;4;háló
Kontyvirág utca;2,4;2,9;fürdőszoba
Kolónia utca;1,8;1,5;erkély
Föltámadás utca;2,6;3,5;háló
Stadion utca;2,9;4,3;háló
Bihari utca;3,2;3,7;háló
Küküllő utca;2,6;4,4;fürdőszoba
Március 15-e utca;1,8;1,2;kamra
Káka utca;2,4;1,3;erkély
Telep utca;2,8;2;háló
Trafó köz;3,5;4;háló
Bükkmogyoró utca;1,8;2;erkély
Olajfa utca;4,7;3,4;fürdőszoba
Major utca;1,2;1,1;WC
Méhkas utca;3,4;3,7;háló
Nagyecsed utca;4;4;háló
Ezüstnyár utca;1,4;1,7;erkély
Háló utca;3,9;2,5;háló
Toldás köz;2,8;4,3;háló
Szoboszlói út;1,9;3,4;kamra
Lant utca;2,1;2;fürdőszoba
Agyagos utca;3;2,9;háló
Hajlat utca;3,9;2,7;terasz
Napfény utca;3,6;2,1;dolgozószoba
Ostoros utca;3;1,9;kamra
Pacikert utca;2,3;2,5;fürdőszoba
Károli Gáspár utca;3,1;2,5;háló
Szentiváni dűlő;1,2;1,9;WC
Jégmadár utca;3,8;2,9;konyha
Herke utca;3,1;2,5;háló
Tizeshonvéd utca;4,1;3,3;háló
Kertész utca;2,5;2,9;dolgozószoba
Déva utca;4,4;2,2;háló
Vértanú utca;1,4;1,6;WC
Krónikás utca;1,9;1,6;WC
Kisszőlő utca;1,1;1,2;WC
Mester utca;4;3,3;dolgozószoba
Csipkebogyó utca;5,3;3,6;nappali
Mókus utca;2,7;2,9;háló
Hegedű utca;3;2,7;fürdőszoba
Szarvas tér;2,5;2,2;kamra
Keszi utca;1,3;1,6;WC
Porzó utca;2,2;2,3;fürdőszoba
Malajdok út;3,1;2,5;konyha
Cserfa utca;5,8;4,3;nappali
Lehel utca;2,5;2,9;háló
Tizeshonvéd utca;2,9;3,3;háló
Csöndes utca;2,6;2,2;fürdőszoba
Szikigyakor utca;1,1;1;WC
Sajó utca;2,7;2,9;háló
Jázmin utca;3,2;3,4;háló
Veres utca;3,9;5,4;nappali
Pesti utca;2,3;2,6;kamra
Leánder utca;4;2,2;háló
Közép fasor;1,4;1,4;WC
Tinódi utca;2,7;3,3;konyha
Öreghegyi utca;3,1;4,1;háló
Kinizsi utca;4,4;3,6;háló
Fő tér;1,7;1,8;WC
Leányka utca;2,3;2,6;konyha
Köteles utca;3,5;1,9;kamra
Arad utca;2,2;2,5;gardrób
Borbála utca;2,1;2,7;dolgozószoba
Ludányi Antal utca;2,9;3;háló
Mata János utca;3,7;2,9;dolgozószoba
Nagybotos utca;3,2;2,9;háló
Népkert sor;2,3;3,3;dolgozószoba
Vaszy Viktor tér;2,3;2,5;háló
József Attila utca;3,8;4,1;nappali
Vadliba utca;3,7;3;háló
Akácfa utca;1,9;1,6;WC
Martinovics utca;2,7;3;háló
Mészöly Géza utca;1,2;1,3;WC
Kincseshegy utca;4,5;4;nappali
Parittya utca;5,3;4,4;nappali
Margitvirág utca;3,6;2;mosókonyha
István király tér;3,8;3,2;dolgozószoba
Csíkhal utca;2,3;3,6;konyha
Vásártér sor;2;2,3;kamra
Dorogi utca;4,5;3,5;háló
Arany Sándor utca;3,1;2,8;kamra
Gyík utca;3,2;2,3;fürdőszoba
Nagyhát utca;2,6;2,7;mosókonyha
Közép fasor;4,8;3,7;nappali
8. utca;2,9;5,7;konyha
Verőszala utca;3,2;3,6;mosókonyha
Harangos utca;2,9;2,4;fürdőszoba
Tóth Árpád utca;2,9;3,1;háló
Salétrom utca;0,9;0,9;kamra
Szalmafonó utca;3,7;2,2;fürdőszoba
Hell Miksa utca;2,8;3,7;konyha
Hajnalka utca;3;2;háló
Kincseshegy utca;3,5;3;dolgozószoba
Nagyecsed utca;2,7;4;háló
Bem utca;3,8;3,8;dolgozószoba
Nyugati sor;3,6;2,3;gardrób
Öreghegyi utca;4,1;5,5;nappali
Tündérhegy utca;1,3;1,5;WC
Temesvári körút;3,5;3;mosókonyha
Figyelőhalmi út;2,8;2,6;fürdőszoba
Rózsavölgy utca;2,2;2,8;háló
Eszterházy tér;3,5;3,8;nappali
Parittya utca;3,6;3,8;háló
Föld utca;4,5;3,8;háló
Jázmin utca;2,8;3,2;kamra
Cinege utca;1,3;1,1;WC
Thomas Mann utca;0,9;0,9;kamra
Zsoldos köz;2,5;2,1;fürdőszoba
Gambrinus köz;2,8;2,8;konyha
Margitvirág utca;3;2,6;háló
Csurgó utca;3,4;2,2;kamra
István király tér;6,4;4,2;nappali
Jázmin utca;2,6;2,2;mosókonyha
Méheskert utca;2,3;3,4;háló
Pasztinák köz;1,8;1,5;gardrób
Debreceni út;2,7;2,9;fürdőszoba
Mézesbáb utca;4,7;4,3;háló
Bóbita utca;2,5;2,4;erkély
Ág utca;2,7;2,6;erkély
Vöcsök utca;4,1;3,8;háló
Zsák utca;2,2;2,6;fürdőszoba
Pákász utca;3,1;3,7;dolgozószoba
Ungvár utca;4,8;2,7;fürdőszoba
Kondoroskert utca;3,7;3,6;háló
Síp utca;3,9;2,6;mosókonyha
Richter Gedeon utca;2,2;2,3;háló
Csemete utca;2,7;2,5;fürdőszoba
Hegyköz utca;4,4;5,5;nappali
Csereág utca;1,6;1,6;erkély
Figyelőhalmi út;2,2;2,8;fürdőszoba
Szoboszlói út;2,8;4;kamra
Panda tér;1,4;1;WC
Hungária utca;2,9;2,7;terasz
Vadmálna utca;2,7;2,7;háló
Tinódi utca;1,3;1,4;WC
Bodrog utca;2,6;4,4;háló
Törköly utca;4,1;3,3;háló
Lant utca;0,9;0,9;kamra
Zsolnai utca;1;0,8;kamra
Perényi utca;2,5;2,2;fürdőszoba
Odú utca;3,4;3,9;háló
Nyárfa utca;4,3;3;konyha
Zsurló utca;3;3,7;háló
Salétrom utca;3,5;3,8;háló
Törköly utca;3,8;2,4;kamra
Lőcsei utca;2,2;3,2;háló
Arany János utca;3,7;4,6;nappali
Aranyosi utca;1,4;1,4;WC
Mikepércsi út;3,5;5,8;nappali
Gyimes utca;3,3;3,2;dolgozószoba
Bordányi köz;2,7;2;fürdőszoba
Kisfenyves utca;2,7;4,3;háló
Kormorán utca;3;5,3;konyha
Medok utca;3,5;2,1;fürdőszoba
Mézesbáb utca;2,2;3,3;kamra
Szarkaláb utca;2,3;3,9;fürdőszoba
Knézich Károly utca;2,6;3,2;kamra
Ujjaskosbor utca;3,3;2,5;háló
Hatvan utca;3,4;4,1;háló
István király tér;2,7;4,7;háló
Kisállomás utca;2,9;3,2;fürdőszoba
Kórház utca;3;5,1;konyha
Rózsaszéki utca;3,1;3,2;konyha
Baross Gábor utca;3,8;4,3;háló
Zsindely utca;0,8;0,9;kamra
Bánki Donát utca;3,1;3,9;háló
Limány köz;2,2;3,4;dolgozószoba
Vadmálna utca;2,1;2,5;mosókonyha
Nagybotos utca;2,4;4,3;konyha
Kacagány utca;2;3,7;háló
Pihenő utca;2,9;2,3;háló
Páfrány utca;3,4;4;háló
Károli Gáspár utca;3,6;3,1;fürdőszoba
Kiskút utca;4,9;3,2;háló
Turul utca;2,8;4;háló
Pék utca;1,2;1,3;WC
Völgyalja utca;2,5;3,2;háló
Nagyszántó utca;3,2;3,8;háló
Hajlat utca;5,1;3,9;konyha
Külüs köz;2,1;2,2;háló
Köszörűs utca;2,4;3;dolgozószoba
Dorogi utca;2,4;3,6;kamra
Trafó köz;5,8;6,5;nappali
Küküllő utca;4,7;2,8;háló
Pasztinák köz;4,3;5,2;nappali
Szeremlei utca;4,9;4,3;nappali
Kiskút utca;1,9;1,7;WC
Kisvölgy utca;4;4,2;nappali
Nyugati sor;2,2;3,6;fürdőszoba
Csíkhal utca;1,8;2;gardrób
Kormorán utca;2,8;2,9;konyha
Béke utca;2,9;2,4;dolgozószoba
Kékszőlő utca;3,4;2,1;fürdőszoba
Csemete utca;2,7;3,9;háló
Huba köz;2,5;4,4;háló
Hajlat utca;2,1;2,2;dolgozószoba
Trafó köz;3,5;2,7;fürdőszoba
Bondorhát utca;2,2;2,6;fürdőszoba
Vadrózsa sor;3,1;3,8;háló
Kond utca;3,1;3,2;háló
Lehel utca;1,8;1,7;WC
Gyergyó utca;1,1;1,3;WC
Kisbotos utca;2,2;2,5;fürdőszoba
Liliomkert utca;2,6;2,9;háló
Ostoros utca;4;4,6;nappali
Kőporos tér;3,8;3,1;fürdőszoba
Tündér utca;3,9;2,2;konyha
Törköly utca;4,2;4,4;konyha
Vadmálna utca;3,4;2,8;dolgozószoba
Tas utca;3,9;2,6;háló
Kisvölgy utca;3,1;3,1;dolgozószoba
Tisza utca;3;4,4;háló
Háló utca;3,5;3,4;dolgozószoba
Mimóza utca;4,2;2,1;konyha
Sajó utca;2;2,7;erkély
Bordányi köz;4,5;4,2;nappali
Hámfa utca;3,7;3,1;háló
Kubikos utca;2,4;1,7;gardrób
Szilánk köz;4,2;4,8;fürdőszoba
Kard utca;2,7;2,8;terasz
Orgona sor;3,9;2,4;háló
Rókus utca;3;2,3;fürdőszoba
Kölcsey Ferenc utca;4,7;4,3;háló
Szentiváni dűlő;4,2;4,7;háló
Felsőpércsi utca;2,8;2,9;háló
Boglárka utca;2,9;3,1;konyha
Pék utca;2,2;3,7;háló
Szarvas tér;1,7;1,8;kamra
Kolónia utca;1,1;1,3;WC
Május 1. utca;3;3,6;háló
Ív utca;3,2;4;fürdőszoba
Hattyas utca;6,1;6,3;nappali
Czibula utca;6,2;7;nappali
Ifjúság útja;3,6;3,3;háló
Remenyik Zsigmond utca;0,9;0,8;kamra
Nagyecsed utca;2,8;2;erkély
Zsolnai utca;2,2;2,9;háló
Egyetem tér;3,8;2,5;háló
Déri tér;1,5;1,9;kamra
Szentmihályteleki utca;3,7;2,7;háló
Nagyfekete út;3,4;2,6;kamra
Verőszala utca;2,8;4,7;háló
Lilla köz;5,3;4,3;nappali
Gyékényesi út;2,1;3;gardrób
Puska utca;4,3;2,6;konyha
Béke utca;6;5,3;nappali
Verőszala utca;3,4;4,5;háló
Pacsirta utca;2,8;2,9;dolgozószoba
Kormorán utca;2,7;4;fürdőszoba
Szentiváni dűlő;3,2;2,1;dolgozószoba
Bognár utca;3,8;6;konyha
Rebarbara utca;0,9;0,8;kamra
Bornemissza utca;4,6;6,9;nappali
Knézich Károly utca;3;4,1;fürdőszoba
Eszperantó tér;2,8;3,7;háló
Törő utca;2,8;2,5;fürdőszoba
Palotás utca;4,2;4;háló
Nagy Jenő utca;1,5;1,8;kamra
Remenyik Zsigmond utca;2,2;3,5;háló
Vadmálna utca;2,2;4,2;fürdőszoba
Bihari utca;2,4;2,6;dolgozószoba
Hajnalcsillag utca;2,1;3,5;háló
Kecsege utca;0,9;1;kamra
Szarvas tér;3,9;3,8;háló
Krisztina utca;3;2,3;háló
Pasztinák köz;3,9;2,5;háló
Orgona sor;1,5;1,4;kamra
Knézich Károly utca;4,9;4;nappali
Petőfi Sándor utca;3,6;3,4;háló
Guti utca;5,8;4,8;nappali
Csúcs utca;2,3;2,1;konyha
Báthori utca;3,9;3,1;dolgozószoba
Petresi utca;1,7;2,8;erkély
Debreceni út;3,7;2,3;háló
Pék utca;2,4;1,2;erkély
Parittya utca;2;1,4;WC
Gőz utca;3;3,3;háló
Hatvan utca;2,1;2,9;fürdőszoba
Vadkörte utca;3;2,1;háló
Hajós Alfréd utca;4,1;3,5;háló
Nagybecskereki utca;3,1;2,9;dolgozószoba
Föld utca;4;2,6;dolgozószoba
Ostoros utca;3;3,5;mosókonyha
Körtvélyes utca;1,4;1,5;kamra
Mocsáry Lajos utca;4,9;4,9;fürdőszoba
Pelyva utca;3;2,6;háló
Orgona sor;3,5;2,2;fürdőszoba
Szikra utca;2,5;4;háló
Orgona sor;4,4;3,9;háló
Parittya utca;2,6;3,3;gardrób
Kormosalma utca;4,7;2,4;fürdőszoba
Vénusz utca;2;3,5;gardrób
Ív utca;1,2;1,8;WC
Újhelyi köz;3,9;4;háló
Verőszala utca;6,7;6,3;nappali
Kövirózsa utca;3,4;3,3;fürdőszoba
Közép fasor;2,3;3;háló
Stadion utca;1,7;1,1;WC
Lőcsei utca;2,2;2,5;erkély
Háló utca;2,8;2,6;fürdőszoba
Szék utca;4,1;4,6;nappali
Kórház utca;3,3;4,4;háló
Görgény utca;4,7;4,1;nappali
Május 1. utca;3;3,2;dolgozószoba
Fehérpart utca;2,4;2,9;kamra
Báthori utca;4,2;6,2;nappali
Kiskút utca;3,9;1,7;kamra
Páfrány utca;4,2;4;nappali
Sármás utca;1,3;1,2;WC
Küküllői utca;3,9;2,9;fürdőszoba
Acél utca;4,9;4,6;fürdőszoba
Kozma utca;1,2;1,4;WC
Trencsén utca;2,2;1,4;erkély
Géresi utca;2,1;2,3;gardrób
Pemetefű utca;2;1,4;kamra
Csobánka utca;1,5;1,2;erkély
Szikigyakor utca;1,2;1;WC
Futrinka utca;3,7;2,6;háló
Kincseshegy utca;3,6;4;konyha
Rézöntő utca;3,1;3,6;konyha
Orsolya utca;3,4;5,8;konyha
Ráchegy utca;3,7;2,9;dolgozószoba
Malvin utca;4,9;4,9;nappali
Hasító utca;3,9;4,3;nappali
Közép fasor;2,2;2,3;háló
Csemete utca;4,9;4,3;nappali
Kürt utca;3,6;3;konyha
Pisztácia utca;2,7;3,3;háló
Gyimesi utca;3,9;1,9;kamra
Szalmafonó utca;4,8;3,7;nappali
Gesztenyési út;4,1;5,1;nappali
Dinnyés utca;3;3,8;dolgozószoba
Fecske köz;1,1;1,5;WC
Gyevi utca;2,8;3,1;konyha
Haláp utca;2;3,9;háló
Vadrózsa sor;1,9;1,3;WC
Kolónia utca;3;2;fürdőszoba
Tinódi Sebestyén tér;1,6;2;erkély
Pinty utca;4,2;6,6;nappali
József Attila sugárút;6,5;5,1;nappali
Egyetem tér;1,7;2,2;erkély
Százados utca;4,8;6,8;nappali
Nárcisz köz;3,2;3,3;háló
Rutafű utca;1,4;1,2;WC
Ostoros utca;3,8;3,1;háló
Ág utca;1,6;1,8;WC
Rozmaring utca;2;4,7;fürdőszoba
Szordasi út;3,6;3,9;háló
Dolgos utca;2,8;2,7;háló
Szamóca utca;2,9;2,5;fürdőszoba
Balzsamfű utca;1,6;1,5;WC
Ostoros utca;5,2;4,1;nappali
Keszi utca;3,2;4,4;fürdőszoba
Orsolya utca;4,8;2,1;fürdőszoba
Sarlófű utca;1,3;1,5;WC
Rózsamajor köz;2,5;2,9;konyha
Pacikert utca;3,6;2,5;konyha
Mandula utca;2,5;2,7;háló
Boszorkányfű utca;4,8;3,6;nappali
Panoráma tér;3,9;2,8;háló
Május 1. utca;3,6;3,8;háló
Basahíd utca;1;1,2;WC
Nyilassy utca;2,3;2,5;fürdőszoba
Huba köz;2,2;1,4;erkély
Tóparti út;1,5;2,6;kamra
Tengelic dűlő;2,2;1,5;gardrób
Ady park;3,6;3,6;háló
Kövirózsa utca;3,7;2,8;háló
Nyárfasor utca;2,7;2,4;fürdőszoba
Faraktár utca;2,2;3,9;dolgozószoba
Liliomkert utca;3,7;3,3;háló
Gyimes utca;5,9;5;nappali
Part út;3,9;4,3;nappali
Zsurló utca;3,9;3,7;háló
Káliz utca;1,9;1,3;erkély
Barátság utca;4,4;2,7;háló
Erzsébet utca;2,7;2,7;konyha
Hullám utca;3,6;3,7;háló
Figyelőhalmi út;0,8;0,9;kamra
Csipkebogyó utca;1,1;1,3;kamra
Kormorán utca;2;4,2;fürdőszoba
Veresgyűrű utca;4;4,8;nappali
Déri tér;1;1,4;WC
Kórház utca;3,4;3,6;gardrób
Géresi utca;5,2;5,3;nappali
Tas utca;2,9;3,6;konyha
Kaszás utca;3,8;3,9;fürdőszoba
Part út;2,1;2,8;konyha
Kisvasút sor;4,3;2,4;fürdőszoba
Ungvár utca;3,1;5;háló
Pasztinák köz;1,8;1,8;gardrób
Basahíd utca;3,8;3,3;háló
Fogarasi utca;4,8;4,3;nappali
Dohányos utca;1,8;1,5;kamra
Szíjártó köz;3,3;4,3;háló
Regina utca;3,6;3,8;terasz
Jávorka utca;1,3;1,2;WC
Fenyőmag utca;4,6;5,4;konyha
Rahói utca;1,3;1,4;WC
Újsor utca;2;2,3;erkély
Mayer Miklós utca;2,4;3,3;háló
Árnyas utca;3,2;3,8;háló
Hatvan utca;3,6;4,2;háló
Gerle utca;1,9;2,3;gardrób
Hajlat utca;3,4;3,7;háló
Béke utca;2,8;4,2;háló
Gyöngyvessző utca;3,1;2,6;háló
Vadkerti tér;5,3;2,5;konyha
Szöcske utca;3;2,3;erkély
Szérűskerti sor;3,6;2;konyha
Báthori utca;3,3;4,5;háló
Pincés utca;2,7;3,9;háló
Vadrózsa sor;4,1;2,9;fürdőszoba
Vadliba utca;4,7;3,8;fürdőszoba
Ormós Lajos utca;2,3;2,1;dolgozószoba
Báthori utca;2,8;2,8;mosókonyha
Herke utca;3,9;2,5;háló
Rózsamajor köz;3,8;2,5;háló
Kormorán utca;3,3;4,9;háló
Ezüst utca;2,4;3,1;konyha
Madár utca;2,3;2,8;háló
Kisfaludy Sándor út;3,3;4,1;háló
Katicavirág utca;3,2;2,9;fürdőszoba
Csurgó utca;3,9;3,3;mosókonyha
Nagyszántó utca;2,6;2,2;erkély
Pincés utca;3,8;2,3;háló
Parittya utca;2,8;3;erkély
Baross Gábor utca;4,9;5,5;nappali
Felhő utca;4,9;4,7;nappali
Dolgos utca;3,5;4;háló
Felsőpércsi utca;1,6;1,3;erkély
Perényi utca;4;3,6;háló
Ív utca;2,7;3,2;konyha
Mozsár utca;3,1;4,3;háló
Bognár utca;4,4;3,7;háló
Bem utca;5,2;5;nappali
Dandár utca;3,7;3,4;fürdőszoba
Gábor Áron utca;3,2;3,5;háló
Gerle utca;2,4;4;háló
Gyimesi utca;2,9;3,3;háló
Jégmadár utca;3,2;4,3;háló
Föld utca;1,5;1,1;WC
Liliomkert utca;2,7;4;kamra
Fogarasi utca;4,7;2,3;konyha
Martinka sor;2,5;2,3;fürdőszoba
Síntelep utca;3,6;2,3;konyha
Harangos utca;2,2;2,9;erkély
Pacsirta utca;0,9;1;kamra
Tanbánya út;2;2,3;háló
Pancsovai utca;1,8;1,4;kamra
Törökverő utca;1,3;1,5;WC
Zsombolyai utca;3,7;3,5;dolgozószoba
Kontyvirág utca;2,1;2,7;konyha
Krisztina utca;3,6;3,3;dolgozószoba
Ipar dűlő;3;3,7;háló
Péchy utca;2,9;4,9;háló
Bóbita utca;1,3;1,5;WC
Béke utca;2,8;3;háló
Káliz utca;3,1;3;konyha
Kard utca;4,3;3,9;konyha
Sándorfalvi út;5,9;3;konyha
Gyevi utca;2;2,3;fürdőszoba
Cserép köz;2,9;2,2;fürdőszoba
Páfrány utca;2,7;2,2;konyha
Borbála utca;2,3;2,2;erkély
Főző utca;3;4,8;fürdőszoba
Tisza utca;5,3;6;nappali
Szentmihályteleki utca;3,8;4,8;nappali
Kormorán utca;4,1;3,3;háló
Káka utca;3,3;2,6;konyha
Piac utca;2,4;4;konyha
Kamilla utca;4,7;4,5;nappali
Gorkij utca;3,3;4,7;háló
Bellegelői út;3,1;2,8;háló
Páfrány utca;3,6;2,8;háló
Vadliba utca;4,3;2,9;háló
Köteles utca;3;3,8;háló
Balzsamfű utca;2,3;2,1;erkély
Százados utca;3,9;4,9;háló
Bethlen Gábor utca;3,5;3,8;dolgozószoba
Költő utca;3,1;4,2;háló
Péterfia dűlő;1,1;1,1;WC
Balzsamfű utca;3,6;3,2;háló
Monostorerdő köz;3,4;2,6;háló
Lőcsei utca;2,7;2,8;fürdőszoba
Csereág utca;4,2;3,8;nappali
Bethlen Gábor utca;2,4;2,2;erkély
Arany Sándor utca;4,4;4,6;háló
Lant utca;1;0,9;kamra
Szamóca utca;3,6;2,5;dolgozószoba
Sajó utca;3,2;3,2;háló
Vágóhíd utca;2,4;2,1;erkély
Gyöp sor;3,8;2,8;háló
Nagyfekete út;4,7;4,5;háló
Hortenzia utca;1,1;1,3;WC
Bartók Béla út;2,6;2,1;fürdőszoba
Tas utca;3,9;3,3;háló
Nyilassy utca;5,9;4,4;nappali
Rövid köz;4,2;3,6;nappali
Gomba utca;4,3;4,3;háló
Szentháromság utca;2;1,9;WC
Merkúr utca;2,8;2,8;fürdőszoba
Sesztina utca;1,1;1,1;WC
Nagyfekete út;3,1;3,5;fürdőszoba
Kartács utca;4,5;2,2;háló
Olajfa utca;3,4;2,4;terasz
Szepesi utca;4;2,3;háló
Pemetefű utca;2,5;3;háló
Tyukod utca;5;3,8;nappali
Kecskeméti utca;2,4;3,7;háló
Pesti utca;2,5;5,6;konyha
Nagy Lajos utca;4,9;4,8;nappali
Kamilla utca;3,5;4,1;háló
Ráchegy utca;1,8;2,7;erkély
Olajfa utca;3;5,1;konyha
Éger utca;1,2;1,4;WC
Petőfi Sándor utca;1,5;1,3;WC
Pulz utca;4,4;4,9;nappali
Ráchegy utca;1,4;1,4;WC
Rózsavölgy utca;2,1;2,7;dolgozószoba
Bihari utca;3,4;2,3;konyha
Erzsébet utca;2,1;2,4;háló
Bocskai utca;2,4;3,4;gardrób
Lechner tér;2,6;3,7;háló
Mozsár utca;3,1;2,8;kamra
Szikra utca;2,9;4,2;háló
Szérűskert utca;3;2,1;fürdőszoba
Bóbita utca;1,9;2,5;gardrób
Vág utca;3,7;3,3;terasz
Tímár utca;3,5;3,4;háló
Merkúr út;5;5,1;nappali
Vadkacsa köz;2,4;2,1;dolgozószoba
Barátság utca;4,6;4,5;nappali
Trafó köz;3,3;2,3;kamra
Balzsamfű utca;4,4;5,6;konyha
Hegyköz utca;2;4,5;háló
Sáfrány utca;3,9;4,6;nappali
Porzó utca;3,6;4,9;háló
Debreceni út;3,6;3,1;konyha
Arató utca;1,4;1,4;WC
Pinty utca;2,1;2,7;erkély
Tóparti út;2,5;3;dolgozószoba
Lóding utca;2,5;2;konyha
Bánk bán utca;3,5;3,5;konyha
Odú utca;2,1;3;fürdőszoba
Nagybotos utca;2,2;3,6;háló
Tenkes köz;0,9;0,9;kamra
Fonógyári út;3,4;3;háló
Krisztina utca;3,5;2,5;háló
Palotás utca;1,2;1,2;WC
Ifjúság útja;1,6;2;gardrób
Legátus utca;2,2;1,4;erkély
Bartók Béla tér;1,3;1,3;erkély
Balzsamfű utca;5,7;3,7;konyha
Pelyva utca;3,7;2,1;konyha
Ostoros utca;2,1;3,2;fürdőszoba
Palánták dűlő;2,8;2,9;dolgozószoba
Hattyú utca;2,4;3,5;konyha
Mézeskalácsos utca;0,9;1;kamra
Sziget utca;4,4;2,2;fürdőszoba
Öreghegyi utca;2,7;2,4;háló
Rézöntő utca;4,3;4,9;nappali
Panoráma tér;2;2,9;erkély
Mézeskard utca;2,5;3,3;fürdőszoba
Boroszlán utca;3,7;3,9;nappali
Küküllői utca;4;2,8;konyha
Csemete utca;2,5;3,2;háló
Nyárfasor utca;3,1;2,7;háló
Éva utca;1,2;1,1;WC
Lilla tér;3,2;2;háló
Ludányi Antal utca;1,6;3,2;kamra
Gerle utca;3,7;3,1;háló
Hangyás köz;1,7;1,1;WC
Tápai utca;3,3;3,1;háló
Nyitra utca;1,1;1,3;kamra
Sóvirág út;4,7;2,6;háló
Zöldmező utca;5,1;6,4;nappali
Fürtös köz;2,8;3;fürdőszoba
Petőfi tér;3,6;3,2;háló
Bellegelői út;2,3;2,1;konyha
Kard utca;3,7;2,1;kamra
Hatvan utca;3;2;fürdőszoba
Völgyalja utca;4,1;4,3;nappali
Rózsamajor köz;3,3;3,6;háló
Síp utca;3,5;4,7;háló
Nagyszántó utca;4,7;3,8;háló
Tóparti út;4;3,9;fürdőszoba
Teve utca;3,5;3,2;háló
Liliomkert utca;4;2,9;háló
Pósa utca;3,7;2,2;mosókonyha
Kút utca;3,7;2,6;dolgozószoba
Balzsamfű utca;6,7;4,1;nappali
Fűtőház köz;2,7;3,8;dolgozószoba
Csertő utca;2,1;2,4;gardrób
Hajós Alfréd utca;1,1;2;kamra
Zólyom utca;2,7;2,5;fürdőszoba
Kút utca;1,6;1,8;kamra
Átrium köz;2,1;2,4;erkély
Arany Sándor utca;2,3;2,4;erkély
Fecske köz;2,2;2,9;fürdőszoba
Pósa utca;4,6;5;konyha
Porzó utca;1,9;2,5;kamra
Homoródi utca;4,4;4,8;nappali
Nagyszéki út;3,8;2,4;háló
Porzó utca;2,5;3,9;konyha
Szoboszlói út;2,8;3,6;háló
Gomba utca;1,2;1,6;WC
Mester utca;4,1;4,2;háló
Szilvásújfalvi utca;2,8;4,3;háló
Herke utca;4,2;4,6;nappali
Mandula utca;2,5;3,2;konyha
Verőszala utca;3,5;3,3;dolgozószoba
Szarvas tér;3,7;4,9;háló
Pelyva utca;1,8;2,3;erkély
Kereskedő köz;2,4;1,5;erkély
Bodrog utca;2,2;2,8;háló
Olasz utca;2,2;1,5;erkély
Janicsár utca;3,8;3,5;dolgozószoba
Madár utca;3,7;2,4;háló
Mézeskard utca;1,1;1,6;WC
Átrium köz;3,2;2,5;gardrób
Sarlófű utca;2,1;2;gardrób
Várad utca;1,8;1,6;kamra
Pelyva utca;2,1;2,2;fürdőszoba
Remenyik Zsigmond utca;2,7;2,6;fürdőszoba
Cinege utca;3,8;2;fürdőszoba
Harkály utca;3,3;2,6;kamra
Küküllő utca;2,2;3,5;gardrób
Palóc utca;4,1;3,7;fürdőszoba
Szövetkezeti út;1,7;2;gardrób
Kölcsey Ferenc utca;4,9;3,8;fürdőszoba
Kinizsi utca;3,6;2;háló
Zsurló utca;2,7;2,1;fürdőszoba
Nagyfekete út;3,1;4,2;háló
Közép fasor;2,1;2,1;konyha
Daru utca;1,3;1,2;WC
Körtvélyes utca;2,7;3;fürdőszoba
Sóvirág út;2;3,6;gardrób
Gyékényesi út;6,9;5,5;nappali
Benczúr Gyula utca;4,1;2,9;konyha
Várad utca;3,8;4,9;nappali
József Attila utca;1,8;2;kamra
Ostoros utca;2,7;3,3;konyha
Nagyfekete út;5,1;6,9;nappali
Hungária utca;2;2,7;fürdőszoba
Hell Miksa utca;4,4;4,4;nappali
Jázmin utca;4,3;3,6;háló
Tengelic dűlő;3,4;4,6;konyha
Földibodza utca;3;3,2;konyha
Csurgó utca;4,8;3,8;háló
Bartók Béla tér;3,5;3,6;háló
Pesti utca;2,7;3;háló
Olajfa utca;4;3,3;fürdőszoba
Bodomi út;2,3;3,5;dolgozószoba
Pákász utca;3,1;4,6;háló
Öthalom utca;2,7;4,4;konyha
Lóding utca;1;0,9;kamra
Ráchegy utca;1;1,3;WC
Pinty utca;4,7;3,2;fürdőszoba
Kece utca;5,6;2,8;konyha
Pákász utca;2,1;3,9;fürdőszoba
Lilla köz;2,7;2,8;dolgozószoba
Tócópart utca;7;5,9;nappali
Kanális utca;1,8;2,9;erkély
Cserép köz;2,9;2,1;fürdőszoba
Orgona sor;4;5;nappali
Hatvan utca;4,8;6,9;nappali
Föld utca;5,9;6,5;nappali
Havasigyopár utca;4,1;5,4;nappali
Gyimes utca;2,7;2,3;háló
Lenkei János utca;2,5;3,6;háló
Emese utca;0,9;0,9;kamra
Vadmálna utca;1,3;1,7;WC
Toldás köz;2,3;3,4;fürdőszoba
Fekete István utca;2;2,6;fürdőszoba
Ispotály utca;2,6;2;erkély
Nárcisz köz;3,6;4,5;fürdőszoba
Petőfi tér;0,9;0,9;kamra
Csemete utca;3,5;3,8;háló
Telep utca;2;3,5;konyha
Lámpás utca;4,3;4,9;nappali
Várad utca;2,1;1,7;gardrób
Fogarasi utca;2,7;3;háló
Jégmadár utca;2,5;2,8;gardrób
Töhötöm utca;4;2,4;konyha
Szélső sor;2,5;3,8;háló
Madár utca;4;2,7;háló
Honfoglalás utca;1,6;2;erkély
Boldizsár utca;3,7;3;dolgozószoba
Alkony utca;2,5;2,2;dolgozószoba
Sípos köz;1,1;1,9;kamra
Tóparti út;4,8;4,6;háló
Trencsén utca;3,2;2,7;fürdőszoba
Úszó utca;2,5;2,2;fürdőszoba
Alkony utca;1,3;1,4;erkély
Sípos köz;4,3;2,8;háló
Tyukod utca;3,8;2,9;háló
Csertő utca;1,3;1,2;WC
Hátszegi utca;2,1;2,4;fürdőszoba
Ludányi Antal utca;4,1;3,8;konyha
Zöldmező utca;3,8;4,6;fürdőszoba
Kinizsi Pál utca;1,5;1,2;kamra
Debreceni út;3,6;2,2;dolgozószoba
Mészöly Géza utca;3,4;3,5;háló
Fóliás utca;4,9;3,4;fürdőszoba
Kincseshegy utca;2,9;2,9;fürdőszoba
Ispotály utca;4,9;3,1;háló
Szikigyakor utca;1,4;1,3;WC
Vágóhíd utca;3,1;2,2;fürdőszoba
Sajtoló utca;3,1;2,2;háló
Görgény utca;3,5;4,4;háló
Arató utca;2;1,3;kamra
Ingovány utca;6,5;4,8;nappali
Vaskapu utca;4;3,4;fürdőszoba
Borbolya utca;0,8;1;kamra
Ujjaskosbor utca;1,9;1,9;kamra
Lenkei János utca;1,3;1,1;WC
Furmint utca;3;2,1;dolgozószoba
Fenyő utca;3,1;2,7;háló
Rendező tér;3,3;5;háló
Méheskert utca;2,1;3,8;fürdőszoba
Krisztina utca;4,1;2,5;háló
Orgona sor;2,2;3,8;dolgozószoba
Pákász utca;2,6;4,9;háló
Basahalom utca;4,2;4,3;nappali
Toldás köz;5;2,2;fürdőszoba
Szérűskerti sor;4,2;2,4;fürdőszoba
Szeremlei utca;2,3;3,9;háló
Lóverseny utca;3,8;3,4;gardrób
Görgény utca;1,1;1,3;WC
Erdészház utca;3,1;4;háló
Kubikos utca;5,5;5,1;nappali
Nyárfa utca;1,2;1,1;WC
Paphegy utca;2,3;5,1;konyha
Fekete István utca;2,1;2,1;háló
Kövirózsa utca;2,9;5;konyha
Kormorán utca;5,4;4;konyha
Jázmin utca;3;3,4;háló
Vadkerti tér;2,7;1,7;kamra
Szíjártó köz;4,3;3,8;háló
Boldizsár utca;1,2;1,3;WC
Orgona sor;3,1;3,4;fürdőszoba
Toldás köz;3,3;2,2;terasz
Csöndes utca;2,7;2,3;fürdőszoba
Holdsugár utca;1,4;1,3;WC
Part út;1;0,9;kamra
Csipkebogyó utca;2,6;3,7;háló
Baross Gábor utca;1,7;1,7;gardrób
Mátyás király utca;4,3;4,2;háló
Kondorosiér út;3,9;2,2;háló
Vértanú utca;3,6;3,1;terasz
Dévai utca;2,9;3,8;háló
Szélső sor;3,1;3,6;háló
Tóparti út;3,1;3,8;mosókonyha
Trafó köz;3,7;4,5;háló
Tündérhegy utca;2,3;3,1;konyha
Rézmetsző utca;4,1;2,5;háló
Almafa utca;5,2;4,8;konyha
Ungvár utca;3,2;4,9;konyha
Rózsamajor út;2,2;2,9;fürdőszoba
Halastó utca;1,1;1,1;WC
Kard utca;1,7;1,6;WC
Medok utca;3,1;3,5;kamra
Merkúr utca;4,8;4;nappali
Vág utca;4,2;4,9;háló
Panda tér;3;3,4;konyha
Szentiváni dűlő;6,2;6,3;nappali
Porzó utca;6;4,7;nappali
Ifjúság útja;2,5;3,9;fürdőszoba
Magház utca;2,6;2,9;háló
Lőcsei utca;2,1;2,4;háló
Nagyrét utca;4,3;4,1;háló
Bondorhát utca;2,2;3,6;háló
Panda tér;1,3;1,2;WC
Pék utca;2,8;2,6;konyha
Zsurló utca;0,8;0,9;kamra
Barcaság utca;2,6;2;erkély
Hegyközség utca;4,1;4,4;nappali
Szentháromság utca;2,6;2,2;erkély
Gyergyó utca;3,1;4,2;háló
Zsolnai utca;2,6;3,3;háló
Bartók Béla út;2,5;4,5;konyha
Vályogos utca;3,5;4,7;háló
Szömörce utca;3,5;2,2;konyha
Perényi utca;3,9;3,4;dolgozószoba
Gyergyó utca;1,7;2;kamra
Rózsavölgy utca;3,7;3,7;háló
Rétikanyar utca;3,2;3,4;háló
Nagyszéki út;2,2;2,9;háló
Tinódi utca;4,5;4,5;nappali
Aranyosi utca;3;3,3;dolgozószoba
Nagy Lajos utca;1,4;1,3;WC
Vécsey utca;4,8;4,5;háló
Fagyal utca;1,3;1,3;kamra
Zárda utca;6,8;6,9;nappali
Harangos utca;2,6;1,9;erkély
Piroska tér;3,3;3,2;háló
Victor Hugo utca;3,5;3,1;háló
Piroska tér;4,2;3,8;nappali
Dózsa köz;3,9;4,2;nappali
Gomba utca;3,8;3,1;kamra
Bocskai utca;2,1;2,3;erkély
Bem utca;4,2;4,1;nappali
Szikigyakor utca;2,2;2,1;gardrób
Örökzöld köz;2,8;2,8;fürdőszoba
Tőzsér utca;0,9;0,8;kamra
Krónikás utca;2,7;2,7;erkély
Thomas Mann utca;2,5;2,4;háló
8. utca;5,4;6,1;nappali
Aranyosi utca;1,9;1,4;kamra
Fogarasi utca;5,6;5,9;nappali
Nagyszéki út;2,4;3,4;dolgozószoba
Haláp utca;4;4,4;nappali
Bükkmogyoró utca;3,7;3,7;háló
Közép fasor;3,1;2;dolgozószoba
Borbála utca;2,1;2,4;terasz
Szitás utca;2,7;2,9;háló
Bornemissza utca;2;1,6;WC
Hatvan utca;1,8;3,6;kamra
Tímár utca;4,5;3,3;konyha
Major utca;5,4;5,5;nappali
Szegfűszeg utca;2,8;3;dolgozószoba
Hadnagy utca;1,3;1,4;WC
Károli Gáspár utca;4,4;4,1;nappali
Nyárfasor utca;3,8;3,9;konyha
Gyulafehérvári utca;2,8;3,3;fürdőszoba
Kalcit köz;2,6;2,1;dolgozószoba
Gyékényesi út;3,6;3,6;fürdőszoba
Dicsőfi utca;2,6;3;konyha
Radnóti utca;5;4,9;nappali
Gomba utca;5;4,7;háló
Bárány utca;1,9;2,9;erkély
Görgény utca;2,9;3,5;fürdőszoba
Szikes utca;4,6;3,6;nappali
Richter Gedeon utca;3,4;3;háló
Dorogi utca;5;6,5;nappali
Merkúr utca;1,2;2,2;erkély
Föltámadás utca;1,1;1,4;WC
Vályogos utca;4;3,4;gardrób
Bellegelői út;4,5;4,2;nappali
Alkony utca;3,9;2,3;háló
Kartács utca;2,1;3,7;háló
Bán utca;3,1;3,8;gardrób
Pesti utca;2,5;2,8;dolgozószoba
Parittya utca;5,3;4;konyha
Gerle utca;2,1;4,4;háló
Nagy-Eged utca;4,1;3,6;háló
Szőlő utca;3,8;3,9;nappali
Csipkebogyó utca;3,3;4,4;háló
Csörsz utca;3,5;2,8;dolgozószoba
Tárnokfű utca;5,5;4,2;nappali
Piac utca;3,4;3,7;háló
Thomas Mann utca;2,3;2,8;konyha
Kölcsey Ferenc tér;3,2;2,1;háló
Hungária utca;1,8;1,1;WC
Átrium köz;5,8;4,1;nappali
Porzó utca;2,6;2,9;mosókonyha
Palicsi utca;1,6;1,6;kamra
Merkúr utca;2,9;2,3;fürdőszoba
Átrium köz;1,1;1,6;WC
Eszterházy tér;0,9;1;kamra
Szigony utca;1,2;1,4;WC
Leánder utca;3,7;3,3;konyha
Balaton utca;3,9;2,7;fürdőszoba
Sármás utca;4;5,6;nappali
Szoboszlói út;3,7;2,2;dolgozószoba
Ipartelepi köz;2,3;3,8;dolgozószoba
Kisfenyves utca;3,9;2,8;dolgozószoba
Herke utca;2,8;2,9;fürdőszoba
Pelyva utca;3,7;3,7;dolgozószoba
Kölcsey Ferenc tér;3,1;4;dolgozószoba
Határőr utca;1,2;1,3;WC
Zöldmező utca;2,5;3,3;háló
Görgény utca;3,9;3,2;fürdőszoba
Sármás utca;5;2,5;konyha
Vető utca;4,1;2,2;konyha
Köszörűs utca;1;0,9;kamra
Eszperantó tér;3,6;3,4;konyha
Unokakert utca;6,1;5,9;nappali
Lakatgyár utca;4,1;3,5;háló
Verőszala utca;4,4;3,6;háló
Margitvirág utca;2,3;3,1;fürdőszoba
Hasító utca;2,2;2,3;konyha
Pelyva utca;3,6;3,6;háló
Gőz utca;3,3;3,5;konyha
Károli Gáspár utca;2,8;2,3;háló
Károli Gáspár utca;3,6;5,2;nappali
Pisztácia utca;3,8;2,5;dolgozószoba
Nagykőporos út;3,7;4;háló
Gyimesi utca;4,9;2,5;fürdőszoba
Szilágyság utca;2,5;2,1;erkély
Pöstyéni utca;3,2;3,3;háló
Görgey utca;1,7;1,6;WC
Herke utca;1,9;2;erkély
Akácfa utca;2,4;5;konyha
Kastély köz;5,7;4,9;nappali
Kormorán utca;5,3;4,6;konyha
Petőfi tér;2,6;2,4;háló
Felhő utca;3,4;3,3;háló
Töviskes utca;3,5;2,7;konyha
Tyukod utca;2,1;3,2;fürdőszoba
Küküllő utca;2,8;2,8;kamra
Károli Gáspár utca;4,5;3,3;konyha
Hell Miksa utca;3,2;2,4;háló
Fenyőmag utca;4;4,2;háló
Kisbánya utca;3,6;2,3;háló
Cinege utca;2;3,4;dolgozószoba
Erdőstarcsa utca;2,3;2,5;háló
Bem utca;1,2;1,6;WC
Vöcsök utca;1,3;1,8;kamra
Arató utca;1,6;2,4;gardrób
Mák utca;2;1,8;gardrób
Remenyik Zsigmond utca;2,7;2,3;fürdőszoba
Bartók Béla tér;2,7;2,3;erkély
Panda tér;4,8;4,7;nappali
Rézmetsző utca;3,3;2,2;dolgozószoba
Tímár utca;2,3;2,6;háló
Hátszegi utca;1,1;1,4;WC
Sóvirág út;3,5;4,5;háló
Völgyérhát utca;2,9;3,6;dolgozószoba
Aranylile utca;3,1;3,8;háló
Leányka utca;2,4;2;háló
Ingovány utca;3,7;2,6;háló
Berlini körút;3,9;2,5;dolgozószoba
Szegfűszeg utca;2,8;2,1;háló
Vág utca;2,6;2,8;fürdőszoba
Péczely utca;1,3;1,4;WC
József Attila sugárút;2,7;1,7;kamra
Gyergyó utca;6;4,6;nappali
Kürt utca;3,7;3,2;dolgozószoba
Görgény utca;1;1,1;kamra
Trencsén utca;3,5;2,4;háló
Gambrinus köz;1;0,9;kamra
Kinizsi utca;3,3;2,8;dolgozószoba
Figyelőhalmi út;3,4;2,9;háló
Trafó köz;4,8;5;háló
Holdsugár utca;2,1;2,5;fürdőszoba
Fogarasi utca;4,3;2,6;háló
Csipkebogyó utca;3;2,9;háló
Föld utca;4,9;4,4;konyha
Magház utca;2;3,7;dolgozószoba
Napfény utca;2,7;2,9;fürdőszoba
Verőszala utca;4,4;6,1;nappali
Tükrösszív utca;1,4;1,8;WC
Kétmalom utca;1,6;1,4;kamra
Teve utca;3,1;2,1;mosókonyha
Dicsőfi utca;2,7;3,9;háló
Fóliás utca;4,9;5,3;konyha
Berlini körút;4,8;4,2;fürdőszoba
Ambrus utca;4;3;fürdőszoba
Trafó köz;2;2,8;terasz
Pesti utca;3,5;3,8;háló
Vásárhelyi Pál utca;3;2,5;háló
Mazsola utca;3,3;2,4;háló
Lakatgyár utca;4,9;4,7;nappali
Fonatos utca;1,9;2,1;erkély
Bethlen Gábor utca;4;3,9;háló
Vajk utca;3,1;3,7;fürdőszoba
Ókút utca;2,3;2,6;konyha
Tüzér utca;3,2;2,7;háló
Aranyosi utca;4,5;3,2;háló
Nadályfű utca;3,5;3,7;nappali
Bárány utca;4,3;4,4;háló
Kabar utca;2,1;3,1;gardrób
Kard utca;4,5;3,5;háló
Mester utca;2,3;3,2;dolgozószoba
Rózsaszéki utca;2,7;2,6;fürdőszoba
Tölgy utca;2,3;2,2;erkély
Sajó utca;3,5;2,5;fürdőszoba
Tárnokfű utca;4,8;4,6;nappali
Tüzép köz;4,1;4,7;nappali
Zsolnai utca;1,1;1,2;WC
Pécsi út;3,3;4,2;fürdőszoba
Sziget utca;3,1;5,3;konyha
Péterfia dűlő;3,7;4,6;nappali
Agyagos utca;4,1;5,3;nappali
Gyimesi utca;1,9;1,3;WC
Dohányos utca;2;2,3;gardrób
Czibula utca;2,9;2;mosókonyha
Földibodza utca;1,2;1,1;WC
József Attila sugárút;3,3;3,6;háló
Tárkony utca;2,5;4,4;háló
Arany Sándor utca;1,2;1,2;WC
Nagybecskereki utca;1,3;1,7;WC
Dinnyés utca;5,4;2,1;konyha
Paphegy utca;3;3,3;terasz
Gerle utca;5;4,7;nappali
Rózsástelep utca;3,8;2,2;háló
Rózsamajor út;3,1;2,4;háló
Szepesi utca;3,5;2;háló
Töviskes utca;2;3,1;háló
Gomba utca;4,3;4,1;háló
Vértanú utca;2,5;3,3;mosókonyha
Nárcisz köz;3,1;2,9;terasz
Gyöp sor;3;2,1;háló
Bartók Béla út;1,8;1,6;gardrób
Dalos utca;2,1;2,7;háló
Lakatgyár utca;2,3;3,5;konyha
Mészöly Géza utca;1,3;1;WC
Kolónia utca;5,9;4,3;nappali
Gesztenyési út;2,3;3,4;dolgozószoba
Gyékényesi út;4,2;2,2;konyha
Kokárda utca;2,2;2;fürdőszoba
Átrium köz;1,1;1,1;WC
Hámfa utca;2,7;2,8;háló
Csertő utca;2,7;2,4;fürdőszoba
Medok utca;2,9;2,8;mosókonyha
Munkácsy Mihály utca;3,3;3,7;fürdőszoba
Vető utca;3,3;4,6;háló
Boroszlán utca;2,7;2,9;fürdőszoba
Vöcsök utca;2,4;4;háló
Pacsirta utca;3,8;3,9;dolgozószoba
Kőrösmező utca;3,8;4,8;nappali
Merkúr út;3,3;3,5;dolgozószoba
Pipóhegy utca;5;4,4;nappali
Nagy-Eged utca;3,7;4,2;háló
Koszorú utca;2,2;3;háló
Csobánka utca;3,7;3,9;dolgozószoba
Körös utca;2,7;3,2;fürdőszoba
Lőcsei utca;3,6;3,7;háló
Salétrom utca;3,7;3,7;konyha
Leánder utca;3,1;2,7;konyha
Lilla köz;1,9;2,3;gardrób
Veresgyűrű utca;2,4;2,5;fürdőszoba
Kereskedő köz;0,9;0,9;kamra
Homoródi utca;3,6;2,4;háló
Nyilassy utca;4,3;3;háló
Tárkony utca;3,5;2,3;háló
Köteles utca;1,3;1,2;WC
Köteles utca;4,9;5;háló
Küküllői utca;1,3;1,1;WC
Kőrösmező utca;2,5;2,5;fürdőszoba
Cser utca;2,9;1,5;erkély
Figyelőhalmi út;4,5;4,5;nappali
Szilágyság utca;2;3,2;konyha
Szordasi út;3,2;2,6;háló
Iszalag út;1,8;2,4;erkély
Fenyőmag utca;4,2;2,6;háló
Fekete István utca;1,6;2;erkély
Vető utca;3,5;4,6;fürdőszoba
Verseci utca;2,4;1,6;erkély
Szőlő utca;3,8;3,8;háló
Kisvasút sor;1,6;1,5;WC
Bornemissza utca;2,9;2,5;erkély
Tegzes utca;2,7;2,9;fürdőszoba
Téglagyár utca;4,5;3;konyha
Pancsovai utca;4,2;4,8;nappali
Ispotály utca;1,8;1,6;WC
Ősz utca;3,9;4,2;nappali
Kadét utca;3,6;3,8;háló
Körös utca;2,3;1,9;gardrób
Köteles utca;2,7;3;háló
Hátszegi utca;3,9;2,3;háló
Gyergyó utca;2,7;3,3;háló
Lechner tér;3,7;2,1;fürdőszoba
Kontyvirág utca;2,8;3,5;dolgozószoba
Toldás köz;3;2,8;mosókonyha
Géresi utca;1,1;1,3;WC
Stadion utca;3,5;4,6;háló
Jávorka utca;2,6;4,2;háló
Széna tér;2,5;2;gardrób
Fekete István utca;3;3,1;konyha
Pisztácia utca;2;1,5;WC
Csipkebogyó utca;3,3;3,1;háló
Nagyszántó utca;1;1,4;WC
Gambrinus köz;3,4;3,8;háló
Radnóti utca;4,2;3,9;nappali
Újhelyi köz;3,3;2,5;fürdőszoba
Kanális utca;2,9;4;háló
Kontyvirág utca;2,3;3,9;háló
Baross Gábor utca;1,6;1,7;erkély
Galagonya utca;2;2,7;erkély
Rézvirág utca;3,5;3,2;háló
Nyárád utca;2,5;2,5;kamra
Mata János utca;3,7;3,5;terasz
Sajó utca;2,9;2,5;erkély
Sármás utca;3,9;3,4;fürdőszoba
Porzó utca;4,6;3,6;háló
Föltámadás utca;5,1;5,2;nappali
Tanbánya út;3,4;2,7;dolgozószoba
Kecsege utca;2,4;2,1;háló
Nyugati sor;2,1;2,4;terasz
Zárda utca;3,7;3,5;fürdőszoba
Sípos köz;2,6;3,5;fürdőszoba
Piac utca;3,1;2;háló
Kormorán utca;4,4;3,2;háló
Benczúr Gyula utca;2,6;3,4;háló
Székhalom köz;1,5;1,1;WC
Gyimes utca;1;1;kamra
Nyugati sor;4;3,4;háló
Gombvirág utca;3,4;3,5;mosókonyha
Lakatgyár utca;2,2;2,5;fürdőszoba
Remenyik Zsigmond utca;4,4;4,7;nappali
Orgona sor;3,8;4,9;nappali
Oltványi utca;3,3;3,7;fürdőszoba
Tigér utca;5;5,8;konyha
Apály utca;2,3;2,3;erkély
Sesztina utca;3,2;3;háló
Papzug utca;1,1;1,2;kamra
Dolgos utca;2,4;3,8;fürdőszoba
Vadmálna utca;3,5;3,9;fürdőszoba
Törő utca;2,1;1,9;gardrób
Bondorhát utca;3,7;3,3;konyha
Tárnokfű utca;2;1,6;gardrób
Palóc utca;3;3;mosókonyha
Piac utca;2,1;2;fürdőszoba
Liliomkert utca;1,2;1,9;WC
Csúcs utca;1,9;1,7;WC
Csöndes utca;2,1;3;konyha
Olajfa utca;4,5;3,5;fürdőszoba
Árnyas utca;3,4;3,5;mosókonyha
Kormorán utca;2,5;2,5;erkély
Felvégi utca;2,7;3,1;fürdőszoba
Péczely utca;0,9;0,8;kamra
Tócópart utca;3,4;3,9;háló
Hattyas utca;3,3;3,6;háló
Úszó utca;2,4;3;háló
Gyimesi utca;2,8;2,6;gardrób
Ingovány utca;2,4;2,2;erkély
Harkály utca;4;2,6;terasz
Fekete István utca;3;2,1;konyha
Berzsenyi Dániel utca;2,6;2;konyha
Mák utca;2;2,2;konyha
Eszterházy tér;2,2;2,4;konyha
Tímár utca;3,7;4,4;háló
Kisvölgy utca;2,9;4,5;konyha
Pinty utca;1,1;1,7;WC
Csöndes utca;0,9;0,8;kamra
Fürtös köz;3,1;3,2;konyha
Halastó utca;2,2;3,6;konyha
Bondorhát utca;3,9;2,6;háló
Kút utca;1,3;1,2;WC
Szilvásújfalvi utca;2,9;3,4;mosókonyha
Lant utca;2,2;2;erkély
Bornemissza utca;4;2,9;háló
Vadmálna utca;2,7;3,5;gardrób
Péchy utca;2,9;3,6;kamra
Lehel utca;3,7;2,9;háló
Teve utca;2,6;3,7;konyha
Gyertyaöntő utca;2,4;2,4;fürdőszoba
Gyimesi utca;3,6;3,3;háló
Görgény utca;1,7;1,6;gardrób
Bornemissza utca;2,1;3,6;terasz
Búcsú sor;1,4;1,1;erkély
Damjanich utca;3,7;4;nappali
Mikepércsi út;2,4;2,5;háló
Rózsamajor köz;1,4;1,1;WC
Szarvas tér;2,7;3,4;mosókonyha
Avar köz;3,8;3,8;konyha
Telep utca;1,8;1,3;kamra
Szíjártó köz;3,9;5,9;nappali
Bem utca;3,6;4,7;háló
Dévai utca;0,8;1;kamra
Bartók Béla tér;2,3;2,8;fürdőszoba
Vécsey utca;4,5;2,8;háló
Tas utca;2,6;3,4;háló
Hattyú utca;1,3;1,4;WC
Nagyecsed utca;3,4;3,5;háló
Vadkacsa köz;3,3;2;konyha
8. utca;3,8;3,3;terasz
Kisbotos utca;3,3;4,1;háló
Só utca;2,1;4;háló
Odú utca;2;2,2;konyha
Fagyal utca;2,1;3,6;háló
Lant utca;1,2;1,6;erkély
Odú utca;2,7;4;háló
Körtvélyes utca;3,5;4,3;konyha
Sípos köz;3,6;3,8;nappali
Szoboszlói út;4,3;3,1;fürdőszoba
Máté utca;1,7;1,4;erkély
Kosbor köz;2;1,7;gardrób
Kisfenyves utca;3,6;6;konyha
Csertő utca;3,6;5,7;nappali
Rövid köz;2;2,4;háló
Kincseshegy utca;2,4;2,2;dolgozószoba
Pápai utca;4,4;4,3;nappali
Herke utca;2,1;2,1;erkély
Tábornok utca;2;1,4;erkély
Huba köz;3,4;3,3;fürdőszoba
Harkály utca;6,6;6,7;nappali
Ág utca;2,8;3,9;fürdőszoba
Malvin utca;3,6;3,2;háló
Olajfa utca;3,2;3,5;dolgozószoba
Rozmaring utca;2;2,5;erkély
Mátyás király utca;2,6;2,7;erkély
Káka utca;3,2;3,5;dolgozószoba
Mester utca;4;3,8;fürdőszoba
Csörsz utca;3;2,7;fürdőszoba
Küküllő utca;3,6;2,5;terasz
Szordasi út;3,1;3,6;konyha
Csíkhal utca;1,7;1,5;kamra
Legátus utca;2,3;2,2;dolgozószoba
Ispotály utca;1,6;4;kamra
Köteles utca;2,8;4,1;háló
Gerle utca;2,4;2,8;háló
Borbála utca;2,2;2,9;terasz
Iszalag út;2,8;3,7;háló
Kormorán utca;3,9;3;dolgozószoba
Mocsáry Lajos utca;2,2;5,1;konyha
Vadmálna utca;3,3;3,1;háló
Liliomkert utca;4,9;2,5;fürdőszoba
Szöcske utca;3,3;3,7;kamra
Pipóhegy utca;2,6;2,6;dolgozószoba
Trencsén utca;2,8;4,5;konyha
Rézvirág utca;1,8;2,1;kamra
Lőcsei utca;1;0,8;kamra
Mécsvirág utca;3,5;3,4;háló
Vajdahunyad utca;1,1;1,4;WC
Felvégi utca;3,9;3,6;dolgozószoba
Föltámadás utca;3,9;3,8;háló
Külüs köz;2;1,5;gardrób
Teve utca;4,7;6,9;nappali
Panoráma tér;3,9;4,1;háló
Vágóhíd utca;5,4;5,5;nappali
Nyárád utca;3,4;2,4;gardrób
Lehel utca;3,1;2,9;gardrób
Szikigyakor utca;1,9;1,6;gardrób
Pelyva utca;3,6;2,1;dolgozószoba
Dohánykert utca;2;2,4;gardrób
Martinovics utca;4,5;2,7;háló
Barátság utca;3,3;3,1;dolgozószoba
Mata János utca;2,8;3,1;gardrób
Csikós utca;2,4;2,2;háló
Szilvásújfalvi utca;2,9;2,1;terasz
Függetlenség utca;4,2;4,7;nappali
Tükrösszív utca;3,9;4,9;fürdőszoba
Székhalom köz;5,9;4;nappali
Pacsirta utca;0,9;0,8;kamra
Úszó utca;1,2;1,1;WC
Dió utca;1,1;1,4;WC
Józsakert utca;2,6;2,5;háló
Mata János utca;3,7;4,1;háló
Szélpart utca;4,2;2,5;háló
Báthori utca;3,2;4,6;fürdőszoba
Kartács utca;3,6;3,5;fürdőszoba
Felhő utca;3,7;2,6;dolgozószoba
Barackos utca;2,9;2,6;háló
Limány köz;3,2;4;háló
Nagy-Eged utca;2,8;3,6;konyha
Lilla köz;3,4;3,4;háló
Palánták dűlő;2,2;3;fürdőszoba
Kisvölgy utca;1,4;2,8;erkély
Bokros utca;1,5;1,9;gardrób
Jávorka utca;2,3;3,2;mosókonyha
Pék utca;3,5;2,1;háló
Huszár utca;1,8;1,6;WC
Pöstyéni utca;1,4;1,8;kamra
Trafó köz;3,1;3,6;háló
Hangyás köz;2,9;3,1;háló
Platán utca;3;2,9;fürdőszoba
Kisfaludy Sándor út;1,8;1,5;kamra
Sípos köz;3,3;3,2;fürdőszoba
Unokakert utca;2,7;2;erkély
Pemetefű utca;3,7;3,8;háló
Liliomkert utca;5,4;6,5;nappali
Felsőpércsi utca;3,9;3,3;konyha
Vág utca;3,2;3,7;háló
Lépesméz utca;2,9;2,4;háló
Testvériség köz;2,3;2,2;gardrób
Szigony utca;1,1;1;kamra
Bán utca;3,7;3,8;fürdőszoba
Csipkebogyó utca;1,4;1,4;WC
Hungária utca;1,7;1,9;WC
Hámfa utca;2;2,6;fürdőszoba
Tomori Pál utca;3,4;4,6;háló
Baltacin utca;5;5,6;nappali
Vályogos utca;3,3;2,8;kamra
Éger utca;3,8;4,2;háló
Cinege utca;4,3;5,2;nappali
Hentes utca;2,9;4,4;háló
Vécsey utca;3,7;3,5;háló
Krónikás utca;2,8;4,8;háló
Vaszy Viktor tér;1,6;2,2;erkély
Küküllői utca;3,8;5,5;nappali
Szérűskerti sor;2,4;2,7;kamra
Pisztácia utca;5,7;5,4;konyha
Pacsirta köz;4,9;4,7;konyha
Pók utca;3;3,5;háló
Csereerdő utca;2,5;2,1;fürdőszoba
Székhalom köz;4,4;3,9;háló
Népdal utca;2,9;2,9;fürdőszoba
Földibodza utca;2,1;3,5;háló
Palotás utca;2,6;4;háló
József Attila sugárút;2,4;2,8;erkély
Faraktár utca;1,6;1,5;WC
Basahíd utca;0,9;0,9;kamra
Vadliba utca;4,3;3;fürdőszoba
Tópart utca;2,5;3,8;konyha
Olajfa utca;2,9;3,4;kamra
Telep utca;3,7;4,9;nappali
Zsák utca;3,5;3,9;konyha
Zsindely utca;3,9;3,9;konyha
Baross Gábor utca;2,6;3,1;dolgozószoba
Kisvölgy utca;4,4;4,4;háló
Munkácsy Mihály utca;1,4;2,3;erkély
Vándor köz;3,8;5,5;nappali
Panda tér;1,9;1,9;erkély
Zsombolyai utca;3,7;3,3;fürdőszoba
Csikós utca;3,6;4,4;nappali
Háló utca;3,7;2,6;háló
Nagyecsed utca;2,7;2,5;háló
Merkúr utca;2;3,2;háló
Janicsár utca;1,3;1,2;WC
Leányka utca;1;1;kamra
Kozma utca;2,4;2,9;fürdőszoba
Báthori utca;4,4;4,2;háló
Felhő utca;2,6;2,6;háló
Vaszy Viktor tér;2;1,7;gardrób
Szikigyakor utca;2,7;2,4;fürdőszoba
Mókus utca;2,2;3,1;konyha
Gyékényesi út;3;3,9;fürdőszoba
Balzsamfű utca;4,6;4,3;nappali
Verőszala utca;6,4;5,7;nappali
Csörsz utca;2,4;2,6;konyha
Tímár utca;4,3;2,1;háló
Radnóti utca;2,3;3;fürdőszoba
Keszi utca;2,5;2,1;kamra
Csertő utca;2,8;2,6;háló
Kisfenyves utca;3;4,5;háló
Ipar dűlő;3,7;3,1;mosókonyha
Nagyecsed utca;2,6;5;háló
Radnóti utca;4,1;4,2;háló
Kormorán utca;3;3,8;gardrób
Nyitra utca;2,7;3,7;fürdőszoba
Leánder utca;3,2;3,6;háló
Hungária utca;1,3;1,3;WC
Gyevi utca;3,1;3,5;háló
Máté utca;1,8;1,7;kamra
Gőz utca;1,1;2,3;erkély
Liget sor;3,8;4,2;háló
Trafó köz;1,1;1,7;WC
Pisztácia utca;2,5;3;dolgozószoba
Közép fasor;2,5;3,5;háló
Palicsi utca;2,9;2,4;háló
Nagy Lajos utca;3,1;2,2;háló
Iszalag út;3;3,6;háló
Harangos utca;5,4;5;nappali
Zsurló utca;0,9;1;kamra
Mátyás király utca;3,8;3,8;háló
József Attila sugárút;4;4,3;konyha
Nyárád utca;2,8;3,2;háló
Futrinka utca;2,8;2,3;fürdőszoba
Zöldmező utca;1,7;1,7;WC
Függetlenség utca;3,8;4,3;háló
Kapisztrán út;2;1,3;erkély
Palánták dűlő;3,3;3,5;konyha
Boglárka utca;2,7;2;háló
Szalonka utca;2,5;4;háló
Késmárk utca;3,3;2,8;fürdőszoba
Dáni utca;0,8;0,8;kamra
Rézvirág utca;2,7;2,4;erkély
Szövetkezeti út;2,2;2,7;háló
Bánk bán utca;2,9;3;fürdőszoba
Gyimesi utca;4,6;2,2;konyha
Ipartelepi köz;3,2;3,8;konyha
Vadmálna utca;1,2;1,5;WC
Rétikanyar utca;3;3;fürdőszoba
Díszlet utca;2;1,2;erkély
Tímár utca;2,8;2,3;háló
Agyagos utca;4,3;2,2;konyha
Várad utca;5;4,2;nappali
Nyugati sor;5,1;4,7;nappali
Jázmin utca;6,9;5;nappali
Csurgó utca;2,8;2,6;erkély
Szőlő utca;3,9;3,4;háló
Limány köz;2,8;2,1;fürdőszoba
Guti utca;2,1;3,6;fürdőszoba
Veresgyűrű utca;2,5;3,9;háló
Péterfia dűlő;4,5;4,2;háló
Diótörő utca;2,4;3,2;fürdőszoba
Átrium köz;2,3;4,6;konyha
Szoboszlói út;5;4;nappali
Csereág utca;1,6;1,7;erkély
Kefés utca;3,6;3,1;háló
Kisfenyves utca;4;4,3;nappali
Kisszőlő utca;4,3;4;háló
Veres utca;2,2;3,1;háló
Monostorerdő köz;3,4;3,3;háló
Ifjúság útja;2;1,7;gardrób
Ifjúság útja;5,2;4,5;nappali
Kacagány utca;4;3,7;konyha
Daru utca;4,4;4,2;nappali
Benczúr Gyula utca;2,2;3,1;kamra
Fehérpart utca;2,3;2,3;fürdőszoba
Külüs köz;1,5;1,8;kamra
Tyukod utca;4,1;3,7;háló
Kormorán utca;1,5;1,3;WC
Ókút utca;3,3;2,9;háló
Gomba utca;3,3;2,8;háló
Stadion utca;4,4;4,2;háló
Szikigyakor utca;1,8;1,5;gardrób
Akácfa utca;2,3;3,9;gardrób
Sajtoló utca;3,4;2,7;háló
Verőszala utca;2,9;4,6;háló
Szikigyakor utca;2,4;2,8;dolgozószoba
Liget utca;1,6;2,3;erkély
Hangyás köz;2,8;2,7;erkély
Kartács utca;1,7;1,9;kamra
Védőnő utca;3,6;3,6;nappali
Balzsamfű utca;3,5;3,1;háló
Kisszőlő utca;3,4;2,8;háló
Eszperantó tér;4;3,2;háló
Verőszala utca;3,6;3;kamra
Trafó köz;3,6;5;fürdőszoba
Tank utca;0,9;0,8;kamra
Hortenzia utca;2,8;4,3;háló
Kapisztrán út;3,5;3,2;háló
Lovarda utca;2,4;2,8;fürdőszoba
Sziget utca;3,9;3,4;fürdőszoba
Kormosalma utca;4,8;4;háló
Fokos utca;5,2;4,1;nappali
Béke utca;3,9;2,7;háló
Küküllő utca;2,8;2,7;mosókonyha
Nagyfekete út;1,5;1,9;WC
Richter Gedeon utca;4,3;5,7;nappali
Pápai utca;2,3;2,3;gardrób
Dinnyés utca;5;4,1;fürdőszoba
Borbála utca;5,8;5,6;nappali
Trafó köz;3,9;3,6;háló
Thomas Mann utca;4,4;4,1;nappali
Keszeg utca;3,1;3;háló
Berlini körút;1,6;1,5;WC
Petur utca;2,8;2,3;háló
Nárcisz utca;1,2;1,3;WC
Tóparti út;3;4,2;háló
Perczel Mór utca;2,1;2,4;fürdőszoba
Kece utca;5,1;6,8;nappali
Kormosalma utca;4,8;5;nappali
Balzsamfű utca;4,9;3,8;fürdőszoba
Kinizsi Pál utca;3,5;3,7;háló
Csöndes utca;3,7;2,6;háló
Piroska tér;0,9;0,9;kamra
Pelyva utca;3,5;2,6;konyha
Szikigyakor utca;2,6;2,5;háló
Ostoros utca;2,2;4,5;konyha
Balaton utca;1,7;1,2;kamra
Part út;2,4;2,6;fürdőszoba
Egyetem tér;3,7;3,8;háló
Réce utca;2,2;3;háló
Thomas Mann utca;3,9;2,7;háló
Kard utca;2,6;4,4;háló
Törő utca;4,3;2,5;háló
Dolgos utca;3,6;4,8;nappali
Déva utca;2,3;2;gardrób
Pesti utca;4,1;3,4;háló
Gomba utca;4,4;2,7;konyha
Malajdok út;4,4;4;nappali
Ezerjó utca;2,6;2,1;konyha
Harkály utca;3,6;3;háló
Apály utca;2,7;4;háló
Rózsavölgy utca;1,9;1,9;erkély
Lévai Béla utca;3,3;4,1;háló
Cserfa utca;2,9;2,8;kamra
Kőrösmező utca;2,7;2,7;háló
Bazsarózsa utca;2,4;4;háló
Nagy-Eged utca;2,3;2,4;erkély
Viola utca;2,8;2,1;háló
Szilánk köz;5,9;5,6;konyha
Budapesti út;4,4;3,6;nappali
Tóth Árpád utca;2,6;3,4;háló
Déva utca;1,8;1,7;gardrób
Herke utca;4;3,5;háló
Pipóhegy utca;1,9;1,3;WC
Rózsavölgy utca;4,7;4,7;nappali
Sarlófű utca;2,8;2;háló
Kondoroskert utca;3,4;2,9;háló
Kamilla utca;2,6;2,7;kamra
Föld utca;2,7;3,5;háló
Debreceni út;3,9;2,6;háló
Honvéd utca;5;4,8;nappali
Part út;3,1;2,6;háló
Pacikert utca;3,9;2,9;háló
Péterfia dűlő;2,2;3,1;fürdőszoba
Hangyás köz;3,4;4,9;fürdőszoba
Torma utca;4,2;2,4;háló
Szentiváni dűlő;5,7;4;nappali
Kormorán utca;3,4;3,4;háló
Tócópart utca;1,7;1,3;WC
Görgény utca;2,1;3;dolgozószoba
Nagyecsed utca;4,5;5,9;nappali
Leányka utca;2,2;3,7;háló
Pasztinák köz;3,2;3;háló
Öthalom utca;1,7;2,3;gardrób
Vaszy Viktor tér;2,7;3,2;háló
Jávorka utca;5,4;2,6;konyha
Merkúr út;5;5,4;nappali
Mézeskalácsos utca;3,6;4,9;nappali
Nagyecsed utca;5,7;3,1;konyha
Pancsovai utca;5,7;5,4;nappali
Mikepércsi út;2;2,7;erkély
Parittya utca;5,9;4,9;nappali
Petőfi tér;2,4;2,3;fürdőszoba
Vág utca;3,5;2,9;fürdőszoba
Kond utca;1,2;1,7;kamra
Géza utca;6,9;5,3;nappali
Lakatgyár utca;3;3,5;fürdőszoba
Közép fasor;3,9;3,9;háló
Vadszőlő utca;4,4;4,3;háló
Remenyik Zsigmond utca;3,2;2,6;konyha
Gyimesi utca;2,1;4,9;fürdőszoba
Krónikás utca;5,6;6,3;nappali
Debreceni út;4,8;3,7;nappali
Törköly utca;1,6;1,4;WC
Homoródi utca;2,9;2,9;háló
Felsőpércsi utca;2,3;2,2;háló
Gomba utca;1,7;1,2;WC
Gyimes utca;3,1;3,5;háló
Dohánykert utca;2,6;2,7;konyha
István király tér;4,1;5;fürdőszoba
Bartók Béla út;4,1;5,6;nappali
Felsőpércsi utca;3,7;2,6;dolgozószoba
Rózsástelep utca;3,2;2,3;konyha
Almagyar köz;2,8;3,3;háló
Pisztácia utca;3,9;2,4;terasz
Part út;1,7;2,3;erkély
Merkúr út;1,6;2,3;erkély
Szíjártó köz;2,2;3,2;fürdőszoba
Fonógyári út;2,9;2,6;fürdőszoba
Völgy utca;1,2;1;WC
Csörsz utca;4,4;5;nappali
Pemetefű utca;4,9;5,6;nappali
Madár utca;2,7;2,6;konyha
Mimóza utca;3,4;4,5;háló
Pinty utca;3,1;2,5;fürdőszoba
Leánder utca;3,5;3,3;dolgozószoba
Bethlen Gábor utca;2,2;2,5;háló
Patak utca;1,8;2;erkély
Iszalag út;2,3;2,5;fürdőszoba
Károli Gáspár utca;3,9;3,4;fürdőszoba
Szepesi utca;2;2,6;erkély
Ráchegy utca;1,8;1,3;kamra
Harangos utca;3,4;3,6;háló
Dolgos utca;1,5;1;WC
Margitvirág utca;1,6;1,4;WC
Kölcsey Ferenc tér;2,9;3,8;dolgozószoba
Költő utca;1,8;1,9;WC
Ókastély utca;2,7;2,8;háló
Vályogos utca;2;4,1;konyha
Macskási út;2,8;3,5;fürdőszoba
Kerékgyártó utca;2,5;2,5;fürdőszoba
Medok utca;2,7;3,2;háló
Pacsirta utca;2,5;2,1;fürdőszoba
Liget sor;4,7;2,4;konyha
Jáger utca;2,7;2,8;dolgozószoba
Fogarasi utca;2,2;2,7;fürdőszoba
Bazsarózsa utca;2,8;2,5;fürdőszoba
Hatvan utca;4,8;3,7;fürdőszoba
Kard utca;3,7;3;háló
Bem utca;2,5;3,3;gardrób
Viola utca;2,3;2,6;dolgozószoba
Madárkút utca;2,7;3,8;mosókonyha
Pécsi út;4,6;4,4;háló
Lépesméz utca;4;4;nappali
Mester utca;1,3;2,5;erkély
Martinovics utca;2,9;2,1;erkély
Vaszy Viktor tér;3,3;3,2;háló
Malajdok út;1,1;1;WC
Tópart utca;2,7;2,9;háló
Nagyecsed utca;4,7;3,3;háló
Bondorhát utca;3,5;3,6;háló
Lévai Béla utca;4,2;4,4;háló
Gyevi utca;3,3;2,7;háló
Vigadó tér;1,3;1,9;WC
Hegyközség utca;3,9;4,3;háló
Határőr utca;4,2;3,1;konyha
Furmint utca;4;3;konyha
Kórház utca;3,5;3,6;mosókonyha
Csurgó utca;4,6;3,6;fürdőszoba
Bürök utca;2,2;2;mosókonyha
Kisszőlő utca;2;3,8;háló
Hungária utca;2,2;2,7;mosókonyha
Pisztácia utca;1,1;1,7;WC
Nyugati sor;3,9;4,6;háló
Perczel Mór utca;3,4;3;háló
Sesztina utca;3,9;4;konyha
Ív utca;3;2,9;gardrób
Medok utca;2,5;2,4;mosókonyha
Harasztos köz;2,5;2,1;gardrób
Pulz utca;2,8;2;konyha
Rövid köz;1,2;1;WC
Boldizsár utca;2,8;2,2;erkély
Csöndes utca;1;1;kamra
Vadrózsa sor;3;2,8;háló
Kubikos utca;2,8;3,4;háló
Veresgyűrű utca;3,6;3,8;konyha
Ág utca;3,2;2,1;kamra
Vadrózsa sor;6;2,6;konyha
Unokakert utca;4,6;3,1;háló
Rosta köz;2,2;2,4;fürdőszoba
Szatymazi utca;2,4;3,6;háló
Felsőpércsi utca;2,3;2,3;fürdőszoba
Bethlen Gábor utca;2,1;2,3;fürdőszoba
Szikigyakor utca;4;3,9;háló
Pelyva utca;3;3,9;háló
Bornemissza utca;2,6;3,1;gardrób
Sándorfalvi út;1,9;1,8;WC
Mocsár utca;3,3;3,8;háló
Dió utca;2;1,8;gardrób
Teve utca;2,8;4,2;háló
Apafi utca;3,3;4;konyha
Havasigyopár utca;2,4;4,4;háló
Fenyő utca;2,2;2,6;kamra
Porcsin köz;2,3;2,8;háló
Rutafű utca;4,3;3,9;háló
Bondorhát utca;3,1;2;háló
Szentháromság utca;3,1;2,7;dolgozószoba
Bacsó Béla utca;2,4;2,6;fürdőszoba
Hárs utca;2,8;2,5;gardrób
Margitvirág utca;3,5;4,3;háló
Harkály utca;2,1;2,4;erkély
Legátus utca;3,6;3,6;fürdőszoba
Kis-Tisza utca;4,7;5,9;nappali
Dohányos utca;1,4;1,5;WC
Rózsavölgy utca;2,2;3,7;konyha
Leánder utca;3,8;2,4;háló
Harsona utca;4,7;4,3;nappali
Templom köz;3,5;3,7;nappali
Mata János utca;2,8;4,1;fürdőszoba
Rendező tér;6;4,9;nappali
Fogarasi utca;2,2;3,2;fürdőszoba
Tárnokfű utca;2,5;4,5;konyha
Pacsirta utca;2,9;2,3;fürdőszoba
Tímár utca;1,5;2,9;erkély
Vág utca;3,2;3,2;háló
Mata János utca;3,1;3,5;háló
Temesvári körút;2,8;2,1;erkély
Benczúr Gyula utca;3;2,6;erkély
Ipar dűlő;1,1;1,4;WC
Gomba utca;2,5;4,3;háló
Vándor köz;2;2,8;erkély
Zárda utca;2,8;2,2;terasz
Orgona sor;4,4;3,6;háló
Lomnici utca;2,9;3,2;háló
Tas utca;0,8;0,9;kamra
Barcaság utca;4,1;2,9;konyha
Regina utca;4,1;2,8;háló
Pihenő utca;3,5;3,4;konyha
Páfrány utca;2,7;2,4;háló
Mocsáry Lajos utca;4,4;4,1;háló
Medok utca;3,7;1,9;kamra
Körtvélyes utca;2,7;4,4;háló
Kereskedő köz;2,4;2,4;dolgozószoba
Benczúr Gyula utca;2,7;3,8;kamra
Vályogos utca;4,6;4,9;nappali
Fácán utca;2,3;3,2;háló
Nagy Lajos utca;1,7;2,2;gardrób
Felhő utca;2,2;1,3;erkély
Kétmalom utca;3,9;2,8;háló
Vécsey utca;3,7;3,3;háló
Törő utca;4;3,7;nappali
Ráchegy utca;3;2,5;háló
Kisfenyves utca;5,5;5;nappali
Ambrus utca;3,4;4,7;háló
Ujjaskosbor utca;2,3;3,6;háló
Remenyik Zsigmond utca;1,3;1;WC
Árnyas utca;4,5;3,2;konyha
Boszorkánysziget utca;2,4;2,4;háló
Honvéd utca;2,9;2,7;fürdőszoba
Olajfa utca;1,7;1,2;WC
Méheskert utca;4,5;4;háló
Nagy-Eged utca;5;5,9;nappali
Küküllői utca;2,1;1,6;gardrób
Föld utca;3,6;3,5;háló
Harangos utca;2,3;3,7;konyha
Gomba utca;3,3;2,4;fürdőszoba
Bölcsőde utca;2,9;3,2;fürdőszoba
Kard utca;5,1;5,4;nappali
Karinthy Frigyes utca;5,4;6,4;nappali
Hegyköz utca;1,7;1,9;kamra
Szólát utca;2,9;2,6;konyha
Szikigyakor utca;3,9;2,1;háló
Kormosalma utca;4,8;3,1;háló
Lehel utca;3;2,1;gardrób
Guti utca;3,2;2,6;háló
Bölcsőde utca;2,1;4,3;háló
Harcos sor;2,8;3,5;terasz
Hegyköz utca;1,8;1,5;erkély
József Attila sugárút;4,2;3,8;fürdőszoba
Ambrus utca;5,2;6,3;nappali
Lőcsei utca;2,5;2,4;fürdőszoba
Mécsvirág utca;4,1;3,2;háló
Apafi utca;3,7;4,5;nappali
Határőr utca;3,3;3,6;fürdőszoba
Károli Gáspár utca;4,2;2,2;háló
Remenyik Zsigmond utca;3,9;3,2;konyha
Völgyérhát utca;5,5;6;nappali
Hungária utca;2,3;3,6;fürdőszoba
Felhő utca;3;3,5;fürdőszoba
Küküllő utca;3,4;4;mosókonyha
Havasigyopár utca;3,8;3,6;fürdőszoba
Kincseshegy utca;4,2;3,7;nappali
Perczel Mór utca;1,2;1,8;erkély
Földibodza utca;2,7;2,5;fürdőszoba
Victor Hugo utca;3,8;3;mosókonyha
Gilice köz;2,5;2,2;háló
Medok utca;3,2;4,3;fürdőszoba
Olajfa utca;4,3;4,5;háló
Mezőhegyi út;3,9;2,2;konyha
Rebarbara utca;2,6;3,6;háló
Káka utca;4,3;5,9;nappali
Basahíd utca;2,2;2,5;háló
Nadályfű utca;1,5;1,2;WC
Palicsi utca;2,6;2,1;fürdőszoba
Nyugati sor;1,5;2;WC
Mata János utca;4,4;3,1;konyha
Harkály utca;3,7;3,6;háló
Arad utca;2,8;5,9;konyha
Regina utca;2,9;4,6;fürdőszoba
Gyimesi utca;3,9;2,8;kamra
Május 1. utca;2,1;2,2;erkély
Merkúr utca;2,6;2,8;háló
Pók utca;2,5;4;fürdőszoba
Mester utca;2,5;3,7;fürdőszoba
Tölgy utca;2,8;3,1;háló
Tárkony utca;3,7;3,5;háló
Pinty utca;4,2;4,9;fürdőszoba
Madár utca;3,2;3,2;konyha
Hortenzia utca;2,6;3,6;fürdőszoba
Balabás utca;2,3;1,8;gardrób
Gábor Áron utca;3,2;3;háló
Lámpás utca;2,5;3,4;háló
Victor Hugo utca;3,2;3,2;kamra
József Attila sugárút;2,4;4;mosókonyha
Martinovics utca;3,6;3,5;dolgozószoba
Tölgy utca;1,6;1;WC
Kapisztrán út;2,1;2;háló
Pinty utca;2,6;2,6;erkély
Rendező tér;2,7;2,1;erkély
Kisvölgy utca;2,5;3,3;háló
Hangyás köz;4,2;4,4;nappali
Gomba utca;5,2;4,1;nappali
Zárda utca;2,1;2,5;gardrób
Ostoros utca;1,6;1,7;kamra
Jázmin utca;2,8;4,1;konyha
Akácfa utca;1;1,6;WC
Jégmadár utca;2,5;3,8;fürdőszoba
Bethlen Gábor utca;2,3;2,6;fürdőszoba
Tócópart utca;1,9;2,1;kamra
Balaton utca;1,9;2;gardrób
Balzsamfű utca;3,8;3,3;konyha
Libatop utca;3,8;3,6;háló
Zólyom utca;2,6;3,9;konyha
Pacsirta utca;2,7;2,1;konyha
Öreghegyi utca;3,6;2,6;háló
Szalapart utca;2;2,2;dolgozószoba
Balzsamfű utca;3,7;2,7;háló
Törő utca;2,7;2,5;háló
Vajdahunyad utca;1,5;1,4;WC
Vágóhíd utca;1,7;1,8;kamra
Március 15-e utca;1;1,1;WC
Hegyközség utca;1,6;1,1;kamra
Ráchegy utca;3,6;2,7;fürdőszoba
Kozma utca;2,1;3,5;dolgozószoba
Lévai Béla utca;1,4;1,1;WC
Átrium köz;3,7;2,5;kamra
Kisszőlő utca;1,9;2;gardrób
Pék utca;2,2;2,2;konyha
Hentes utca;3,3;3,3;fürdőszoba
Leánder utca;2,6;2,6;dolgozószoba
Hatvan utca;3,8;3,4;terasz
Arad utca;6,9;6,1;nappali
Pitypang utca;2,9;4,6;konyha
Kormorán utca;1,9;2,7;kamra
Tóth Árpád utca;3,5;3,1;fürdőszoba
Mécsvirág utca;6;5,3;nappali
Árnyas utca;4,1;3,6;fürdőszoba
Ingovány utca;4,1;4,2;fürdőszoba
Emese utca;3,1;2,2;háló
Nyugati sor;2,9;3,2;háló
Zsombolyai utca;3,1;2,3;konyha
Nagyhát utca;3,3;3,1;terasz
Nagyecsed utca;3,3;2,2;kamra
Kecsege utca;2;1,3;erkély
Harangos utca;3,7;4,7;nappali
Hortenzia utca;4,7;5,9;nappali
Leányszállás köz;2,9;2,4;háló
Gyulafehérvári utca;4,8;5,8;nappali
Czibula utca;4,7;5,6;konyha
Remenyik Zsigmond utca;2,3;2,8;háló
Kadét utca;2,3;3,8;dolgozószoba
Csörsz utca;3,9;3,6;háló
Múzeum utca;2,7;2,8;erkély
Tükrösszív utca;5;3,7;háló
Berlini körút;3,2;3,8;kamra
Rózsavölgy utca;1,3;1,2;WC
Vízimolnár utca;4,8;2,1;konyha
Boroszlán utca;3,9;3;konyha
Orgona sor;1,1;1,1;WC
Limány köz;3,4;3,7;háló
Victor Hugo utca;3,9;3,7;dolgozószoba
Tábornok utca;2,5;2,3;fürdőszoba
Bartók Béla út;2,1;2,3;erkély
Ambrus utca;1,7;1,5;WC
Ág utca;4,6;2,6;fürdőszoba
Rézvirág utca;2,5;3,3;dolgozószoba
Odú utca;3,6;2,4;háló
Tőzsér utca;3,9;3,9;háló
Péterfia dűlő;1,5;2,5;erkély
Bimbó utca;1;0,9;kamra
Ingovány utca;4,7;3,1;fürdőszoba
Turul utca;2,2;2,6;fürdőszoba
Mocsáry Lajos utca;2,6;2,5;fürdőszoba
Dózsa köz;2,8;2,6;háló
Monostorerdő köz;2,9;4;háló
Téglagyár utca;3,2;3,2;háló
Ág utca;1,3;1,1;WC
Bánki Donát utca;2,6;2,6;fürdőszoba
Hattyas utca;2,4;2,3;terasz
Liliomkert utca;2,9;3,4;terasz
Tyukod utca;1,8;1,7;gardrób
Odú utca;3,9;2,5;háló
Pacsirta utca;0,9;0,8;kamra
Homoródi utca;3,5;3,5;háló
Tüzép köz;2,8;2,5;fürdőszoba
Függetlenség utca;1,9;1,5;kamra
Agyagos utca;5,3;3,9;nappali
Tüzép köz;3,9;2,1;háló
Barátság utca;1,4;1,2;WC
Mécsvirág utca;2,7;3,5;terasz
Szatymazi utca;1,2;1,3;WC
Kormorán utca;5,3;6;nappali
Rézvirág utca;3,5;2,8;gardrób
Gorkij utca;2,4;4,6;fürdőszoba
Ormós Lajos utca;2,2;2,6;fürdőszoba
Medok utca;3,2;3,3;háló
Radnóti utca;1,2;1,9;kamra
Olajfa utca;2,9;3,5;konyha
Csemete utca;2,5;2,8;háló
Május 1. utca;1,2;1,6;kamra
Medok utca;5,1;4,4;nappali
Kölcsey Ferenc utca;3,6;1,6;kamra
Olajfa utca;6,7;5,9;nappali
Piroska tér;2,4;2,2;dolgozószoba
Mályva utca;1,1;1,9;WC
Hajnalcsillag utca;2,6;2,3;konyha
Hatvan utca;4,7;3,6;háló
Trafó köz;3,7;3,5;mosókonyha
